"date","kWh_total","n_users","hdd_mean","cdd_mean","tmed_mean","any_holiday","coverage_ref_n_users","coverage_pct","coverage_ok","terminal_invalid","retained_for_forecast","coverage_rule"
2015-12-31,6.33400002121925,1,9.4,0,5.6,0,NA,NA,TRUE,FALSE,TRUE,"n_users >= 85.0% de la mediana movil previa de 29 dias"
2016-01-01,3.6039999909699,1,8.4,0,6.6,1,1,100,TRUE,FALSE,TRUE,"n_users >= 85.0% de la mediana movil previa de 29 dias"
2016-01-02,4.4239999987185,1,8.5,0,6.5,0,1,100,TRUE,FALSE,TRUE,"n_users >= 85.0% de la mediana movil previa de 29 dias"
2016-01-03,3.73600003123283,1,6.4,0,8.6,0,1,100,TRUE,FALSE,TRUE,"n_users >= 85.0% de la mediana movil previa de 29 dias"
2016-01-04,6.48499995097518,1,7.2,0,7.8,0,1,100,TRUE,FALSE,TRUE,"n_users >= 85.0% de la mediana movil previa de 29 dias"
2016-01-05,4.15500006079674,1,10.2,0,4.8,0,1,100,TRUE,FALSE,TRUE,"n_users >= 85.0% de la mediana movil previa de 29 dias"
2016-01-06,5.30999998003244,1,7.5,0,7.5,1,1,100,TRUE,FALSE,TRUE,"n_users >= 85.0% de la mediana movil previa de 29 dias"
2016-01-07,6.55399993807077,1,1.8,0,13.2,0,1,100,TRUE,FALSE,TRUE,"n_users >= 85.0% de la mediana movil previa de 29 dias"
2016-01-08,4.24800001457334,1,2,0,13,0,1,100,TRUE,FALSE,TRUE,"n_users >= 85.0% de la mediana movil previa de 29 dias"
2016-01-09,7.85000000149012,1,4.2,0,10.8,0,1,100,TRUE,FALSE,TRUE,"n_users >= 85.0% de la mediana movil previa de 29 dias"
2016-01-10,5.51600004732609,1,4.2,0,10.8,0,1,100,TRUE,FALSE,TRUE,"n_users >= 85.0% de la mediana movil previa de 29 dias"
2016-01-11,7.73300001397729,1,6.1,0,8.9,0,1,100,TRUE,FALSE,TRUE,"n_users >= 85.0% de la mediana movil previa de 29 dias"
2016-01-12,4.84499999508262,1,9.7,0,5.3,0,1,100,TRUE,FALSE,TRUE,"n_users >= 85.0% de la mediana movil previa de 29 dias"
2016-01-13,6.04099994152784,1,12.6,0,2.4,0,1,100,TRUE,FALSE,TRUE,"n_users >= 85.0% de la mediana movil previa de 29 dias"
2016-01-14,7.85000003874302,1,7.5,0,7.5,0,1,100,TRUE,FALSE,TRUE,"n_users >= 85.0% de la mediana movil previa de 29 dias"
2016-01-15,5.08900000527501,1,11.4,0,3.6,0,1,100,TRUE,FALSE,TRUE,"n_users >= 85.0% de la mediana movil previa de 29 dias"
2016-01-16,6.80400005728006,1,12,0,3,0,1,100,TRUE,FALSE,TRUE,"n_users >= 85.0% de la mediana movil previa de 29 dias"
2016-01-17,4.25200002267957,1,12.6,0,2.4,0,1,100,TRUE,FALSE,TRUE,"n_users >= 85.0% de la mediana movil previa de 29 dias"
2016-01-18,2.82700000889599,1,9.6,0,5.4,0,1,100,TRUE,FALSE,TRUE,"n_users >= 85.0% de la mediana movil previa de 29 dias"
2016-01-19,2.7700000051409,1,10.7,0,4.3,0,1,100,TRUE,FALSE,TRUE,"n_users >= 85.0% de la mediana movil previa de 29 dias"
2016-01-20,2.80800003558397,1,9.8,0,5.2,0,1,100,TRUE,FALSE,TRUE,"n_users >= 85.0% de la mediana movil previa de 29 dias"
2016-01-21,2.16000001132488,1,10,0,5,0,1,100,TRUE,FALSE,TRUE,"n_users >= 85.0% de la mediana movil previa de 29 dias"
2016-01-22,3.19399999640882,1,7.6,0,7.4,0,1,100,TRUE,FALSE,TRUE,"n_users >= 85.0% de la mediana movil previa de 29 dias"
2016-01-23,3.26900001242757,1,4.2,0,10.8,0,1,100,TRUE,FALSE,TRUE,"n_users >= 85.0% de la mediana movil previa de 29 dias"
2016-01-24,3.94400002248585,1,7,0,8,0,1,100,TRUE,FALSE,TRUE,"n_users >= 85.0% de la mediana movil previa de 29 dias"
2016-01-25,2.29700002074242,1,6,0,9,0,1,100,TRUE,FALSE,TRUE,"n_users >= 85.0% de la mediana movil previa de 29 dias"
2016-01-26,2.74399998784065,1,7.1,0,7.9,0,1,100,TRUE,FALSE,TRUE,"n_users >= 85.0% de la mediana movil previa de 29 dias"
2016-01-27,3.41400003246963,1,6.1,0,8.9,0,1,100,TRUE,FALSE,TRUE,"n_users >= 85.0% de la mediana movil previa de 29 dias"
2016-01-28,2.33199998736382,1,8,0,7,0,1,100,TRUE,FALSE,TRUE,"n_users >= 85.0% de la mediana movil previa de 29 dias"
2016-01-29,2.86899999901652,1,10.1,0,4.9,0,1,100,TRUE,FALSE,TRUE,"n_users >= 85.0% de la mediana movil previa de 29 dias"
2016-01-30,2.63099999167025,1,10,0,5,0,1,100,TRUE,FALSE,TRUE,"n_users >= 85.0% de la mediana movil previa de 29 dias"
2016-01-31,2.28200001269579,1,5.2,0,9.8,0,1,100,TRUE,FALSE,TRUE,"n_users >= 85.0% de la mediana movil previa de 29 dias"
2016-02-01,3.21100001037121,1,6.2,0,8.8,0,1,100,TRUE,FALSE,TRUE,"n_users >= 85.0% de la mediana movil previa de 29 dias"
2016-02-02,3.38899997621775,1,7.2,0,7.8,0,1,100,TRUE,FALSE,TRUE,"n_users >= 85.0% de la mediana movil previa de 29 dias"
2016-02-03,2.86000003106892,1,8.9,0,6.1,0,1,100,TRUE,FALSE,TRUE,"n_users >= 85.0% de la mediana movil previa de 29 dias"
2016-02-04,2.90400001779199,1,10.2,0,4.8,0,1,100,TRUE,FALSE,TRUE,"n_users >= 85.0% de la mediana movil previa de 29 dias"
2016-02-05,3.19699999317527,1,10.4,0,4.6,0,1,100,TRUE,FALSE,TRUE,"n_users >= 85.0% de la mediana movil previa de 29 dias"
2016-02-06,3.12299998477101,1,9.4,0,5.6,0,1,100,TRUE,FALSE,TRUE,"n_users >= 85.0% de la mediana movil previa de 29 dias"
2016-02-07,4.03100001439452,1,9.2,0,5.8,0,1,100,TRUE,FALSE,TRUE,"n_users >= 85.0% de la mediana movil previa de 29 dias"
2016-02-08,3.8600000012666,1,4,0,11,0,1,100,TRUE,FALSE,TRUE,"n_users >= 85.0% de la mediana movil previa de 29 dias"
2016-02-09,2.15999999642372,1,4.5,0,10.5,0,1,100,TRUE,FALSE,TRUE,"n_users >= 85.0% de la mediana movil previa de 29 dias"
2016-02-10,3.01400001719594,1,8.9,0,6.1,0,1,100,TRUE,FALSE,TRUE,"n_users >= 85.0% de la mediana movil previa de 29 dias"
2016-02-11,2.51599999517202,1,8.1,0,6.9,0,1,100,TRUE,FALSE,TRUE,"n_users >= 85.0% de la mediana movil previa de 29 dias"
2016-02-12,2.51099997572601,1,5,0,10,0,1,100,TRUE,FALSE,TRUE,"n_users >= 85.0% de la mediana movil previa de 29 dias"
2016-02-13,2.11199999600649,1,2.6,0,12.4,0,1,100,TRUE,FALSE,TRUE,"n_users >= 85.0% de la mediana movil previa de 29 dias"
2016-02-14,1.41100001893938,1,10,0,5,0,1,100,TRUE,FALSE,TRUE,"n_users >= 85.0% de la mediana movil previa de 29 dias"
2016-02-15,3.02599999774247,1,11.8,0,3.2,0,1,100,TRUE,FALSE,TRUE,"n_users >= 85.0% de la mediana movil previa de 29 dias"
2016-02-16,2.57099999394268,1,12.8,0,2.2,0,1,100,TRUE,FALSE,TRUE,"n_users >= 85.0% de la mediana movil previa de 29 dias"
2016-02-17,2.6210000179708,1,14.6,0,0.4,0,1,100,TRUE,FALSE,TRUE,"n_users >= 85.0% de la mediana movil previa de 29 dias"
2016-02-18,3.01100000366569,1,11,0,4,0,1,100,TRUE,FALSE,TRUE,"n_users >= 85.0% de la mediana movil previa de 29 dias"
2016-02-19,3.49699998646975,1,11.3,0,3.7,0,1,100,TRUE,FALSE,TRUE,"n_users >= 85.0% de la mediana movil previa de 29 dias"
2016-02-20,1.95500000938773,1,9.6,0,5.4,0,1,100,TRUE,FALSE,TRUE,"n_users >= 85.0% de la mediana movil previa de 29 dias"
2016-02-21,3.08099998906255,1,8,0,7,0,1,100,TRUE,FALSE,TRUE,"n_users >= 85.0% de la mediana movil previa de 29 dias"
2016-02-22,3.62500002235174,1,7.7,0,7.3,0,1,100,TRUE,FALSE,TRUE,"n_users >= 85.0% de la mediana movil previa de 29 dias"
2016-02-23,2.20099998917431,1,7.2,0,7.8,0,1,100,TRUE,FALSE,TRUE,"n_users >= 85.0% de la mediana movil previa de 29 dias"
2016-02-24,2.79900001268834,1,8.8,0,6.2,0,1,100,TRUE,FALSE,TRUE,"n_users >= 85.0% de la mediana movil previa de 29 dias"
2016-02-25,3.50000002328306,1,7.2,0,7.8,0,1,100,TRUE,FALSE,TRUE,"n_users >= 85.0% de la mediana movil previa de 29 dias"
2016-02-26,2.74199998937547,1,8.7,0,6.3,0,1,100,TRUE,FALSE,TRUE,"n_users >= 85.0% de la mediana movil previa de 29 dias"
2016-02-27,3.13500001654029,1,12.2,0,2.8,0,1,100,TRUE,FALSE,TRUE,"n_users >= 85.0% de la mediana movil previa de 29 dias"
2016-02-28,2.4779999833554,1,9.2,0,5.8,0,1,100,TRUE,FALSE,TRUE,"n_users >= 85.0% de la mediana movil previa de 29 dias"
2016-02-29,2.30100001394749,1,9.1,0,5.9,0,1,100,TRUE,FALSE,TRUE,"n_users >= 85.0% de la mediana movil previa de 29 dias"
2016-03-01,2.80399999581277,1,6.8,0,8.2,0,1,100,TRUE,FALSE,TRUE,"n_users >= 85.0% de la mediana movil previa de 29 dias"
2016-03-02,2.28800003789365,1,7.9,0,7.1,0,1,100,TRUE,FALSE,TRUE,"n_users >= 85.0% de la mediana movil previa de 29 dias"
2016-03-03,2.68200000282377,1,10.4,0,4.6,0,1,100,TRUE,FALSE,TRUE,"n_users >= 85.0% de la mediana movil previa de 29 dias"
2016-03-04,2.57599999755621,1,8.2,0,6.8,0,1,100,TRUE,FALSE,TRUE,"n_users >= 85.0% de la mediana movil previa de 29 dias"
2016-03-05,4.27800001204014,1,11.3,0,3.7,0,1,100,TRUE,FALSE,TRUE,"n_users >= 85.0% de la mediana movil previa de 29 dias"
2016-03-06,3.87900002673268,1,11.2,0,3.8,0,1,100,TRUE,FALSE,TRUE,"n_users >= 85.0% de la mediana movil previa de 29 dias"
2016-03-07,2.98999997600913,1,10.1,0,4.9,0,1,100,TRUE,FALSE,TRUE,"n_users >= 85.0% de la mediana movil previa de 29 dias"
2016-03-08,2.64200001955032,1,10.2,0,4.8,0,1,100,TRUE,FALSE,TRUE,"n_users >= 85.0% de la mediana movil previa de 29 dias"
2016-03-09,2.26600003242493,1,9.5,0,5.5,0,1,100,TRUE,FALSE,TRUE,"n_users >= 85.0% de la mediana movil previa de 29 dias"
2016-03-10,2.68399998359382,1,10.4,0,4.6,0,1,100,TRUE,FALSE,TRUE,"n_users >= 85.0% de la mediana movil previa de 29 dias"
2016-03-11,3.59499998390675,1,9.8,0,5.2,0,1,100,TRUE,FALSE,TRUE,"n_users >= 85.0% de la mediana movil previa de 29 dias"
2016-03-12,1.45200000889599,1,9.5,0,5.5,0,1,100,TRUE,FALSE,TRUE,"n_users >= 85.0% de la mediana movil previa de 29 dias"
2016-03-13,1.21300000045449,1,8.3,0,6.7,0,1,100,TRUE,FALSE,TRUE,"n_users >= 85.0% de la mediana movil previa de 29 dias"
2016-03-14,3.73000000696629,1,11.8,0,3.2,0,1,100,TRUE,FALSE,TRUE,"n_users >= 85.0% de la mediana movil previa de 29 dias"
2016-03-15,2.37599999271333,1,9.6,0,5.4,0,1,100,TRUE,FALSE,TRUE,"n_users >= 85.0% de la mediana movil previa de 29 dias"
2016-03-16,2.62899995595217,1,11.3,0,3.7,0,1,100,TRUE,FALSE,TRUE,"n_users >= 85.0% de la mediana movil previa de 29 dias"
2016-03-17,3.37399998586625,1,9.6,0,5.4,0,1,100,TRUE,FALSE,TRUE,"n_users >= 85.0% de la mediana movil previa de 29 dias"
2016-03-18,2.2540000025183,1,8.6,0,6.4,0,1,100,TRUE,FALSE,TRUE,"n_users >= 85.0% de la mediana movil previa de 29 dias"
2016-03-19,2.97599999606609,1,7,0,8,0,1,100,TRUE,FALSE,TRUE,"n_users >= 85.0% de la mediana movil previa de 29 dias"
2016-03-20,3.88400000706315,1,5.6,0,9.4,0,1,100,TRUE,FALSE,TRUE,"n_users >= 85.0% de la mediana movil previa de 29 dias"
2016-03-21,3.0739999897778,1,7,0,8,0,1,100,TRUE,FALSE,TRUE,"n_users >= 85.0% de la mediana movil previa de 29 dias"
2016-03-22,3.05499999970198,1,8.1,0,6.9,0,1,100,TRUE,FALSE,TRUE,"n_users >= 85.0% de la mediana movil previa de 29 dias"
2016-03-23,3.32899997569621,1,8.9,0,6.1,0,1,100,TRUE,FALSE,TRUE,"n_users >= 85.0% de la mediana movil previa de 29 dias"
2016-03-24,1.43999999761581,1,7.4,0,7.6,1,1,100,TRUE,FALSE,TRUE,"n_users >= 85.0% de la mediana movil previa de 29 dias"
2016-03-25,0.837000001221895,1,8.4,0,6.6,1,1,100,TRUE,FALSE,TRUE,"n_users >= 85.0% de la mediana movil previa de 29 dias"
2016-03-26,0.833000004291534,1,1.8,0,13.2,0,1,100,TRUE,FALSE,TRUE,"n_users >= 85.0% de la mediana movil previa de 29 dias"
2016-03-27,0.820000004023314,1,6.4,0,8.6,0,1,100,TRUE,FALSE,TRUE,"n_users >= 85.0% de la mediana movil previa de 29 dias"
2016-03-28,1.41999999992549,1,3.2,0,11.8,1,1,100,TRUE,FALSE,TRUE,"n_users >= 85.0% de la mediana movil previa de 29 dias"
2016-03-29,3.47399997711182,1,3,0,12,0,1,100,TRUE,FALSE,TRUE,"n_users >= 85.0% de la mediana movil previa de 29 dias"
2016-03-30,3.02399997785687,1,2.2,0,12.8,0,1,100,TRUE,FALSE,TRUE,"n_users >= 85.0% de la mediana movil previa de 29 dias"
2016-03-31,4.10000001452863,1,9.2,0,5.8,0,1,100,TRUE,FALSE,TRUE,"n_users >= 85.0% de la mediana movil previa de 29 dias"
2016-04-01,2.46800001338124,1,9.2,0,5.8,0,1,100,TRUE,FALSE,TRUE,"n_users >= 85.0% de la mediana movil previa de 29 dias"
2016-04-02,4.36200000531971,1,8,0,7,0,1,100,TRUE,FALSE,TRUE,"n_users >= 85.0% de la mediana movil previa de 29 dias"
2016-04-03,3.55499998852611,1,7.5,0,7.5,0,1,100,TRUE,FALSE,TRUE,"n_users >= 85.0% de la mediana movil previa de 29 dias"
2016-04-04,4.30900003761053,1,6.3,0,8.7,0,1,100,TRUE,FALSE,TRUE,"n_users >= 85.0% de la mediana movil previa de 29 dias"
2016-04-05,3.97100001201034,1,7.2,0,7.8,0,1,100,TRUE,FALSE,TRUE,"n_users >= 85.0% de la mediana movil previa de 29 dias"
2016-04-06,2.51800001598895,1,5.8,0,9.2,0,1,100,TRUE,FALSE,TRUE,"n_users >= 85.0% de la mediana movil previa de 29 dias"
2016-04-07,3.67100008018315,1,8.2,0,6.8,0,1,100,TRUE,FALSE,TRUE,"n_users >= 85.0% de la mediana movil previa de 29 dias"
2016-04-08,2.86200000345707,1,10.2,0,4.8,0,1,100,TRUE,FALSE,TRUE,"n_users >= 85.0% de la mediana movil previa de 29 dias"
2016-04-09,3.0899999961257,1,7,0,8,0,1,100,TRUE,FALSE,TRUE,"n_users >= 85.0% de la mediana movil previa de 29 dias"
2016-04-10,2.71699998807162,1,5.2,0,9.8,0,1,100,TRUE,FALSE,TRUE,"n_users >= 85.0% de la mediana movil previa de 29 dias"
2016-04-11,2.48900001309812,1,6.1,0,8.9,0,1,100,TRUE,FALSE,TRUE,"n_users >= 85.0% de la mediana movil previa de 29 dias"
2016-04-12,2.59400001261383,1,6.5,0,8.5,0,1,100,TRUE,FALSE,TRUE,"n_users >= 85.0% de la mediana movil previa de 29 dias"
2016-04-13,3.09299998171628,1,5.4,0,9.6,0,1,100,TRUE,FALSE,TRUE,"n_users >= 85.0% de la mediana movil previa de 29 dias"
2016-04-14,3.82800004072487,1,2.8,0,12.2,0,1,100,TRUE,FALSE,TRUE,"n_users >= 85.0% de la mediana movil previa de 29 dias"
2016-04-15,3.48700001463294,1,0,0,15.4,0,1,100,TRUE,FALSE,TRUE,"n_users >= 85.0% de la mediana movil previa de 29 dias"
2016-04-16,4.19400002993643,1,2.6,0,12.4,0,1,100,TRUE,FALSE,TRUE,"n_users >= 85.0% de la mediana movil previa de 29 dias"
2016-04-17,3.54800000600517,1,4.3,0,10.7,0,1,100,TRUE,FALSE,TRUE,"n_users >= 85.0% de la mediana movil previa de 29 dias"
2016-04-18,3.14300000481308,1,4.2,0,10.8,0,1,100,TRUE,FALSE,TRUE,"n_users >= 85.0% de la mediana movil previa de 29 dias"
2016-04-19,2.21700001414865,1,4.8,0,10.2,0,1,100,TRUE,FALSE,TRUE,"n_users >= 85.0% de la mediana movil previa de 29 dias"
2016-04-20,2.39700000360608,1,2.1,0,12.9,0,1,100,TRUE,FALSE,TRUE,"n_users >= 85.0% de la mediana movil previa de 29 dias"
2016-04-21,2.59400000423193,1,3.2,0,11.8,0,1,100,TRUE,FALSE,TRUE,"n_users >= 85.0% de la mediana movil previa de 29 dias"
2016-04-22,2.40899999253452,1,5.2,0,9.8,0,1,100,TRUE,FALSE,TRUE,"n_users >= 85.0% de la mediana movil previa de 29 dias"
2016-04-23,2.12400000169873,1,5,0,10,0,1,100,TRUE,FALSE,TRUE,"n_users >= 85.0% de la mediana movil previa de 29 dias"
2016-04-24,2.47500000149012,1,8,0,7,0,1,100,TRUE,FALSE,TRUE,"n_users >= 85.0% de la mediana movil previa de 29 dias"
2016-04-25,1.99499998986721,1,7.6,0,7.4,0,1,100,TRUE,FALSE,TRUE,"n_users >= 85.0% de la mediana movil previa de 29 dias"
2016-04-26,2.30999995116144,1,6.1,0,8.9,0,1,100,TRUE,FALSE,TRUE,"n_users >= 85.0% de la mediana movil previa de 29 dias"
2016-04-27,2.4850000217557,1,6.2,0,8.8,0,1,100,TRUE,FALSE,TRUE,"n_users >= 85.0% de la mediana movil previa de 29 dias"
2016-04-28,1.6069999774918,1,8.6,0,6.4,0,1,100,TRUE,FALSE,TRUE,"n_users >= 85.0% de la mediana movil previa de 29 dias"
2016-04-29,1.61800001189113,1,6.4,0,8.6,0,1,100,TRUE,FALSE,TRUE,"n_users >= 85.0% de la mediana movil previa de 29 dias"
2016-04-30,3.6379999704659,1,8,0,7,0,1,100,TRUE,FALSE,TRUE,"n_users >= 85.0% de la mediana movil previa de 29 dias"
2016-05-01,1.91799999773502,1,8,0,7,0,1,100,TRUE,FALSE,TRUE,"n_users >= 85.0% de la mediana movil previa de 29 dias"
2016-05-02,2.14199997857213,1,7,0,8,1,1,100,TRUE,FALSE,TRUE,"n_users >= 85.0% de la mediana movil previa de 29 dias"
2016-05-03,2.06299997493625,1,5.9,0,9.1,0,1,100,TRUE,FALSE,TRUE,"n_users >= 85.0% de la mediana movil previa de 29 dias"
2016-05-04,1.53300000727177,1,1.4,0,13.6,0,1,100,TRUE,FALSE,TRUE,"n_users >= 85.0% de la mediana movil previa de 29 dias"
2016-05-05,2.87399998586625,1,0,0,15.6,0,1,100,TRUE,FALSE,TRUE,"n_users >= 85.0% de la mediana movil previa de 29 dias"
2016-05-06,2.7180000282824,1,0,0,15.8,0,1,100,TRUE,FALSE,TRUE,"n_users >= 85.0% de la mediana movil previa de 29 dias"
2016-05-07,2.76499998755753,1,0,0,15.4,0,1,100,TRUE,FALSE,TRUE,"n_users >= 85.0% de la mediana movil previa de 29 dias"
2016-05-08,1.341000020504,1,0.6,0,14.4,0,1,100,TRUE,FALSE,TRUE,"n_users >= 85.0% de la mediana movil previa de 29 dias"
2016-05-09,2.45800000429153,1,0,0,15.2,0,1,100,TRUE,FALSE,TRUE,"n_users >= 85.0% de la mediana movil previa de 29 dias"
2016-05-10,2.06199999526143,1,1,0,14,0,1,100,TRUE,FALSE,TRUE,"n_users >= 85.0% de la mediana movil previa de 29 dias"
2016-05-11,1.05799999926239,1,2.1,0,12.9,0,1,100,TRUE,FALSE,TRUE,"n_users >= 85.0% de la mediana movil previa de 29 dias"
2016-05-12,1.83599999733269,1,3.6,0,11.4,0,1,100,TRUE,FALSE,TRUE,"n_users >= 85.0% de la mediana movil previa de 29 dias"
2016-05-13,3.24300001561642,1,3.8,0,11.2,0,1,100,TRUE,FALSE,TRUE,"n_users >= 85.0% de la mediana movil previa de 29 dias"
2016-05-14,2.19199999049306,1,1.2,0,13.8,0,1,100,TRUE,FALSE,TRUE,"n_users >= 85.0% de la mediana movil previa de 29 dias"
2016-05-15,2.80900002457201,1,2,0,13,0,1,100,TRUE,FALSE,TRUE,"n_users >= 85.0% de la mediana movil previa de 29 dias"
2016-05-16,2.11599999759346,1,3,0,12,0,1,100,TRUE,FALSE,TRUE,"n_users >= 85.0% de la mediana movil previa de 29 dias"
2016-05-17,2.46199998259544,1,1.9,0,13.1,0,1,100,TRUE,FALSE,TRUE,"n_users >= 85.0% de la mediana movil previa de 29 dias"
2016-05-18,2.25600001588464,1,0.5,0,14.5,0,1,100,TRUE,FALSE,TRUE,"n_users >= 85.0% de la mediana movil previa de 29 dias"
2016-05-19,3.1950000282377,1,2.4,0,12.6,0,1,100,TRUE,FALSE,TRUE,"n_users >= 85.0% de la mediana movil previa de 29 dias"
2016-05-20,2.7170000039041,1,0,0,18.6,0,1,100,TRUE,FALSE,TRUE,"n_users >= 85.0% de la mediana movil previa de 29 dias"
2016-05-21,1.74199999496341,1,0,0,17.6,0,1,100,TRUE,FALSE,TRUE,"n_users >= 85.0% de la mediana movil previa de 29 dias"
2016-05-22,1.76400001719594,1,5.2,0,9.8,0,1,100,TRUE,FALSE,TRUE,"n_users >= 85.0% de la mediana movil previa de 29 dias"
2016-05-23,1.86599998921156,1,5,0,10,0,1,100,TRUE,FALSE,TRUE,"n_users >= 85.0% de la mediana movil previa de 29 dias"
2016-05-24,2.00900001451373,1,0,0,15.2,0,1,100,TRUE,FALSE,TRUE,"n_users >= 85.0% de la mediana movil previa de 29 dias"
2016-05-25,2.10600002668798,1,0,0,17.6,0,1,100,TRUE,FALSE,TRUE,"n_users >= 85.0% de la mediana movil previa de 29 dias"
2016-05-26,1.86700000055134,1,0,0,17.8,0,1,100,TRUE,FALSE,TRUE,"n_users >= 85.0% de la mediana movil previa de 29 dias"
2016-05-27,1.73900001309812,1,0,0,17.8,0,1,100,TRUE,FALSE,TRUE,"n_users >= 85.0% de la mediana movil previa de 29 dias"
2016-05-28,2.12100001052022,1,0,0,16.6,0,1,100,TRUE,FALSE,TRUE,"n_users >= 85.0% de la mediana movil previa de 29 dias"
2016-05-29,1.77200000733137,1,0.0999999999999996,0,14.9,0,1,100,TRUE,FALSE,TRUE,"n_users >= 85.0% de la mediana movil previa de 29 dias"
2016-05-30,1.93999999575317,1,1.1,0,13.9,0,1,100,TRUE,FALSE,TRUE,"n_users >= 85.0% de la mediana movil previa de 29 dias"
2016-05-31,2.22599998489022,1,1.9,0,13.1,0,1,100,TRUE,FALSE,TRUE,"n_users >= 85.0% de la mediana movil previa de 29 dias"
2016-06-01,1.98000000603497,1,2.6,0,12.4,0,1,100,TRUE,FALSE,TRUE,"n_users >= 85.0% de la mediana movil previa de 29 dias"
2016-06-02,2.06500001810491,1,0,0,15.8,0,1,100,TRUE,FALSE,TRUE,"n_users >= 85.0% de la mediana movil previa de 29 dias"
2016-06-03,1.80800001882017,1,0,0,19,0,1,100,TRUE,FALSE,TRUE,"n_users >= 85.0% de la mediana movil previa de 29 dias"
2016-06-04,2.87999998405576,1,0,0,16,0,1,100,TRUE,FALSE,TRUE,"n_users >= 85.0% de la mediana movil previa de 29 dias"
2016-06-05,2.07599999569356,1,0,0,18.2,0,1,100,TRUE,FALSE,TRUE,"n_users >= 85.0% de la mediana movil previa de 29 dias"
2016-06-06,1.73699999041855,1,0,0,18.4,0,1,100,TRUE,FALSE,TRUE,"n_users >= 85.0% de la mediana movil previa de 29 dias"
2016-06-07,2.81699998117983,1,0,0,18.7,0,1,100,TRUE,FALSE,TRUE,"n_users >= 85.0% de la mediana movil previa de 29 dias"
2016-06-08,2.06999997980893,1,0,0,20.6,0,1,100,TRUE,FALSE,TRUE,"n_users >= 85.0% de la mediana movil previa de 29 dias"
2016-06-09,2.17100002244115,1,0,0,20.2,0,1,100,TRUE,FALSE,TRUE,"n_users >= 85.0% de la mediana movil previa de 29 dias"
2016-06-10,1.97599999979138,1,0,0,15.1,0,1,100,TRUE,FALSE,TRUE,"n_users >= 85.0% de la mediana movil previa de 29 dias"
2016-06-11,2.28200000710785,1,0.6,0,14.4,0,1,100,TRUE,FALSE,TRUE,"n_users >= 85.0% de la mediana movil previa de 29 dias"
2016-06-12,2.03400002606213,1,0,0,16.8,0,1,100,TRUE,FALSE,TRUE,"n_users >= 85.0% de la mediana movil previa de 29 dias"
2016-06-13,2.42600001767278,1,0,0,19.4,0,1,100,TRUE,FALSE,TRUE,"n_users >= 85.0% de la mediana movil previa de 29 dias"
2016-06-14,3.28699998185039,1,0,0,17.6,0,1,100,TRUE,FALSE,TRUE,"n_users >= 85.0% de la mediana movil previa de 29 dias"
2016-06-15,2.13300001621246,1,0,0,15.1,0,1,100,TRUE,FALSE,TRUE,"n_users >= 85.0% de la mediana movil previa de 29 dias"
2016-06-16,2.47100001759827,1,1.7,0,13.3,0,1,100,TRUE,FALSE,TRUE,"n_users >= 85.0% de la mediana movil previa de 29 dias"
2016-06-17,1.85300000756979,1,2,0,13,0,1,100,TRUE,FALSE,TRUE,"n_users >= 85.0% de la mediana movil previa de 29 dias"
2016-06-18,1.34599999338388,1,2,0,13,0,1,100,TRUE,FALSE,TRUE,"n_users >= 85.0% de la mediana movil previa de 29 dias"
2016-06-19,1.28099999390543,1,0.800000000000001,0,14.2,0,1,100,TRUE,FALSE,TRUE,"n_users >= 85.0% de la mediana movil previa de 29 dias"
2016-06-20,1.53500000573695,1,0,0,16.5,0,1,100,TRUE,FALSE,TRUE,"n_users >= 85.0% de la mediana movil previa de 29 dias"
2016-06-21,1.65099999308586,1,0,0,20.7,0,1,100,TRUE,FALSE,TRUE,"n_users >= 85.0% de la mediana movil previa de 29 dias"
2016-06-22,1.47100000828505,1,0,2.4,24.4,0,1,100,TRUE,FALSE,TRUE,"n_users >= 85.0% de la mediana movil previa de 29 dias"
2016-06-23,1.5089999884367,1,0,2.3,24.3,0,1,100,TRUE,FALSE,TRUE,"n_users >= 85.0% de la mediana movil previa de 29 dias"
2016-06-24,1.89100001193583,1,0,0,17.9,0,1,100,TRUE,FALSE,TRUE,"n_users >= 85.0% de la mediana movil previa de 29 dias"
2016-06-25,2.21999999694526,1,0,0,15.5,0,1,100,TRUE,FALSE,TRUE,"n_users >= 85.0% de la mediana movil previa de 29 dias"
2016-06-26,2.28300000354648,1,1.6,0,13.4,0,1,100,TRUE,FALSE,TRUE,"n_users >= 85.0% de la mediana movil previa de 29 dias"
2016-06-27,1.65200002491474,1,0,0,17.1,0,1,100,TRUE,FALSE,TRUE,"n_users >= 85.0% de la mediana movil previa de 29 dias"
2016-06-28,1.61700001358986,1,0,0,17,0,1,100,TRUE,FALSE,TRUE,"n_users >= 85.0% de la mediana movil previa de 29 dias"
2016-06-29,2.08999998308718,1,0,0,15.7,0,1,100,TRUE,FALSE,TRUE,"n_users >= 85.0% de la mediana movil previa de 29 dias"
2016-06-30,1.76399998739362,1,0,0,18.4,0,1,100,TRUE,FALSE,TRUE,"n_users >= 85.0% de la mediana movil previa de 29 dias"
2016-07-01,1.55200000479817,1,0,0,17.3,0,1,100,TRUE,FALSE,TRUE,"n_users >= 85.0% de la mediana movil previa de 29 dias"
2016-07-02,1.55100000090897,1,0,0,15.8,0,1,100,TRUE,FALSE,TRUE,"n_users >= 85.0% de la mediana movil previa de 29 dias"
2016-07-03,1.71600000187755,1,0,0,16.3,0,1,100,TRUE,FALSE,TRUE,"n_users >= 85.0% de la mediana movil previa de 29 dias"
2016-07-04,1.82400000281632,1,0,0,19.1,0,1,100,TRUE,FALSE,TRUE,"n_users >= 85.0% de la mediana movil previa de 29 dias"
2016-07-05,2.07399998232722,1,0,0,19.7,0,1,100,TRUE,FALSE,TRUE,"n_users >= 85.0% de la mediana movil previa de 29 dias"
2016-07-06,2.25399999506772,1,0,0,22,0,1,100,TRUE,FALSE,TRUE,"n_users >= 85.0% de la mediana movil previa de 29 dias"
2016-07-07,1.78400001488626,1,0,1.6,23.6,0,1,100,TRUE,FALSE,TRUE,"n_users >= 85.0% de la mediana movil previa de 29 dias"
2016-07-08,2.46699999645352,1,0,0,21.2,0,1,100,TRUE,FALSE,TRUE,"n_users >= 85.0% de la mediana movil previa de 29 dias"
2016-07-09,1.26199999265373,1,0,0.399999999999999,22.4,0,1,100,TRUE,FALSE,TRUE,"n_users >= 85.0% de la mediana movil previa de 29 dias"
2016-07-10,2.21700001507998,1,0,0.600000000000001,22.6,0,1,100,TRUE,FALSE,TRUE,"n_users >= 85.0% de la mediana movil previa de 29 dias"
2016-07-11,1.97199999168515,1,0,0,18.6,0,1,100,TRUE,FALSE,TRUE,"n_users >= 85.0% de la mediana movil previa de 29 dias"
2016-07-12,1.32700001355261,1,0,0,17.1,0,1,100,TRUE,FALSE,TRUE,"n_users >= 85.0% de la mediana movil previa de 29 dias"
2016-07-13,2.12599997967482,1,0,0,15.3,0,1,100,TRUE,FALSE,TRUE,"n_users >= 85.0% de la mediana movil previa de 29 dias"
2016-07-14,1.94600000046194,1,1.2,0,13.8,0,1,100,TRUE,FALSE,TRUE,"n_users >= 85.0% de la mediana movil previa de 29 dias"
2016-07-15,0.998999993316829,1,0,0,15,0,1,100,TRUE,FALSE,TRUE,"n_users >= 85.0% de la mediana movil previa de 29 dias"
2016-07-16,0.38600000506267,1,0,0,17.6,0,1,100,TRUE,FALSE,TRUE,"n_users >= 85.0% de la mediana movil previa de 29 dias"
2016-07-17,0.388999998103827,1,0,0,21.7,0,1,100,TRUE,FALSE,TRUE,"n_users >= 85.0% de la mediana movil previa de 29 dias"
2016-07-18,1.21100000664592,1,0,2.8,24.8,0,1,100,TRUE,FALSE,TRUE,"n_users >= 85.0% de la mediana movil previa de 29 dias"
2016-07-19,1.2609999999404,1,0,5.2,27.2,0,1,100,TRUE,FALSE,TRUE,"n_users >= 85.0% de la mediana movil previa de 29 dias"
2016-07-20,1.27800000458956,1,0,0,20,0,1,100,TRUE,FALSE,TRUE,"n_users >= 85.0% de la mediana movil previa de 29 dias"
2016-07-21,1.31800001300871,1,0,0,19.4,0,1,100,TRUE,FALSE,TRUE,"n_users >= 85.0% de la mediana movil previa de 29 dias"
2016-07-22,1.27600000612438,1,0,0,18.8,0,1,100,TRUE,FALSE,TRUE,"n_users >= 85.0% de la mediana movil previa de 29 dias"
2016-07-23,1.24800000246614,1,0,0,16.8,0,1,100,TRUE,FALSE,TRUE,"n_users >= 85.0% de la mediana movil previa de 29 dias"
2016-07-24,1.2070000031963,1,0,0,18.5,0,1,100,TRUE,FALSE,TRUE,"n_users >= 85.0% de la mediana movil previa de 29 dias"
2016-07-25,1.20900001097471,1,0,0,19.5,1,1,100,TRUE,FALSE,TRUE,"n_users >= 85.0% de la mediana movil previa de 29 dias"
2016-07-26,1.25699999555945,1,0,0,21.9,0,1,100,TRUE,FALSE,TRUE,"n_users >= 85.0% de la mediana movil previa de 29 dias"
2016-07-27,1.25600000657141,1,0,0,18.8,0,1,100,TRUE,FALSE,TRUE,"n_users >= 85.0% de la mediana movil previa de 29 dias"
2016-07-28,2.93199995532632,1,0,0,20,0,1,100,TRUE,FALSE,TRUE,"n_users >= 85.0% de la mediana movil previa de 29 dias"
2016-07-29,5.29599996656179,1,0,0,21.1,0,1,100,TRUE,FALSE,TRUE,"n_users >= 85.0% de la mediana movil previa de 29 dias"
2016-07-30,2.71500002406538,1,0,1,23,0,1,100,TRUE,FALSE,TRUE,"n_users >= 85.0% de la mediana movil previa de 29 dias"
2016-07-31,1.25300000514835,1,0,0,18,0,1,100,TRUE,FALSE,TRUE,"n_users >= 85.0% de la mediana movil previa de 29 dias"
2016-08-01,1.20000000391155,1,0,0,17.9,0,1,100,TRUE,FALSE,TRUE,"n_users >= 85.0% de la mediana movil previa de 29 dias"
2016-08-02,1.20099999941885,1,0,0,19.2,0,1,100,TRUE,FALSE,TRUE,"n_users >= 85.0% de la mediana movil previa de 29 dias"
2016-08-03,1.19199999794364,1,0,0,20.1,0,1,100,TRUE,FALSE,TRUE,"n_users >= 85.0% de la mediana movil previa de 29 dias"
2016-08-04,1.22999999672174,1,0,0,20.2,0,1,100,TRUE,FALSE,TRUE,"n_users >= 85.0% de la mediana movil previa de 29 dias"
2016-08-05,1.18400000222027,1,0,0,17,0,1,100,TRUE,FALSE,TRUE,"n_users >= 85.0% de la mediana movil previa de 29 dias"
2016-08-06,1.16100001707673,1,0,0,17.8,0,1,100,TRUE,FALSE,TRUE,"n_users >= 85.0% de la mediana movil previa de 29 dias"
2016-08-07,1.18000000715256,1,0,0,19.4,0,1,100,TRUE,FALSE,TRUE,"n_users >= 85.0% de la mediana movil previa de 29 dias"
2016-08-08,1.17999999411404,1,0,0,18.8,0,1,100,TRUE,FALSE,TRUE,"n_users >= 85.0% de la mediana movil previa de 29 dias"
2016-08-09,1.19700000435114,1,0,0,18.5,0,1,100,TRUE,FALSE,TRUE,"n_users >= 85.0% de la mediana movil previa de 29 dias"
2016-08-10,2.27099997550249,1,0,0,16.2,0,1,100,TRUE,FALSE,TRUE,"n_users >= 85.0% de la mediana movil previa de 29 dias"
2016-08-11,3.5120000205934,1,0,0,15.8,0,1,100,TRUE,FALSE,TRUE,"n_users >= 85.0% de la mediana movil previa de 29 dias"
2016-08-12,6.10400004684925,1,0,0,19.2,0,1,100,TRUE,FALSE,TRUE,"n_users >= 85.0% de la mediana movil previa de 29 dias"
2016-08-13,1.87900000624359,1,0,0.399999999999999,22.4,0,1,100,TRUE,FALSE,TRUE,"n_users >= 85.0% de la mediana movil previa de 29 dias"
2016-08-14,1.37200000137091,1,0,1.6,23.6,0,1,100,TRUE,FALSE,TRUE,"n_users >= 85.0% de la mediana movil previa de 29 dias"
2016-08-15,2.56300002522767,1,0,3,25,1,1,100,TRUE,FALSE,TRUE,"n_users >= 85.0% de la mediana movil previa de 29 dias"
2016-08-16,5.96800002455711,1,0,1.2,23.2,0,1,100,TRUE,FALSE,TRUE,"n_users >= 85.0% de la mediana movil previa de 29 dias"
2016-08-17,5.89599997550249,1,0,2.2,24.2,0,1,100,TRUE,FALSE,TRUE,"n_users >= 85.0% de la mediana movil previa de 29 dias"
2016-08-18,2.02799999713898,1,0,0,19.2,0,1,100,TRUE,FALSE,TRUE,"n_users >= 85.0% de la mediana movil previa de 29 dias"
2016-08-19,1.42400000244379,1,0,0,20.6,0,1,100,TRUE,FALSE,TRUE,"n_users >= 85.0% de la mediana movil previa de 29 dias"
2016-08-20,1.29500000737607,1,0,0,16.2,0,1,100,TRUE,FALSE,TRUE,"n_users >= 85.0% de la mediana movil previa de 29 dias"
2016-08-21,1.2000000057742,1,0,0,15.9,0,1,100,TRUE,FALSE,TRUE,"n_users >= 85.0% de la mediana movil previa de 29 dias"
2016-08-22,1.38300000317395,1,0,0,21.2,0,1,100,TRUE,FALSE,TRUE,"n_users >= 85.0% de la mediana movil previa de 29 dias"
2016-08-23,1.54600001499057,1,0,2.2,24.2,0,1,100,TRUE,FALSE,TRUE,"n_users >= 85.0% de la mediana movil previa de 29 dias"
2016-08-24,1.8490000013262,1,0,2.4,24.4,0,1,100,TRUE,FALSE,TRUE,"n_users >= 85.0% de la mediana movil previa de 29 dias"
2016-08-25,1.35600000526756,1,0,1.8,23.8,0,1,100,TRUE,FALSE,TRUE,"n_users >= 85.0% de la mediana movil previa de 29 dias"
2016-08-26,0.833000002428889,1,0,1.6,23.6,0,1,100,TRUE,FALSE,TRUE,"n_users >= 85.0% de la mediana movil previa de 29 dias"
2016-08-27,0.458999999798834,1,0,2.2,24.2,0,1,100,TRUE,FALSE,TRUE,"n_users >= 85.0% de la mediana movil previa de 29 dias"
2016-08-28,0.692999996244907,1,0,0,20.3,0,1,100,TRUE,FALSE,TRUE,"n_users >= 85.0% de la mediana movil previa de 29 dias"
2016-08-29,1.80299999844283,1,0,0,18.4,0,1,100,TRUE,FALSE,TRUE,"n_users >= 85.0% de la mediana movil previa de 29 dias"
2016-08-30,1.35199999809265,1,0,0,19.1,0,1,100,TRUE,FALSE,TRUE,"n_users >= 85.0% de la mediana movil previa de 29 dias"
2016-08-31,1.57900002226233,1,0,0,18.2,0,1,100,TRUE,FALSE,TRUE,"n_users >= 85.0% de la mediana movil previa de 29 dias"
2016-09-01,1.68699999153614,1,0,0,20.8,0,1,100,TRUE,FALSE,TRUE,"n_users >= 85.0% de la mediana movil previa de 29 dias"
2016-09-02,2.08100002445281,1,0,1,23,0,1,100,TRUE,FALSE,TRUE,"n_users >= 85.0% de la mediana movil previa de 29 dias"
2016-09-03,1.86600000038743,1,0,3.2,25.2,0,1,100,TRUE,FALSE,TRUE,"n_users >= 85.0% de la mediana movil previa de 29 dias"
2016-09-04,2.21699999645352,1,0,1.6,23.6,0,1,100,TRUE,FALSE,TRUE,"n_users >= 85.0% de la mediana movil previa de 29 dias"
2016-09-05,1.07500000484288,1,0,0,21.2,0,1,100,TRUE,FALSE,TRUE,"n_users >= 85.0% de la mediana movil previa de 29 dias"
2016-09-06,1.43300000950694,1,0,1,23,0,1,100,TRUE,FALSE,TRUE,"n_users >= 85.0% de la mediana movil previa de 29 dias"
2016-09-07,1.85300000943244,1,0,2.4,24.4,0,1,100,TRUE,FALSE,TRUE,"n_users >= 85.0% de la mediana movil previa de 29 dias"
2016-09-08,1.49999999254942,1,0,0,19.8,0,1,100,TRUE,FALSE,TRUE,"n_users >= 85.0% de la mediana movil previa de 29 dias"
2016-09-09,1.88099999539554,1,0,0,18.8,0,1,100,TRUE,FALSE,TRUE,"n_users >= 85.0% de la mediana movil previa de 29 dias"
2016-09-10,1.49000001139939,1,0,0,19,0,1,100,TRUE,FALSE,TRUE,"n_users >= 85.0% de la mediana movil previa de 29 dias"
2016-09-11,1.07799999695271,1,0,0,21,0,1,100,TRUE,FALSE,TRUE,"n_users >= 85.0% de la mediana movil previa de 29 dias"
2016-09-12,1.39200001209974,1,0,0.600000000000001,22.6,0,1,100,TRUE,FALSE,TRUE,"n_users >= 85.0% de la mediana movil previa de 29 dias"
2016-09-13,1.80299999937415,1,0,0,20.8,0,1,100,TRUE,FALSE,TRUE,"n_users >= 85.0% de la mediana movil previa de 29 dias"
2016-09-14,1.59200001135468,1,0.800000000000001,0,14.2,0,1,100,TRUE,FALSE,TRUE,"n_users >= 85.0% de la mediana movil previa de 29 dias"
2016-09-15,1.71800000034273,1,1.2,0,13.8,0,1,100,TRUE,FALSE,TRUE,"n_users >= 85.0% de la mediana movil previa de 29 dias"
2016-09-16,0.901000000536442,1,0.300000000000001,0,14.7,0,1,100,TRUE,FALSE,TRUE,"n_users >= 85.0% de la mediana movil previa de 29 dias"
2016-09-17,1.56900000013411,1,0.6,0,14.4,0,1,100,TRUE,FALSE,TRUE,"n_users >= 85.0% de la mediana movil previa de 29 dias"
2016-09-18,2.09399998281151,1,1.7,0,13.3,0,1,100,TRUE,FALSE,TRUE,"n_users >= 85.0% de la mediana movil previa de 29 dias"
2016-09-19,1.49999998696148,1,2.2,0,12.8,0,1,100,TRUE,FALSE,TRUE,"n_users >= 85.0% de la mediana movil previa de 29 dias"
2016-09-20,2.85199997387826,1,1.7,0,13.3,0,1,100,TRUE,FALSE,TRUE,"n_users >= 85.0% de la mediana movil previa de 29 dias"
2016-09-21,1.60900001227856,1,0,0,16.5,0,1,100,TRUE,FALSE,TRUE,"n_users >= 85.0% de la mediana movil previa de 29 dias"
2016-09-22,1.73600001446903,1,0,0,19,0,1,100,TRUE,FALSE,TRUE,"n_users >= 85.0% de la mediana movil previa de 29 dias"
2016-09-23,2.17300000879914,1,0,0,18.2,0,1,100,TRUE,FALSE,TRUE,"n_users >= 85.0% de la mediana movil previa de 29 dias"
2016-09-24,1.86800000630319,1,0,0,17.8,0,1,100,TRUE,FALSE,TRUE,"n_users >= 85.0% de la mediana movil previa de 29 dias"
2016-09-25,2.00499998964369,1,0,0,15.2,0,1,100,TRUE,FALSE,TRUE,"n_users >= 85.0% de la mediana movil previa de 29 dias"
2016-09-26,2.63000001758337,1,0,0,16.2,0,1,100,TRUE,FALSE,TRUE,"n_users >= 85.0% de la mediana movil previa de 29 dias"
2016-09-27,2.22900003567338,1,1.3,0,13.7,0,1,100,TRUE,FALSE,TRUE,"n_users >= 85.0% de la mediana movil previa de 29 dias"
2016-09-28,1.73600001446903,1,0,0,18.4,0,1,100,TRUE,FALSE,TRUE,"n_users >= 85.0% de la mediana movil previa de 29 dias"
2016-09-29,2.87300001457334,1,0,0,18.4,0,1,100,TRUE,FALSE,TRUE,"n_users >= 85.0% de la mediana movil previa de 29 dias"
2016-09-30,1.7070000115782,1,0,0,17.2,0,1,100,TRUE,FALSE,TRUE,"n_users >= 85.0% de la mediana movil previa de 29 dias"
2016-10-01,2.8499999770429,1,0,0,15,0,1,100,TRUE,FALSE,TRUE,"n_users >= 85.0% de la mediana movil previa de 29 dias"
2016-10-02,1.66600001230836,1,0,0,15.2,0,1,100,TRUE,FALSE,TRUE,"n_users >= 85.0% de la mediana movil previa de 29 dias"
2016-10-03,2.50999999046326,1,0,0,20.4,0,1,100,TRUE,FALSE,TRUE,"n_users >= 85.0% de la mediana movil previa de 29 dias"
2016-10-04,2.88599997013807,1,0,0,19.2,0,1,100,TRUE,FALSE,TRUE,"n_users >= 85.0% de la mediana movil previa de 29 dias"
2016-10-05,1.76499999500811,1,0,0,15,0,1,100,TRUE,FALSE,TRUE,"n_users >= 85.0% de la mediana movil previa de 29 dias"
2016-10-06,1.92600001208484,1,1.4,0,13.6,0,1,100,TRUE,FALSE,TRUE,"n_users >= 85.0% de la mediana movil previa de 29 dias"
2016-10-07,1.00599999725819,1,1.4,0,13.6,0,1,100,TRUE,FALSE,TRUE,"n_users >= 85.0% de la mediana movil previa de 29 dias"
2016-10-08,0.584999999031425,1,3.8,0,11.2,0,1,100,TRUE,FALSE,TRUE,"n_users >= 85.0% de la mediana movil previa de 29 dias"
2016-10-09,1.07000000216067,1,2.8,0,12.2,0,1,100,TRUE,FALSE,TRUE,"n_users >= 85.0% de la mediana movil previa de 29 dias"
2016-10-10,3.32400001212955,1,5.2,0,9.8,0,1,100,TRUE,FALSE,TRUE,"n_users >= 85.0% de la mediana movil previa de 29 dias"
2016-10-11,2.25200000405312,1,5.9,0,9.1,0,1,100,TRUE,FALSE,TRUE,"n_users >= 85.0% de la mediana movil previa de 29 dias"
2016-10-12,2.34800003096461,1,2.5,0,12.5,1,1,100,TRUE,FALSE,TRUE,"n_users >= 85.0% de la mediana movil previa de 29 dias"
2016-10-13,2.87499996460974,1,1.8,0,13.2,0,1,100,TRUE,FALSE,TRUE,"n_users >= 85.0% de la mediana movil previa de 29 dias"
2016-10-14,2.31899999268353,1,5.1,0,9.9,0,1,100,TRUE,FALSE,TRUE,"n_users >= 85.0% de la mediana movil previa de 29 dias"
2016-10-15,2.72600003518164,1,2.4,0,12.6,0,1,100,TRUE,FALSE,TRUE,"n_users >= 85.0% de la mediana movil previa de 29 dias"
2016-10-16,2.17599998787045,1,1.7,0,13.3,0,1,100,TRUE,FALSE,TRUE,"n_users >= 85.0% de la mediana movil previa de 29 dias"
2016-10-17,1.81200000271201,1,0,0,16.1,0,1,100,TRUE,FALSE,TRUE,"n_users >= 85.0% de la mediana movil previa de 29 dias"
2016-10-18,1.98999999091029,1,2.1,0,12.9,0,1,100,TRUE,FALSE,TRUE,"n_users >= 85.0% de la mediana movil previa de 29 dias"
2016-10-19,3.11599999666214,1,4,0,11,0,1,100,TRUE,FALSE,TRUE,"n_users >= 85.0% de la mediana movil previa de 29 dias"
2016-10-20,2.30800001323223,1,8.1,0,6.9,0,1,100,TRUE,FALSE,TRUE,"n_users >= 85.0% de la mediana movil previa de 29 dias"
2016-10-21,2.4870000127703,1,7.8,0,7.2,0,1,100,TRUE,FALSE,TRUE,"n_users >= 85.0% de la mediana movil previa de 29 dias"
2016-10-22,3.43700001016259,1,4.8,0,10.2,0,1,100,TRUE,FALSE,TRUE,"n_users >= 85.0% de la mediana movil previa de 29 dias"
2016-10-23,2.22999998740852,1,0,0,15.2,0,1,100,TRUE,FALSE,TRUE,"n_users >= 85.0% de la mediana movil previa de 29 dias"
2016-10-24,1.18400000594556,1,3.6,0,11.4,0,1,100,TRUE,FALSE,TRUE,"n_users >= 85.0% de la mediana movil previa de 29 dias"
2016-10-25,2.6180000025779,1,0.0999999999999996,0,14.9,0,1,100,TRUE,FALSE,TRUE,"n_users >= 85.0% de la mediana movil previa de 29 dias"
2016-10-26,2.4980000089854,1,0,0,16.1,0,1,100,TRUE,FALSE,TRUE,"n_users >= 85.0% de la mediana movil previa de 29 dias"
2016-10-27,3.55400001630187,1,2.6,0,12.4,0,1,100,TRUE,FALSE,TRUE,"n_users >= 85.0% de la mediana movil previa de 29 dias"
2016-10-28,2.85400000959635,1,2.9,0,12.1,0,1,100,TRUE,FALSE,TRUE,"n_users >= 85.0% de la mediana movil previa de 29 dias"
2016-10-29,3.61300001293421,1,2,0,13,0,1,100,TRUE,FALSE,TRUE,"n_users >= 85.0% de la mediana movil previa de 29 dias"
2016-10-30,3.42400002852082,1,1.2,0,13.8,0,1,100,TRUE,FALSE,TRUE,"n_users >= 85.0% de la mediana movil previa de 29 dias"
2016-10-31,2.30499997548759,1,3.9,0,11.1,0,1,100,TRUE,FALSE,TRUE,"n_users >= 85.0% de la mediana movil previa de 29 dias"
2016-11-01,3.14900001510978,1,4.2,0,10.8,1,1,100,TRUE,FALSE,TRUE,"n_users >= 85.0% de la mediana movil previa de 29 dias"
2016-11-02,3.04500000923872,1,3,0,12,0,1,100,TRUE,FALSE,TRUE,"n_users >= 85.0% de la mediana movil previa de 29 dias"
2016-11-03,3.0639999974519,1,3.2,0,11.8,0,1,100,TRUE,FALSE,TRUE,"n_users >= 85.0% de la mediana movil previa de 29 dias"
2016-11-04,2.85800001770258,1,5.4,0,9.6,0,1,100,TRUE,FALSE,TRUE,"n_users >= 85.0% de la mediana movil previa de 29 dias"
2016-11-05,2.89099999144673,1,5.7,0,9.3,0,1,100,TRUE,FALSE,TRUE,"n_users >= 85.0% de la mediana movil previa de 29 dias"
2016-11-06,1.3030000012368,1,9.2,0,5.8,0,1,100,TRUE,FALSE,TRUE,"n_users >= 85.0% de la mediana movil previa de 29 dias"
2016-11-07,2.40100001357496,1,10.8,0,4.2,0,1,100,TRUE,FALSE,TRUE,"n_users >= 85.0% de la mediana movil previa de 29 dias"
2016-11-08,2.29400000534952,1,9,0,6,0,1,100,TRUE,FALSE,TRUE,"n_users >= 85.0% de la mediana movil previa de 29 dias"
2016-11-09,2.60400000028312,1,7.6,0,7.4,0,1,100,TRUE,FALSE,TRUE,"n_users >= 85.0% de la mediana movil previa de 29 dias"
2016-11-10,3.26400000602007,1,7.2,0,7.8,0,1,100,TRUE,FALSE,TRUE,"n_users >= 85.0% de la mediana movil previa de 29 dias"
2016-11-11,1.88900001905859,1,6.6,0,8.4,0,1,100,TRUE,FALSE,TRUE,"n_users >= 85.0% de la mediana movil previa de 29 dias"
2016-11-12,3.54499998316169,1,7.6,0,7.4,0,1,100,TRUE,FALSE,TRUE,"n_users >= 85.0% de la mediana movil previa de 29 dias"
2016-11-13,4.00299997627735,1,4.6,0,10.4,0,1,100,TRUE,FALSE,TRUE,"n_users >= 85.0% de la mediana movil previa de 29 dias"
2016-11-14,3.31900000944734,1,5.9,0,9.1,0,1,100,TRUE,FALSE,TRUE,"n_users >= 85.0% de la mediana movil previa de 29 dias"
2016-11-15,3.46999996900558,1,8.2,0,6.8,0,1,100,TRUE,FALSE,TRUE,"n_users >= 85.0% de la mediana movil previa de 29 dias"
2016-11-16,3.18699997663498,1,7.2,0,7.8,0,1,100,TRUE,FALSE,TRUE,"n_users >= 85.0% de la mediana movil previa de 29 dias"
2016-11-17,1.98799999989569,1,5.8,0,9.2,0,1,100,TRUE,FALSE,TRUE,"n_users >= 85.0% de la mediana movil previa de 29 dias"
2016-11-18,1.76300001516938,1,5.2,0,9.8,0,1,100,TRUE,FALSE,TRUE,"n_users >= 85.0% de la mediana movil previa de 29 dias"
2016-11-19,2.57700001448393,1,7,0,8,0,1,100,TRUE,FALSE,TRUE,"n_users >= 85.0% de la mediana movil previa de 29 dias"
2016-11-20,1.56099997833371,1,4.2,0,10.8,0,1,100,TRUE,FALSE,TRUE,"n_users >= 85.0% de la mediana movil previa de 29 dias"
2016-11-21,2.05700000934303,1,5.2,0,9.8,0,1,100,TRUE,FALSE,TRUE,"n_users >= 85.0% de la mediana movil previa de 29 dias"
2016-11-22,2.42899999767542,1,9.5,0,5.5,0,1,100,TRUE,FALSE,TRUE,"n_users >= 85.0% de la mediana movil previa de 29 dias"
2016-11-23,3.43300002068281,1,12,0,3,0,1,100,TRUE,FALSE,TRUE,"n_users >= 85.0% de la mediana movil previa de 29 dias"
2016-11-24,3.00900002941489,1,10.4,0,4.6,0,1,100,TRUE,FALSE,TRUE,"n_users >= 85.0% de la mediana movil previa de 29 dias"
2016-11-25,2.82299997098744,1,11.4,0,3.6,0,1,100,TRUE,FALSE,TRUE,"n_users >= 85.0% de la mediana movil previa de 29 dias"
2016-11-26,4.15000007674098,1,9.6,0,5.4,0,1,100,TRUE,FALSE,TRUE,"n_users >= 85.0% de la mediana movil previa de 29 dias"
2016-11-27,3.60199999436736,1,8,0,7,0,1,100,TRUE,FALSE,TRUE,"n_users >= 85.0% de la mediana movil previa de 29 dias"
2016-11-28,2.27500000782311,1,11.5,0,3.5,0,1,100,TRUE,FALSE,TRUE,"n_users >= 85.0% de la mediana movil previa de 29 dias"
2016-11-29,2.42200002260506,1,7.8,0,7.2,0,1,100,TRUE,FALSE,TRUE,"n_users >= 85.0% de la mediana movil previa de 29 dias"
2016-11-30,2.77600001916289,1,7.8,0,7.2,0,1,100,TRUE,FALSE,TRUE,"n_users >= 85.0% de la mediana movil previa de 29 dias"
2016-12-01,2.39999998360872,1,10,0,5,0,1,100,TRUE,FALSE,TRUE,"n_users >= 85.0% de la mediana movil previa de 29 dias"
2016-12-02,2.08800001628697,1,10.9,0,4.1,0,1,100,TRUE,FALSE,TRUE,"n_users >= 85.0% de la mediana movil previa de 29 dias"
2016-12-03,4.20600000023842,1,10.7,0,4.3,0,1,100,TRUE,FALSE,TRUE,"n_users >= 85.0% de la mediana movil previa de 29 dias"
2016-12-04,2.74999999813735,1,5.6,0,9.4,0,1,100,TRUE,FALSE,TRUE,"n_users >= 85.0% de la mediana movil previa de 29 dias"
2016-12-05,2.7859999909997,1,5.4,0,9.6,0,1,100,TRUE,FALSE,TRUE,"n_users >= 85.0% de la mediana movil previa de 29 dias"
2016-12-06,3.06799997389317,1,8.7,0,6.3,1,1,100,TRUE,FALSE,TRUE,"n_users >= 85.0% de la mediana movil previa de 29 dias"
2016-12-07,3.79400002397597,1,8.4,0,6.6,0,1,100,TRUE,FALSE,TRUE,"n_users >= 85.0% de la mediana movil previa de 29 dias"
2016-12-08,2.55200000479817,1,6.6,0,8.4,1,1,100,TRUE,FALSE,TRUE,"n_users >= 85.0% de la mediana movil previa de 29 dias"
2016-12-09,2.91699998825788,1,9.7,0,5.3,0,1,100,TRUE,FALSE,TRUE,"n_users >= 85.0% de la mediana movil previa de 29 dias"
2016-12-10,1.74899999052286,1,9.7,0,5.3,0,1,100,TRUE,FALSE,TRUE,"n_users >= 85.0% de la mediana movil previa de 29 dias"
2016-12-11,1.43899999558926,1,10.4,0,4.6,0,1,100,TRUE,FALSE,TRUE,"n_users >= 85.0% de la mediana movil previa de 29 dias"
2016-12-12,2.39600001648068,1,6.9,0,8.1,0,1,100,TRUE,FALSE,TRUE,"n_users >= 85.0% de la mediana movil previa de 29 dias"
2016-12-13,2.79800000041723,1,12.5,0,2.5,0,1,100,TRUE,FALSE,TRUE,"n_users >= 85.0% de la mediana movil previa de 29 dias"
2016-12-14,3.17000002227724,1,9.6,0,5.4,0,1,100,TRUE,FALSE,TRUE,"n_users >= 85.0% de la mediana movil previa de 29 dias"
2016-12-15,2.66099997609854,1,7.6,0,7.4,0,1,100,TRUE,FALSE,TRUE,"n_users >= 85.0% de la mediana movil previa de 29 dias"
2016-12-16,2.97799996100366,1,8.6,0,6.4,0,1,100,TRUE,FALSE,TRUE,"n_users >= 85.0% de la mediana movil previa de 29 dias"
2016-12-17,2.87300002761185,1,9,0,6,0,1,100,TRUE,FALSE,TRUE,"n_users >= 85.0% de la mediana movil previa de 29 dias"
2016-12-18,2.41500001214445,1,12.4,0,2.6,0,1,100,TRUE,FALSE,TRUE,"n_users >= 85.0% de la mediana movil previa de 29 dias"
2016-12-19,2.0150000192225,1,11.2,0,3.8,0,1,100,TRUE,FALSE,TRUE,"n_users >= 85.0% de la mediana movil previa de 29 dias"
2016-12-20,2.38400000333786,1,8.9,0,6.1,0,1,100,TRUE,FALSE,TRUE,"n_users >= 85.0% de la mediana movil previa de 29 dias"
2016-12-21,1.95400001108646,1,7.5,0,7.5,0,1,100,TRUE,FALSE,TRUE,"n_users >= 85.0% de la mediana movil previa de 29 dias"
2016-12-22,2.09200001880527,1,6.2,0,8.8,0,1,100,TRUE,FALSE,TRUE,"n_users >= 85.0% de la mediana movil previa de 29 dias"
2016-12-23,2.46000000648201,1,4.6,0,10.4,0,1,100,TRUE,FALSE,TRUE,"n_users >= 85.0% de la mediana movil previa de 29 dias"
2016-12-24,1.98499997891486,1,7,0,8,0,1,100,TRUE,FALSE,TRUE,"n_users >= 85.0% de la mediana movil previa de 29 dias"
2016-12-25,1.21700001135468,1,8.4,0,6.6,0,1,100,TRUE,FALSE,TRUE,"n_users >= 85.0% de la mediana movil previa de 29 dias"
2016-12-26,3.14000003226101,1,9.1,0,5.9,1,1,100,TRUE,FALSE,TRUE,"n_users >= 85.0% de la mediana movil previa de 29 dias"
2016-12-27,2.82400004006922,1,10.2,0,4.8,0,1,100,TRUE,FALSE,TRUE,"n_users >= 85.0% de la mediana movil previa de 29 dias"
2016-12-28,2.85099999606609,1,11,0,4,0,1,100,TRUE,FALSE,TRUE,"n_users >= 85.0% de la mediana movil previa de 29 dias"
2016-12-29,3.58300000242889,1,13.4,0,1.6,0,1,100,TRUE,FALSE,TRUE,"n_users >= 85.0% de la mediana movil previa de 29 dias"
2016-12-30,2.41499999910593,1,13.2,0,1.8,0,1,100,TRUE,FALSE,TRUE,"n_users >= 85.0% de la mediana movil previa de 29 dias"
2016-12-31,4.64699999429286,1,13.7,0,1.3,0,1,100,TRUE,FALSE,TRUE,"n_users >= 85.0% de la mediana movil previa de 29 dias"
2017-01-01,2.95199999958277,1,14,0,1,0,1,100,TRUE,FALSE,TRUE,"n_users >= 85.0% de la mediana movil previa de 29 dias"
2017-01-02,1.74399999529123,1,13.9,0,1.1,0,1,100,TRUE,FALSE,TRUE,"n_users >= 85.0% de la mediana movil previa de 29 dias"
2017-01-03,1.92599999345839,1,12.1,0,2.9,0,1,100,TRUE,FALSE,TRUE,"n_users >= 85.0% de la mediana movil previa de 29 dias"
2017-01-04,3.32399999722838,1,12,0,3,0,1,100,TRUE,FALSE,TRUE,"n_users >= 85.0% de la mediana movil previa de 29 dias"
2017-01-05,2.25999999418855,1,14.3,0,0.7,0,1,100,TRUE,FALSE,TRUE,"n_users >= 85.0% de la mediana movil previa de 29 dias"
2017-01-06,1.93299999460578,1,14.3,0,0.7,1,1,100,TRUE,FALSE,TRUE,"n_users >= 85.0% de la mediana movil previa de 29 dias"
2017-01-07,2.91899999417365,1,14.6,0,0.4,0,1,100,TRUE,FALSE,TRUE,"n_users >= 85.0% de la mediana movil previa de 29 dias"
2017-01-08,14.2399999387562,2,13,0,2,0,1,200,TRUE,FALSE,TRUE,"n_users >= 85.0% de la mediana movil previa de 29 dias"
2017-01-09,10.8499999195337,2,10,0,5,0,1,200,TRUE,FALSE,TRUE,"n_users >= 85.0% de la mediana movil previa de 29 dias"
2017-01-10,16.4780000094324,2,10.7,0,4.3,0,1,200,TRUE,FALSE,TRUE,"n_users >= 85.0% de la mediana movil previa de 29 dias"
2017-01-11,12.8820001129061,2,5.4,0,9.6,0,1,200,TRUE,FALSE,TRUE,"n_users >= 85.0% de la mediana movil previa de 29 dias"
2017-01-12,20.4290001019835,4,6.3,0,8.7,0,1,400,TRUE,FALSE,TRUE,"n_users >= 85.0% de la mediana movil previa de 29 dias"
2017-01-13,16.9299999009818,4,11.6,0,3.4,0,1,400,TRUE,FALSE,TRUE,"n_users >= 85.0% de la mediana movil previa de 29 dias"
2017-01-14,16.4889999888837,4,12.2,0,2.8,0,1,400,TRUE,FALSE,TRUE,"n_users >= 85.0% de la mediana movil previa de 29 dias"
2017-01-15,15.8000000882894,4,9.8,0,5.2,0,1,400,TRUE,FALSE,TRUE,"n_users >= 85.0% de la mediana movil previa de 29 dias"
2017-01-16,19.670000012964,4,7.6,0,7.4,0,1,400,TRUE,FALSE,TRUE,"n_users >= 85.0% de la mediana movil previa de 29 dias"
2017-01-17,19.459999974817,4,11.5,0,3.5,0,1,400,TRUE,FALSE,TRUE,"n_users >= 85.0% de la mediana movil previa de 29 dias"
2017-01-18,17.451000098139,4,16.8,0,-1.8,0,1,400,TRUE,FALSE,TRUE,"n_users >= 85.0% de la mediana movil previa de 29 dias"
2017-01-19,18.6089998707175,4,16.2,0,-1.2,0,1,400,TRUE,FALSE,TRUE,"n_users >= 85.0% de la mediana movil previa de 29 dias"
2017-01-20,21.5450000036508,4,15.6,0,-0.6,0,1,400,TRUE,FALSE,TRUE,"n_users >= 85.0% de la mediana movil previa de 29 dias"
2017-01-21,21.3429999593645,4,12.7,0,2.3,0,1,400,TRUE,FALSE,TRUE,"n_users >= 85.0% de la mediana movil previa de 29 dias"
2017-01-22,23.9900000635535,4,13,0,2,0,1,400,TRUE,FALSE,TRUE,"n_users >= 85.0% de la mediana movil previa de 29 dias"
2017-01-23,21.4159999713302,4,10.8,0,4.2,0,2,200,TRUE,FALSE,TRUE,"n_users >= 85.0% de la mediana movil previa de 29 dias"
2017-01-24,18.7129999063909,4,12.1,0,2.9,0,2,200,TRUE,FALSE,TRUE,"n_users >= 85.0% de la mediana movil previa de 29 dias"
2017-01-25,30.2099999450147,5,13.94,0,1.06,0,2,250,TRUE,FALSE,TRUE,"n_users >= 85.0% de la mediana movil previa de 29 dias"
2017-01-26,35.0840000603348,5,14.14,0,0.86,0,2,250,TRUE,FALSE,TRUE,"n_users >= 85.0% de la mediana movil previa de 29 dias"
2017-01-27,40.7870001122355,6,8.11666666666667,0,6.88333333333333,0,4,150,TRUE,FALSE,TRUE,"n_users >= 85.0% de la mediana movil previa de 29 dias"
2017-01-28,37.5580000262707,6,9.53333333333333,0,5.46666666666667,0,4,150,TRUE,FALSE,TRUE,"n_users >= 85.0% de la mediana movil previa de 29 dias"
2017-01-29,43.1990002728999,6,8.68333333333333,0,6.31666666666667,0,4,150,TRUE,FALSE,TRUE,"n_users >= 85.0% de la mediana movil previa de 29 dias"
2017-01-30,41.6660000439733,6,3.96666666666667,0,11.0333333333333,0,4,150,TRUE,FALSE,TRUE,"n_users >= 85.0% de la mediana movil previa de 29 dias"
2017-01-31,43.877999804914,6,7.16666666666667,0,7.9,0,4,150,TRUE,FALSE,TRUE,"n_users >= 85.0% de la mediana movil previa de 29 dias"
2017-02-01,38.9119999706745,6,4.91666666666667,0,10.2833333333333,0,4,150,TRUE,FALSE,TRUE,"n_users >= 85.0% de la mediana movil previa de 29 dias"
2017-02-02,43.0010001026094,6,5.05,0,9.95,0,4,150,TRUE,FALSE,TRUE,"n_users >= 85.0% de la mediana movil previa de 29 dias"
2017-02-03,38.5409998632967,6,4.4,0,10.6,0,4,150,TRUE,FALSE,TRUE,"n_users >= 85.0% de la mediana movil previa de 29 dias"
2017-02-04,41.0949998833239,6,3.41666666666667,0,11.5833333333333,0,4,150,TRUE,FALSE,TRUE,"n_users >= 85.0% de la mediana movil previa de 29 dias"
2017-02-05,37.8239999804646,6,7.13333333333333,0,7.86666666666667,0,4,150,TRUE,FALSE,TRUE,"n_users >= 85.0% de la mediana movil previa de 29 dias"
2017-02-06,34.4160001603886,6,7.55,0,7.45,0,4,150,TRUE,FALSE,TRUE,"n_users >= 85.0% de la mediana movil previa de 29 dias"
2017-02-07,31.870999969542,6,8.06666666666667,0,6.93333333333333,0,4,150,TRUE,FALSE,TRUE,"n_users >= 85.0% de la mediana movil previa de 29 dias"
2017-02-08,31.9939999990165,6,10.4833333333333,0,4.51666666666667,0,4,150,TRUE,FALSE,TRUE,"n_users >= 85.0% de la mediana movil previa de 29 dias"
2017-02-09,32.0150000257418,6,9.33333333333333,0,5.66666666666667,0,5,120,TRUE,FALSE,TRUE,"n_users >= 85.0% de la mediana movil previa de 29 dias"
2017-02-10,29.8030000720173,6,8.63333333333333,0,6.36666666666667,0,5,120,TRUE,FALSE,TRUE,"n_users >= 85.0% de la mediana movil previa de 29 dias"
2017-02-11,30.2030000402592,6,9.03333333333333,0,5.96666666666667,0,6,100,TRUE,FALSE,TRUE,"n_users >= 85.0% de la mediana movil previa de 29 dias"
2017-02-12,27.9339998867363,6,6.58333333333333,0,8.41666666666667,0,6,100,TRUE,FALSE,TRUE,"n_users >= 85.0% de la mediana movil previa de 29 dias"
2017-02-13,30.9099999060854,6,5.41666666666667,0,9.58333333333333,0,6,100,TRUE,FALSE,TRUE,"n_users >= 85.0% de la mediana movil previa de 29 dias"
2017-02-14,30.6950000575744,6,6.53333333333333,0,8.46666666666667,0,6,100,TRUE,FALSE,TRUE,"n_users >= 85.0% de la mediana movil previa de 29 dias"
2017-02-15,31.1720000300556,6,6.35,0,8.65,0,6,100,TRUE,FALSE,TRUE,"n_users >= 85.0% de la mediana movil previa de 29 dias"
2017-02-16,30.6309999413788,6,6.56666666666667,0,8.43333333333333,0,6,100,TRUE,FALSE,TRUE,"n_users >= 85.0% de la mediana movil previa de 29 dias"
2017-02-17,31.8450000472367,6,6.3,0,8.7,0,6,100,TRUE,FALSE,TRUE,"n_users >= 85.0% de la mediana movil previa de 29 dias"
2017-02-18,30.9959999900311,6,7.33333333333333,0,7.66666666666667,0,6,100,TRUE,FALSE,TRUE,"n_users >= 85.0% de la mediana movil previa de 29 dias"
2017-02-19,30.1520001068711,6,5.66666666666667,0,9.33333333333333,0,6,100,TRUE,FALSE,TRUE,"n_users >= 85.0% de la mediana movil previa de 29 dias"
2017-02-20,31.0919999144971,6,7.25,0,7.75,0,6,100,TRUE,FALSE,TRUE,"n_users >= 85.0% de la mediana movil previa de 29 dias"
2017-02-21,30.0960000175983,6,7.5,0,7.5,0,6,100,TRUE,FALSE,TRUE,"n_users >= 85.0% de la mediana movil previa de 29 dias"
2017-02-22,30.4489999786019,6,5.26666666666667,0,9.73333333333333,0,6,100,TRUE,FALSE,TRUE,"n_users >= 85.0% de la mediana movil previa de 29 dias"
2017-02-23,29.5899998350069,6,5.36666666666667,0,9.63333333333333,0,6,100,TRUE,FALSE,TRUE,"n_users >= 85.0% de la mediana movil previa de 29 dias"
2017-02-24,28.856999989599,6,8.43333333333333,0,6.56666666666667,0,6,100,TRUE,FALSE,TRUE,"n_users >= 85.0% de la mediana movil previa de 29 dias"
2017-02-25,27.896999890916,6,6.96666666666667,0,8.03333333333333,0,6,100,TRUE,FALSE,TRUE,"n_users >= 85.0% de la mediana movil previa de 29 dias"
2017-02-26,28.6100000236183,6,6.13333333333333,0,8.86666666666667,0,6,100,TRUE,FALSE,TRUE,"n_users >= 85.0% de la mediana movil previa de 29 dias"
2017-02-27,29.0960000120103,6,5.5,0,9.5,0,6,100,TRUE,FALSE,TRUE,"n_users >= 85.0% de la mediana movil previa de 29 dias"
2017-02-28,30.8670000098646,6,7.96666666666667,0,7.03333333333333,0,6,100,TRUE,FALSE,TRUE,"n_users >= 85.0% de la mediana movil previa de 29 dias"
2017-03-01,27.2099999766797,6,7.6,0,7.4,0,6,100,TRUE,FALSE,TRUE,"n_users >= 85.0% de la mediana movil previa de 29 dias"
2017-03-02,28.1560000386089,6,4.36666666666667,0,10.6333333333333,0,6,100,TRUE,FALSE,TRUE,"n_users >= 85.0% de la mediana movil previa de 29 dias"
2017-03-03,26.8660001773387,6,3.8,0,11.2,0,6,100,TRUE,FALSE,TRUE,"n_users >= 85.0% de la mediana movil previa de 29 dias"
2017-03-04,26.2820000546053,6,9.08333333333333,0,5.91666666666667,0,6,100,TRUE,FALSE,TRUE,"n_users >= 85.0% de la mediana movil previa de 29 dias"
2017-03-05,24.9780000261962,6,6.06666666666667,0,8.93333333333333,0,6,100,TRUE,FALSE,TRUE,"n_users >= 85.0% de la mediana movil previa de 29 dias"
2017-03-06,26.0910001220182,6,3.36666666666667,0,11.6333333333333,0,6,100,TRUE,FALSE,TRUE,"n_users >= 85.0% de la mediana movil previa de 29 dias"
2017-03-07,27.6189999058843,6,4.63333333333333,0,10.3666666666667,0,6,100,TRUE,FALSE,TRUE,"n_users >= 85.0% de la mediana movil previa de 29 dias"
2017-03-08,27.20299994573,6,1.55,0,13.45,0,6,100,TRUE,FALSE,TRUE,"n_users >= 85.0% de la mediana movil previa de 29 dias"
2017-03-09,30.294999984093,6,0.633333333333333,0,15.0333333333333,0,6,100,TRUE,FALSE,TRUE,"n_users >= 85.0% de la mediana movil previa de 29 dias"
2017-03-10,27.4170000739396,6,0.666666666666667,0,14.3666666666667,0,6,100,TRUE,FALSE,TRUE,"n_users >= 85.0% de la mediana movil previa de 29 dias"
2017-03-11,26.4210000541061,6,0.999999999999999,0,14.4,0,6,100,TRUE,FALSE,TRUE,"n_users >= 85.0% de la mediana movil previa de 29 dias"
2017-03-12,26.4119999958202,6,6.25,0,8.75,0,6,100,TRUE,FALSE,TRUE,"n_users >= 85.0% de la mediana movil previa de 29 dias"
2017-03-13,26.1820000195876,6,6.98333333333333,0,8.01666666666667,0,6,100,TRUE,FALSE,TRUE,"n_users >= 85.0% de la mediana movil previa de 29 dias"
2017-03-14,27.0300000011921,6,4.7,0,10.3,0,6,100,TRUE,FALSE,TRUE,"n_users >= 85.0% de la mediana movil previa de 29 dias"
2017-03-15,26.9980000630021,6,3.21666666666667,0,11.7833333333333,0,6,100,TRUE,FALSE,TRUE,"n_users >= 85.0% de la mediana movil previa de 29 dias"
2017-03-16,26.9260000754148,6,3.25,0,11.9833333333333,0,6,100,TRUE,FALSE,TRUE,"n_users >= 85.0% de la mediana movil previa de 29 dias"
2017-03-17,26.8470000824891,6,4.08333333333333,0,10.9166666666667,0,6,100,TRUE,FALSE,TRUE,"n_users >= 85.0% de la mediana movil previa de 29 dias"
2017-03-18,25.6900000153109,6,4.88333333333333,0,10.1166666666667,0,6,100,TRUE,FALSE,TRUE,"n_users >= 85.0% de la mediana movil previa de 29 dias"
2017-03-19,23.0729999351315,6,4.9,0,10.1,0,6,100,TRUE,FALSE,TRUE,"n_users >= 85.0% de la mediana movil previa de 29 dias"
2017-03-20,27.4549999590963,6,3.83333333333333,0,11.1666666666667,0,6,100,TRUE,FALSE,TRUE,"n_users >= 85.0% de la mediana movil previa de 29 dias"
2017-03-21,27.4059999994934,6,7.03333333333333,0,7.96666666666667,0,6,100,TRUE,FALSE,TRUE,"n_users >= 85.0% de la mediana movil previa de 29 dias"
2017-03-22,26.4210000401363,6,7.9,0,7.1,0,6,100,TRUE,FALSE,TRUE,"n_users >= 85.0% de la mediana movil previa de 29 dias"
2017-03-23,28.1859999764711,6,10,0,5,0,6,100,TRUE,FALSE,TRUE,"n_users >= 85.0% de la mediana movil previa de 29 dias"
2017-03-24,28.0730000413023,6,9.46666666666667,0,5.53333333333333,0,6,100,TRUE,FALSE,TRUE,"n_users >= 85.0% de la mediana movil previa de 29 dias"
2017-03-25,26.9060001131147,6,10.25,0,4.75,0,6,100,TRUE,FALSE,TRUE,"n_users >= 85.0% de la mediana movil previa de 29 dias"
2017-03-26,26.0669999858364,6,5.15,0,9.85,0,6,100,TRUE,FALSE,TRUE,"n_users >= 85.0% de la mediana movil previa de 29 dias"
2017-03-27,27.9310000357218,6,3.16666666666667,0,11.8333333333333,0,6,100,TRUE,FALSE,TRUE,"n_users >= 85.0% de la mediana movil previa de 29 dias"
2017-03-28,27.3329999176785,6,4.01666666666667,0,10.9833333333333,0,6,100,TRUE,FALSE,TRUE,"n_users >= 85.0% de la mediana movil previa de 29 dias"
2017-03-29,28.280000064522,6,3.08333333333333,0,12.1666666666667,0,6,100,TRUE,FALSE,TRUE,"n_users >= 85.0% de la mediana movil previa de 29 dias"
2017-03-30,28.2719999961555,6,1.91666666666667,0,13.95,0,6,100,TRUE,FALSE,TRUE,"n_users >= 85.0% de la mediana movil previa de 29 dias"
2017-03-31,28.5890001673251,6,1.58333333333333,0,13.5,0,6,100,TRUE,FALSE,TRUE,"n_users >= 85.0% de la mediana movil previa de 29 dias"
2017-04-01,24.0499999914318,6,5.2,0,9.8,0,6,100,TRUE,FALSE,TRUE,"n_users >= 85.0% de la mediana movil previa de 29 dias"
2017-04-02,23.3799999700859,6,7.5,0,7.5,0,6,100,TRUE,FALSE,TRUE,"n_users >= 85.0% de la mediana movil previa de 29 dias"
2017-04-03,23.7810000730678,6,4.26666666666667,0,10.7333333333333,0,6,100,TRUE,FALSE,TRUE,"n_users >= 85.0% de la mediana movil previa de 29 dias"
2017-04-04,23.3879998931661,6,5.16666666666667,0,9.83333333333333,0,6,100,TRUE,FALSE,TRUE,"n_users >= 85.0% de la mediana movil previa de 29 dias"
2017-04-05,23.1780000054277,6,5.56666666666667,0,9.43333333333333,0,6,100,TRUE,FALSE,TRUE,"n_users >= 85.0% de la mediana movil previa de 29 dias"
2017-04-06,24.7290000454523,6,5.66666666666667,0,9.33333333333333,0,6,100,TRUE,FALSE,TRUE,"n_users >= 85.0% de la mediana movil previa de 29 dias"
2017-04-07,24.1459999363869,6,3.83333333333333,0,11.1666666666667,0,6,100,TRUE,FALSE,TRUE,"n_users >= 85.0% de la mediana movil previa de 29 dias"
2017-04-08,22.3470000643283,6,1.16666666666667,0,14.4166666666667,0,6,100,TRUE,FALSE,TRUE,"n_users >= 85.0% de la mediana movil previa de 29 dias"
2017-04-09,19.5919999219477,6,0.999999999999999,0,14.0333333333333,0,6,100,TRUE,FALSE,TRUE,"n_users >= 85.0% de la mediana movil previa de 29 dias"
2017-04-10,22.6360000865534,6,1.73333333333333,0,13.2666666666667,0,6,100,TRUE,FALSE,TRUE,"n_users >= 85.0% de la mediana movil previa de 29 dias"
2017-04-11,16.5080000078306,6,2.76666666666667,0,12.2333333333333,0,6,100,TRUE,FALSE,TRUE,"n_users >= 85.0% de la mediana movil previa de 29 dias"
2017-04-12,16.3120000259951,6,2.4,0,12.6,0,6,100,TRUE,FALSE,TRUE,"n_users >= 85.0% de la mediana movil previa de 29 dias"
2017-04-13,13.077999997884,6,2.6,0,12.4,1,6,100,TRUE,FALSE,TRUE,"n_users >= 85.0% de la mediana movil previa de 29 dias"
2017-04-14,12.5739999795333,6,4.86666666666667,0,10.1333333333333,1,6,100,TRUE,FALSE,TRUE,"n_users >= 85.0% de la mediana movil previa de 29 dias"
2017-04-15,12.1960000162944,6,3.2,0,11.8,0,6,100,TRUE,FALSE,TRUE,"n_users >= 85.0% de la mediana movil previa de 29 dias"
2017-04-16,12.0060000373051,6,2.88333333333333,0,12.1166666666667,0,6,100,TRUE,FALSE,TRUE,"n_users >= 85.0% de la mediana movil previa de 29 dias"
2017-04-17,13.339000005275,6,2.83333333333333,0,12.1666666666667,1,6,100,TRUE,FALSE,TRUE,"n_users >= 85.0% de la mediana movil previa de 29 dias"
2017-04-18,16.9670000504702,6,4.58333333333333,0,10.4166666666667,0,6,100,TRUE,FALSE,TRUE,"n_users >= 85.0% de la mediana movil previa de 29 dias"
2017-04-19,15.3069999404252,6,7.45,0,7.55,0,6,100,TRUE,FALSE,TRUE,"n_users >= 85.0% de la mediana movil previa de 29 dias"
2017-04-20,16.4869999308139,6,6.38333333333333,0,8.61666666666667,0,6,100,TRUE,FALSE,TRUE,"n_users >= 85.0% de la mediana movil previa de 29 dias"
2017-04-21,15.9199999775738,6,5.41666666666667,0,9.58333333333333,0,6,100,TRUE,FALSE,TRUE,"n_users >= 85.0% de la mediana movil previa de 29 dias"
2017-04-22,15.9120000051335,6,2.33333333333333,0,13.1333333333333,0,6,100,TRUE,FALSE,TRUE,"n_users >= 85.0% de la mediana movil previa de 29 dias"
2017-04-23,16.6240000007674,6,2.08333333333333,0,12.9166666666667,0,6,100,TRUE,FALSE,TRUE,"n_users >= 85.0% de la mediana movil previa de 29 dias"
2017-04-24,13.5590000241064,6,0.65,0,14.35,0,6,100,TRUE,FALSE,TRUE,"n_users >= 85.0% de la mediana movil previa de 29 dias"
2017-04-25,17.5640000421554,6,2.18333333333333,0,12.8166666666667,0,6,100,TRUE,FALSE,TRUE,"n_users >= 85.0% de la mediana movil previa de 29 dias"
2017-04-26,17.1550001110882,6,10.0666666666667,0,4.93333333333333,0,6,100,TRUE,FALSE,TRUE,"n_users >= 85.0% de la mediana movil previa de 29 dias"
2017-04-27,15.6060000360012,6,9.73333333333333,0,5.26666666666667,0,6,100,TRUE,FALSE,TRUE,"n_users >= 85.0% de la mediana movil previa de 29 dias"
2017-04-28,17.4049999681301,6,9.05,0,5.95,0,6,100,TRUE,FALSE,TRUE,"n_users >= 85.0% de la mediana movil previa de 29 dias"
2017-04-29,15.2889999886975,6,5.9,0,9.1,0,6,100,TRUE,FALSE,TRUE,"n_users >= 85.0% de la mediana movil previa de 29 dias"
2017-04-30,13.985000028275,6,7.56666666666667,0,7.43333333333333,0,6,100,TRUE,FALSE,TRUE,"n_users >= 85.0% de la mediana movil previa de 29 dias"
2017-05-01,15.3559999857098,6,6.46666666666667,0,8.53333333333333,1,6,100,TRUE,FALSE,TRUE,"n_users >= 85.0% de la mediana movil previa de 29 dias"
2017-05-02,15.4030000334606,6,3.16666666666667,0,11.8333333333333,0,6,100,TRUE,FALSE,TRUE,"n_users >= 85.0% de la mediana movil previa de 29 dias"
2017-05-03,14.7819999726489,6,1.81666666666667,0,13.1833333333333,0,6,100,TRUE,FALSE,TRUE,"n_users >= 85.0% de la mediana movil previa de 29 dias"
2017-05-04,15.5429999623448,6,0.3,0,15.3666666666667,0,6,100,TRUE,FALSE,TRUE,"n_users >= 85.0% de la mediana movil previa de 29 dias"
2017-05-05,18.495000127703,6,0,0,17.8333333333333,0,6,100,TRUE,FALSE,TRUE,"n_users >= 85.0% de la mediana movil previa de 29 dias"
2017-05-06,18.5719999615103,6,1.25,0,13.75,0,6,100,TRUE,FALSE,TRUE,"n_users >= 85.0% de la mediana movil previa de 29 dias"
2017-05-07,18.1820000559092,6,1.88333333333333,0,13.1166666666667,0,6,100,TRUE,FALSE,TRUE,"n_users >= 85.0% de la mediana movil previa de 29 dias"
2017-05-08,19.9920000229031,6,2.6,0,12.4,0,6,100,TRUE,FALSE,TRUE,"n_users >= 85.0% de la mediana movil previa de 29 dias"
2017-05-09,18.1939999843016,6,1.78333333333333,0,13.2166666666667,0,6,100,TRUE,FALSE,TRUE,"n_users >= 85.0% de la mediana movil previa de 29 dias"
2017-05-10,18.1299999449402,6,0,0,17.5166666666667,0,6,100,TRUE,FALSE,TRUE,"n_users >= 85.0% de la mediana movil previa de 29 dias"
2017-05-11,19.6110000414774,6,0.666666666666667,0,14.6333333333333,0,6,100,TRUE,FALSE,TRUE,"n_users >= 85.0% de la mediana movil previa de 29 dias"
2017-05-12,19.4100000374019,6,0.083333333333333,0,15.3833333333333,0,6,100,TRUE,FALSE,TRUE,"n_users >= 85.0% de la mediana movil previa de 29 dias"
2017-05-13,18.9840000700206,6,0.166666666666666,0,14.8333333333333,0,6,100,TRUE,FALSE,TRUE,"n_users >= 85.0% de la mediana movil previa de 29 dias"
2017-05-14,18.6299999523908,6,0,0,16.1333333333333,0,6,100,TRUE,FALSE,TRUE,"n_users >= 85.0% de la mediana movil previa de 29 dias"
2017-05-15,18.9170000273734,6,0,0,17.0666666666667,0,6,100,TRUE,FALSE,TRUE,"n_users >= 85.0% de la mediana movil previa de 29 dias"
2017-05-16,19.5169999301434,6,0,0,20.8833333333333,0,6,100,TRUE,FALSE,TRUE,"n_users >= 85.0% de la mediana movil previa de 29 dias"
2017-05-17,19.5070000011474,6,0,0,16.9166666666667,0,6,100,TRUE,FALSE,TRUE,"n_users >= 85.0% de la mediana movil previa de 29 dias"
2017-05-18,18.8400000487454,6,4.03333333333333,0,10.9666666666667,0,6,100,TRUE,FALSE,TRUE,"n_users >= 85.0% de la mediana movil previa de 29 dias"
2017-05-19,19.4719999991357,6,4.73333333333333,0,10.2666666666667,0,6,100,TRUE,FALSE,TRUE,"n_users >= 85.0% de la mediana movil previa de 29 dias"
2017-05-20,18.3579999022186,6,3.38333333333333,0,11.6166666666667,0,6,100,TRUE,FALSE,TRUE,"n_users >= 85.0% de la mediana movil previa de 29 dias"
2017-05-21,17.6980000231415,6,0,0,15.8333333333333,0,6,100,TRUE,FALSE,TRUE,"n_users >= 85.0% de la mediana movil previa de 29 dias"
2017-05-22,21.8520001098514,7,0,0,18.0571428571429,0,6,116.666666666667,TRUE,FALSE,TRUE,"n_users >= 85.0% de la mediana movil previa de 29 dias"
2017-05-23,31.1659998064861,8,0,0,15.7875,0,6,133.333333333333,TRUE,FALSE,TRUE,"n_users >= 85.0% de la mediana movil previa de 29 dias"
2017-05-24,29.6729999259114,8,0,0,19.6125,0,6,133.333333333333,TRUE,FALSE,TRUE,"n_users >= 85.0% de la mediana movil previa de 29 dias"
2017-05-25,29.3939999397844,8,0,0.6625,22.2875,0,6,133.333333333333,TRUE,FALSE,TRUE,"n_users >= 85.0% de la mediana movil previa de 29 dias"
2017-05-26,31.3270000959747,9,0,0.444444444444444,22.4444444444444,0,6,150,TRUE,FALSE,TRUE,"n_users >= 85.0% de la mediana movil previa de 29 dias"
2017-05-27,32.4789999872446,9,0,0.144444444444445,21.0333333333333,0,6,150,TRUE,FALSE,TRUE,"n_users >= 85.0% de la mediana movil previa de 29 dias"
2017-05-28,80.6700000921264,21,0,0.69047619047619,22.6904761904762,0,6,350,TRUE,FALSE,TRUE,"n_users >= 85.0% de la mediana movil previa de 29 dias"
2017-05-29,290.818000150379,66,0,0.00303030303030302,18.6272727272727,0,6,1100,TRUE,FALSE,TRUE,"n_users >= 85.0% de la mediana movil previa de 29 dias"
2017-05-30,3709.96199883276,611,0,0,17.1556464811784,0,6,10183.3333333333,TRUE,FALSE,TRUE,"n_users >= 85.0% de la mediana movil previa de 29 dias"
2017-05-31,31738.9050184964,5120,0,0,19.2866601562499,0,6,85333.3333333333,TRUE,FALSE,TRUE,"n_users >= 85.0% de la mediana movil previa de 29 dias"
2017-06-01,32036.0340151641,5161,0,0.0132919976748692,20.3751598527418,0,6,86016.6666666667,TRUE,FALSE,TRUE,"n_users >= 85.0% de la mediana movil previa de 29 dias"
2017-06-02,32256.4280164998,5197,0,0.0358283625168366,18.0229747931498,0,6,86616.6666666667,TRUE,FALSE,TRUE,"n_users >= 85.0% de la mediana movil previa de 29 dias"
2017-06-03,31731.1050277397,5205,0.790470701248798,0.00941402497598463,14.7963496637848,0,6,86750,TRUE,FALSE,TRUE,"n_users >= 85.0% de la mediana movil previa de 29 dias"
2017-06-04,32535.4840054789,5208,2.02027649769585,0,13.0371159754224,0,6,86800,TRUE,FALSE,TRUE,"n_users >= 85.0% de la mediana movil previa de 29 dias"
2017-06-05,32386.8190114984,5222,0,0,17.4801417081578,0,6,87033.3333333333,TRUE,FALSE,TRUE,"n_users >= 85.0% de la mediana movil previa de 29 dias"
2017-06-06,33159.1800057372,5244,0.667143401983218,0.000934401220442424,15.5278604118993,0,7,74914.2857142857,TRUE,FALSE,TRUE,"n_users >= 85.0% de la mediana movil previa de 29 dias"
2017-06-07,32139.387013165,5260,0,0.00558935361216731,16.8976996197719,0,8,65750,TRUE,FALSE,TRUE,"n_users >= 85.0% de la mediana movil previa de 29 dias"
2017-06-08,32861.7620104628,5270,0,0.839734345351042,22.3305123339658,0,8,65875,TRUE,FALSE,TRUE,"n_users >= 85.0% de la mediana movil previa de 29 dias"
2017-06-09,31535.4270157529,5283,0,0.0371001325004732,17.7014764338444,0,8,66037.5,TRUE,FALSE,TRUE,"n_users >= 85.0% de la mediana movil previa de 29 dias"
2017-06-10,30004.0700220304,5289,0,0.370485914161467,21.8140858385329,0,9,58766.6666666667,TRUE,FALSE,TRUE,"n_users >= 85.0% de la mediana movil previa de 29 dias"
2017-06-11,31338.1390159802,5292,0,0.520861678004535,20.7791950113379,0,9,58800,TRUE,FALSE,TRUE,"n_users >= 85.0% de la mediana movil previa de 29 dias"
2017-06-12,34048.5010135475,5301,0,0.245878136200717,19.4412940954538,0,21,25242.8571428571,TRUE,FALSE,TRUE,"n_users >= 85.0% de la mediana movil previa de 29 dias"
2017-06-13,33620.2550109717,5311,0,0.526473357183204,21.7409715684429,0,66,8046.9696969697,TRUE,FALSE,TRUE,"n_users >= 85.0% de la mediana movil previa de 29 dias"
2017-06-14,33672.1460098897,5329,0,0.663858134734472,21.7861700131357,0,611,872.176759410802,TRUE,FALSE,TRUE,"n_users >= 85.0% de la mediana movil previa de 29 dias"
2017-06-15,33930.6500101768,5351,0,0.0750887684544945,18.2773874042235,0,5120,104.51171875,TRUE,FALSE,TRUE,"n_users >= 85.0% de la mediana movil previa de 29 dias"
2017-06-16,32389.429012466,5381,0,0.0659728674967478,19.4237130644862,0,5161,104.262739779113,TRUE,FALSE,TRUE,"n_users >= 85.0% de la mediana movil previa de 29 dias"
2017-06-17,30256.6640250534,5383,0,0.219617313765558,20.9905628831506,0,5197,103.578987877622,TRUE,FALSE,TRUE,"n_users >= 85.0% de la mediana movil previa de 29 dias"
2017-06-18,31064.2420114616,5387,0,0.850157787265639,22.451605717468,0,5205,103.496637848223,TRUE,FALSE,TRUE,"n_users >= 85.0% de la mediana movil previa de 29 dias"
2017-06-19,34764.0520168087,5397,0,6.03327774689644,28.0332777468964,0,5208,103.629032258065,TRUE,FALSE,TRUE,"n_users >= 85.0% de la mediana movil previa de 29 dias"
2017-06-20,34753.1409942586,5412,0,4.63601256467112,26.636012564671,0,5222,103.638452700115,TRUE,FALSE,TRUE,"n_users >= 85.0% de la mediana movil previa de 29 dias"
2017-06-21,34707.4710159849,5422,0,5.58887864256733,27.5888786425672,0,5244,103.394355453852,TRUE,FALSE,TRUE,"n_users >= 85.0% de la mediana movil previa de 29 dias"
2017-06-22,34790.0160105536,5440,0,1.14176470588235,21.9715625000001,0,5260,103.422053231939,TRUE,FALSE,TRUE,"n_users >= 85.0% de la mediana movil previa de 29 dias"
2017-06-23,33089.7190057094,5461,0,0.208130379051456,20.0023805163889,0,5270,103.624288425047,TRUE,FALSE,TRUE,"n_users >= 85.0% de la mediana movil previa de 29 dias"
2017-06-24,31185.5070137675,5465,0,0.0439158279963404,19.6400365965233,0,5283,103.445012303615,TRUE,FALSE,TRUE,"n_users >= 85.0% de la mediana movil previa de 29 dias"
2017-06-25,31458.39401049,5466,0,0.191767288693743,19.6302963776071,0,5289,103.346568349404,TRUE,FALSE,TRUE,"n_users >= 85.0% de la mediana movil previa de 29 dias"
2017-06-26,34143.1090136159,5471,0,0.0875525498080788,21.9078779016632,0,5292,103.38246409675,TRUE,FALSE,TRUE,"n_users >= 85.0% de la mediana movil previa de 29 dias"
2017-06-27,34003.6530141104,5492,0,0.038638018936635,19.5733066278222,0,5301,103.603093755895,TRUE,FALSE,TRUE,"n_users >= 85.0% de la mediana movil previa de 29 dias"
2017-06-28,33893.3010141582,5509,0,0.00092575785078963,19.5033762933381,0,5311,103.728111466767,TRUE,FALSE,TRUE,"n_users >= 85.0% de la mediana movil previa de 29 dias"
2017-06-29,33264.8920143956,5529,0.265472960752396,0,16.3352504973775,0,5329,103.753049352599,TRUE,FALSE,TRUE,"n_users >= 85.0% de la mediana movil previa de 29 dias"
2017-06-30,32924.0010037549,5536,0.802203757225433,0,14.3553829479769,0,5351,103.457297701364,TRUE,FALSE,TRUE,"n_users >= 85.0% de la mediana movil previa de 29 dias"
2017-07-01,31633.0280129829,5540,1.15380866425993,0,14.1903429602888,0,5381,102.954841107601,TRUE,FALSE,TRUE,"n_users >= 85.0% de la mediana movil previa de 29 dias"
2017-07-02,30832.2380119601,5542,0,0,16.6970768675569,0,5383,102.953743265837,TRUE,FALSE,TRUE,"n_users >= 85.0% de la mediana movil previa de 29 dias"
2017-07-03,33019.7380081596,5558,0,0.0308744152572868,18.0238934868658,0,5387,103.174308520512,TRUE,FALSE,TRUE,"n_users >= 85.0% de la mediana movil previa de 29 dias"
2017-07-04,33037.9020094805,5572,0,2.07882268485284,24.0788226848529,0,5397,103.242542153048,TRUE,FALSE,TRUE,"n_users >= 85.0% de la mediana movil previa de 29 dias"
2017-07-05,33735.5670139048,5583,0,2.57332975102991,24.5733297510299,0,5412,103.159645232816,TRUE,FALSE,TRUE,"n_users >= 85.0% de la mediana movil previa de 29 dias"
2017-07-06,32881.5730057949,5594,0,0.557954951734001,21.5740793707544,0,5422,103.172261158244,TRUE,FALSE,TRUE,"n_users >= 85.0% de la mediana movil previa de 29 dias"
2017-07-07,32495.5660204906,5597,0,0.349258531356084,21.6144184384492,0,5440,102.886029411765,TRUE,FALSE,TRUE,"n_users >= 85.0% de la mediana movil previa de 29 dias"
2017-07-08,31759.5650143278,5598,0,0.0916398713826367,19.6270811003931,0,5461,102.508698040652,TRUE,FALSE,TRUE,"n_users >= 85.0% de la mediana movil previa de 29 dias"
2017-07-09,31444.4230182561,5598,0,0.0142015005359057,20.2812611647017,0,5465,102.433668801464,TRUE,FALSE,TRUE,"n_users >= 85.0% de la mediana movil previa de 29 dias"
2017-07-10,34243.8080121115,5607,0,0.028892455858748,19.145924736936,0,5466,102.57958287596,TRUE,FALSE,TRUE,"n_users >= 85.0% de la mediana movil previa de 29 dias"
2017-07-11,33205.9910097786,5632,0,0.111061789772727,19.7603160511362,0,5471,102.942789252422,TRUE,FALSE,TRUE,"n_users >= 85.0% de la mediana movil previa de 29 dias"
2017-07-12,33667.0620119957,5647,0,0.0516380378962281,19.219975208075,0,5492,102.822286962855,TRUE,FALSE,TRUE,"n_users >= 85.0% de la mediana movil previa de 29 dias"
2017-07-13,33662.3550042608,5666,0,0.078150370631839,19.6638192728556,0,5509,102.849882011254,TRUE,FALSE,TRUE,"n_users >= 85.0% de la mediana movil previa de 29 dias"
2017-07-14,32917.0520179814,5670,0,0.0882716049382716,19.3263668430335,0,5529,102.550189907759,TRUE,FALSE,TRUE,"n_users >= 85.0% de la mediana movil previa de 29 dias"
2017-07-15,30918.063015945,5673,0,0.065926317644985,19.8198836594394,0,5536,102.474710982659,TRUE,FALSE,TRUE,"n_users >= 85.0% de la mediana movil previa de 29 dias"
2017-07-16,30716.0820146345,5673,0,0.252071214524943,21.4174158293671,0,5540,102.400722021661,TRUE,FALSE,TRUE,"n_users >= 85.0% de la mediana movil previa de 29 dias"
2017-07-17,34317.5970097748,5680,0,4.93404929577464,26.9340492957747,0,5542,102.490075784915,TRUE,FALSE,TRUE,"n_users >= 85.0% de la mediana movil previa de 29 dias"
2017-07-18,35461.6130050028,5693,0,4.67064816441242,26.6706481644124,0,5558,102.428931270241,TRUE,FALSE,TRUE,"n_users >= 85.0% de la mediana movil previa de 29 dias"
2017-07-19,34679.3250109913,5715,0,0.842397200349955,21.8318985126859,0,5572,102.5664034458,TRUE,FALSE,TRUE,"n_users >= 85.0% de la mediana movil previa de 29 dias"
2017-07-20,34759.3730032094,5730,0,0.0293193717277487,17.3089005235602,0,5583,102.632993014508,TRUE,FALSE,TRUE,"n_users >= 85.0% de la mediana movil previa de 29 dias"
2017-07-21,33498.1540105744,5738,0,0.0337748344370861,17.5878354827466,0,5594,102.574186628531,TRUE,FALSE,TRUE,"n_users >= 85.0% de la mediana movil previa de 29 dias"
2017-07-22,30791.3020062593,5741,0,0.0438599547117226,19.2937118968821,0,5597,102.572806860818,TRUE,FALSE,TRUE,"n_users >= 85.0% de la mediana movil previa de 29 dias"
2017-07-23,29691.608013364,5742,0,0.0287878787878788,19.5464298153953,0,5598,102.572347266881,TRUE,FALSE,TRUE,"n_users >= 85.0% de la mediana movil previa de 29 dias"
2017-07-24,32971.0610172699,5748,0,0.0307933194154489,18.474652052888,0,5598,102.679528403001,TRUE,FALSE,TRUE,"n_users >= 85.0% de la mediana movil previa de 29 dias"
2017-07-25,32145.3040234804,5750,0,0.0225739130434783,17.7137391304348,1,5607,102.55038344926,TRUE,FALSE,TRUE,"n_users >= 85.0% de la mediana movil previa de 29 dias"
2017-07-26,33509.0700188385,5766,0,0.0317204301075269,18.8959070412765,0,5632,102.379261363636,TRUE,FALSE,TRUE,"n_users >= 85.0% de la mediana movil previa de 29 dias"
2017-07-27,33223.232010705,5800,0,0.101534482758621,20.8140862068965,0,5647,102.70940322295,TRUE,FALSE,TRUE,"n_users >= 85.0% de la mediana movil previa de 29 dias"
2017-07-28,33320.1270187562,5807,0,0.563423454451526,21.6275012915446,0,5666,102.488528062125,TRUE,FALSE,TRUE,"n_users >= 85.0% de la mediana movil previa de 29 dias"
2017-07-29,30648.1860126387,5809,0,1.05121363401618,22.8883628851782,0,5670,102.451499118166,TRUE,FALSE,TRUE,"n_users >= 85.0% de la mediana movil previa de 29 dias"
2017-07-30,30836.8580155366,5810,0,0.326781411359725,20.5541824440619,0,5673,102.414947999295,TRUE,FALSE,TRUE,"n_users >= 85.0% de la mediana movil previa de 29 dias"
2017-07-31,32437.8380096491,5811,0,0.202753398726553,19.54957838582,0,5673,102.432575356954,TRUE,FALSE,TRUE,"n_users >= 85.0% de la mediana movil previa de 29 dias"
2017-08-01,33709.8190146221,5815,0,0.0419604471195185,20.1472742906277,0,5680,102.37676056338,TRUE,FALSE,TRUE,"n_users >= 85.0% de la mediana movil previa de 29 dias"
2017-08-02,32748.5420068713,5823,0,0.821363558303282,21.9267044478792,0,5693,102.283506060074,TRUE,FALSE,TRUE,"n_users >= 85.0% de la mediana movil previa de 29 dias"
2017-08-03,32997.7110274236,5839,0,0.772598047610892,22.4069874978593,0,5715,102.169728783902,TRUE,FALSE,TRUE,"n_users >= 85.0% de la mediana movil previa de 29 dias"
2017-08-04,32674.6220096105,5840,0,2.48988013698629,24.4898801369863,0,5730,101.919720767888,TRUE,FALSE,TRUE,"n_users >= 85.0% de la mediana movil previa de 29 dias"
2017-08-05,31834.8580097751,5845,0,0.0907955517536356,19.9550556030795,0,5738,101.86476124085,TRUE,FALSE,TRUE,"n_users >= 85.0% de la mediana movil previa de 29 dias"
2017-08-06,30272.9640149126,5846,0,0.0709544988026001,19.3924050632912,0,5741,101.828949660338,TRUE,FALSE,TRUE,"n_users >= 85.0% de la mediana movil previa de 29 dias"
2017-08-07,32531.2100155329,5848,0,0.285362517099863,20.709011627907,0,5742,101.846046673633,TRUE,FALSE,TRUE,"n_users >= 85.0% de la mediana movil previa de 29 dias"
2017-08-08,32145.7510163605,5866,0,0.0147971360381861,17.4062563927719,0,5748,102.05288796103,TRUE,FALSE,TRUE,"n_users >= 85.0% de la mediana movil previa de 29 dias"
2017-08-09,32265.0280146488,5872,0,0.0042234332425068,16.4402247956404,0,5750,102.121739130435,TRUE,FALSE,TRUE,"n_users >= 85.0% de la mediana movil previa de 29 dias"
2017-08-10,32263.783028223,5882,0.0182930975858551,0,16.2552533151989,0,5766,102.011793270898,TRUE,FALSE,TRUE,"n_users >= 85.0% de la mediana movil previa de 29 dias"
2017-08-11,30660.8940090156,5884,0,0,16.6600951733515,0,5800,101.448275862069,TRUE,FALSE,TRUE,"n_users >= 85.0% de la mediana movil previa de 29 dias"
2017-08-12,28783.3170173583,5885,0,0.016856414613424,17.4524893797791,0,5807,101.343206474944,TRUE,FALSE,TRUE,"n_users >= 85.0% de la mediana movil previa de 29 dias"
2017-08-13,28571.5330083736,5885,0,0.0784536958368734,19.1662022090059,0,5809,101.308314684111,TRUE,FALSE,TRUE,"n_users >= 85.0% de la mediana movil previa de 29 dias"
2017-08-14,30356.8060126051,5896,0,3.50578358208956,25.5057835820895,0,5810,101.480206540447,TRUE,FALSE,TRUE,"n_users >= 85.0% de la mediana movil previa de 29 dias"
2017-08-15,31006.5110145544,5901,0,0.304880528723945,20.6439078122351,1,5811,101.548786783686,TRUE,FALSE,TRUE,"n_users >= 85.0% de la mediana movil previa de 29 dias"
2017-08-16,32225.8740052119,5903,0,0.0909876334067423,20.6804167372523,0,5815,101.513327601032,TRUE,FALSE,TRUE,"n_users >= 85.0% de la mediana movil previa de 29 dias"
2017-08-17,31864.416012608,5953,0,0.224189484293634,20.6712917856542,0,5823,102.23252618925,TRUE,FALSE,TRUE,"n_users >= 85.0% de la mediana movil previa de 29 dias"
2017-08-18,32279.0620132029,5960,0,0.0719798657718121,20.6621140939597,0,5839,102.072272649426,TRUE,FALSE,TRUE,"n_users >= 85.0% de la mediana movil previa de 29 dias"
2017-08-19,30785.0530143152,5960,0,0.0676174496644295,18.9692617449665,0,5840,102.054794520548,TRUE,FALSE,TRUE,"n_users >= 85.0% de la mediana movil previa de 29 dias"
2017-08-20,30224.4480253691,5960,0,0.0654362416107383,18.4323489932886,0,5845,101.96749358426,TRUE,FALSE,TRUE,"n_users >= 85.0% de la mediana movil previa de 29 dias"
2017-08-21,32574.2060210383,5965,0,0.962967309304275,22.8881139983236,0,5846,102.035579883681,TRUE,FALSE,TRUE,"n_users >= 85.0% de la mediana movil previa de 29 dias"
2017-08-22,33412.2790119359,5974,0,2.01372614663542,24.0137261466354,0,5848,102.154582763338,TRUE,FALSE,TRUE,"n_users >= 85.0% de la mediana movil previa de 29 dias"
2017-08-23,33966.8450157015,5982,0,0.3197592778335,21.1212637913742,0,5866,101.977497442891,TRUE,FALSE,TRUE,"n_users >= 85.0% de la mediana movil previa de 29 dias"
2017-08-24,33985.6280156894,5992,0,1.32680240320427,22.7129839786382,0,5872,102.043596730245,TRUE,FALSE,TRUE,"n_users >= 85.0% de la mediana movil previa de 29 dias"
2017-08-25,33613.2590127558,5995,0,0.949040867389489,21.8847539616346,0,5882,101.921115266916,TRUE,FALSE,TRUE,"n_users >= 85.0% de la mediana movil previa de 29 dias"
2017-08-26,32638.4210159977,5997,0,1.92838085709522,23.8465399366351,0,5884,101.920462270564,TRUE,FALSE,TRUE,"n_users >= 85.0% de la mediana movil previa de 29 dias"
2017-08-27,33929.7100053936,5997,0,0.733616808404202,22.4918292479573,0,5885,101.903143585387,TRUE,FALSE,TRUE,"n_users >= 85.0% de la mediana movil previa de 29 dias"
2017-08-28,36853.4440161356,6004,0,1.0771818787475,22.6030979347102,0,5885,102.022090059473,TRUE,FALSE,TRUE,"n_users >= 85.0% de la mediana movil previa de 29 dias"
2017-08-29,36776.8470131545,6022,0,0.405911657256725,21.1639986715378,0,5896,102.137042062415,TRUE,FALSE,TRUE,"n_users >= 85.0% de la mediana movil previa de 29 dias"
2017-08-30,38345.6850096083,6057,0,0,20.2042265147763,0,5901,102.64361972547,TRUE,FALSE,TRUE,"n_users >= 85.0% de la mediana movil previa de 29 dias"
2017-08-31,37342.7390060179,6066,0,0.0112100230794593,17.3849818661391,0,5903,102.761307809588,TRUE,FALSE,TRUE,"n_users >= 85.0% de la mediana movil previa de 29 dias"
2017-09-01,36767.9200094618,6071,0,0.00448031625761817,17.03426124197,0,5953,101.982193851839,TRUE,FALSE,TRUE,"n_users >= 85.0% de la mediana movil previa de 29 dias"
2017-09-02,34897.14402641,6075,0,0,17.2601810699588,0,5960,101.929530201342,TRUE,FALSE,TRUE,"n_users >= 85.0% de la mediana movil previa de 29 dias"
2017-09-03,35489.0160195375,6076,0,0.011191573403555,19.5312705727453,0,5960,101.946308724832,TRUE,FALSE,TRUE,"n_users >= 85.0% de la mediana movil previa de 29 dias"
2017-09-04,38978.8850084724,6082,0,0.00670831963170011,19.7700756330153,0,5960,102.046979865772,TRUE,FALSE,TRUE,"n_users >= 85.0% de la mediana movil previa de 29 dias"
2017-09-05,39009.8030052142,6089,0,0.0201018229594351,19.93330596157,0,5965,102.078792958927,TRUE,FALSE,TRUE,"n_users >= 85.0% de la mediana movil previa de 29 dias"
2017-09-06,39707.2760122743,6098,0,0.0390291898983273,18.2505247622171,0,5974,102.075661198527,TRUE,FALSE,TRUE,"n_users >= 85.0% de la mediana movil previa de 29 dias"
2017-09-07,38793.4420059156,6103,0,0.0222841225626741,17.7501228903819,0,5982,102.022734871281,TRUE,FALSE,TRUE,"n_users >= 85.0% de la mediana movil previa de 29 dias"
2017-09-08,37097.7400073615,6109,0,0,17.0696677033884,0,5992,101.952603471295,TRUE,FALSE,TRUE,"n_users >= 85.0% de la mediana movil previa de 29 dias"
2017-09-09,37504.4000178755,6109,0.0925683417908004,0,15.825601571452,0,5995,101.901584653878,TRUE,FALSE,TRUE,"n_users >= 85.0% de la mediana movil previa de 29 dias"
2017-09-10,38512.6380105739,6111,0,0,16.371952217313,0,5997,101.900950475238,TRUE,FALSE,TRUE,"n_users >= 85.0% de la mediana movil previa de 29 dias"
2017-09-11,40640.9750121998,6118,0,0,17.0736351748937,0,5997,102.017675504419,TRUE,FALSE,TRUE,"n_users >= 85.0% de la mediana movil previa de 29 dias"
2017-09-12,40189.0565219545,6126,0,0,17.3515344433562,0,6004,102.031978680879,TRUE,FALSE,TRUE,"n_users >= 85.0% de la mediana movil previa de 29 dias"
2017-09-13,39296.6350138041,6138,0,0,19.1876181166503,0,6022,101.926270342079,TRUE,FALSE,TRUE,"n_users >= 85.0% de la mediana movil previa de 29 dias"
2017-09-14,40045.132013138,6139,0.578042026388663,0,14.9315035021991,0,6057,101.353805514281,TRUE,FALSE,TRUE,"n_users >= 85.0% de la mediana movil previa de 29 dias"
2017-09-15,39499.1170099669,6162,1.61316131126257,0,13.4199448231093,0,6066,101.582591493571,TRUE,FALSE,TRUE,"n_users >= 85.0% de la mediana movil previa de 29 dias"
2017-09-16,38013.1360116906,6166,2.41868310087577,0,12.585728186831,0,6071,101.564816339977,TRUE,FALSE,TRUE,"n_users >= 85.0% de la mediana movil previa de 29 dias"
2017-09-17,39161.582016172,6167,0.782000972920381,0,14.3575806713151,0,6075,101.514403292181,TRUE,FALSE,TRUE,"n_users >= 85.0% de la mediana movil previa de 29 dias"
2017-09-18,42278.4250079546,6177,0.488910474340296,0,14.8575360207221,0,6076,101.662277814352,TRUE,FALSE,TRUE,"n_users >= 85.0% de la mediana movil previa de 29 dias"
2017-09-19,41202.8240217477,6194,0.822166612851148,0,14.4389086212463,0,6082,101.841499506741,TRUE,FALSE,TRUE,"n_users >= 85.0% de la mediana movil previa de 29 dias"
2017-09-20,40402.2410030412,6198,0.378509196515005,0,15.3277831558567,0,6089,101.7901133191,TRUE,FALSE,TRUE,"n_users >= 85.0% de la mediana movil previa de 29 dias"
2017-09-21,40453.0460134533,6211,0.0591853163741748,0,16.36760586057,0,6098,101.853066579206,TRUE,FALSE,TRUE,"n_users >= 85.0% de la mediana movil previa de 29 dias"
2017-09-22,39966.9970022377,6213,0.0296153227104457,0,16.0145984226621,0,6103,101.802392266099,TRUE,FALSE,TRUE,"n_users >= 85.0% de la mediana movil previa de 29 dias"
2017-09-23,36929.1750084222,6222,0,0.0672131147540981,20.2519447123111,0,6109,101.849729906695,TRUE,FALSE,TRUE,"n_users >= 85.0% de la mediana movil previa de 29 dias"
2017-09-24,38000.5450071184,6222,0,0,19.4324654451944,0,6109,101.849729906695,TRUE,FALSE,TRUE,"n_users >= 85.0% de la mediana movil previa de 29 dias"
2017-09-25,42176.1490087871,6227,0,0,17.3359563192548,0,6111,101.898216331206,TRUE,FALSE,TRUE,"n_users >= 85.0% de la mediana movil previa de 29 dias"
2017-09-26,41284.3150232042,6234,0,0,16.8773179339108,0,6118,101.896044458974,TRUE,FALSE,TRUE,"n_users >= 85.0% de la mediana movil previa de 29 dias"
2017-09-27,40686.7610125279,6248,0,0,18.8339788732394,0,6126,101.991511589944,TRUE,FALSE,TRUE,"n_users >= 85.0% de la mediana movil previa de 29 dias"
2017-09-28,40278.9740158088,6275,0,0.168525896414343,21.308,0,6138,102.231997393288,TRUE,FALSE,TRUE,"n_users >= 85.0% de la mediana movil previa de 29 dias"
2017-09-29,39571.1600139966,6289,0,0,19.6264906980443,0,6139,102.443394689689,TRUE,FALSE,TRUE,"n_users >= 85.0% de la mediana movil previa de 29 dias"
2017-09-30,39494.0860073089,6293,0.217193707293818,0,15.5544096615287,0,6162,102.125933138591,TRUE,FALSE,TRUE,"n_users >= 85.0% de la mediana movil previa de 29 dias"
2017-10-01,41304.348007272,6293,0.197107897664071,0,15.6929127602098,0,6166,102.059682127798,TRUE,FALSE,TRUE,"n_users >= 85.0% de la mediana movil previa de 29 dias"
2017-10-02,42936.4200069931,6296,0,0,18.5105146124524,0,6167,102.091778822766,TRUE,FALSE,TRUE,"n_users >= 85.0% de la mediana movil previa de 29 dias"
2017-10-03,42384.7680092534,6306,0,0,18.7856961623849,0,6177,102.088392423507,TRUE,FALSE,TRUE,"n_users >= 85.0% de la mediana movil previa de 29 dias"
2017-10-04,42023.182021487,6313,0,0.00332646919055917,19.3802946301282,0,6194,101.92121407814,TRUE,FALSE,TRUE,"n_users >= 85.0% de la mediana movil previa de 29 dias"
2017-10-05,42402.6640018355,6321,0.0880873279544377,0,17.7468122132573,0,6198,101.984511132623,TRUE,FALSE,TRUE,"n_users >= 85.0% de la mediana movil previa de 29 dias"
2017-10-06,41139.0730057996,6331,0.801942821039328,0,14.2731164113095,0,6211,101.932056029625,TRUE,FALSE,TRUE,"n_users >= 85.0% de la mediana movil previa de 29 dias"
2017-10-07,38855.6010162188,6331,1.22933185910599,0,13.9603538145633,0,6213,101.899243521648,TRUE,FALSE,TRUE,"n_users >= 85.0% de la mediana movil previa de 29 dias"
2017-10-08,39978.6170177313,6332,1.45805432722679,0,13.648989260897,0,6222,101.767920282867,TRUE,FALSE,TRUE,"n_users >= 85.0% de la mediana movil previa de 29 dias"
2017-10-09,42361.9200159151,6339,0.622748067518535,0,14.7414418678024,0,6222,101.880424300868,TRUE,FALSE,TRUE,"n_users >= 85.0% de la mediana movil previa de 29 dias"
2017-10-10,42374.955011416,6351,0.0823807274444968,0,15.5129113525429,0,6227,101.991328087361,TRUE,FALSE,TRUE,"n_users >= 85.0% de la mediana movil previa de 29 dias"
2017-10-11,40927.44702337,6363,0,0,17.8450102153072,0,6234,102.069297401347,TRUE,FALSE,TRUE,"n_users >= 85.0% de la mediana movil previa de 29 dias"
2017-10-12,38430.4040124867,6368,0,0,17.3435929648241,1,6248,101.920614596671,TRUE,FALSE,TRUE,"n_users >= 85.0% de la mediana movil previa de 29 dias"
2017-10-13,37800.9540188464,6372,0,0,19.3198367859384,0,6275,101.545816733068,TRUE,FALSE,TRUE,"n_users >= 85.0% de la mediana movil previa de 29 dias"
2017-10-14,36269.4990186195,6374,0,0.538437401945402,21.1904926262944,0,6289,101.351566226745,TRUE,FALSE,TRUE,"n_users >= 85.0% de la mediana movil previa de 29 dias"
2017-10-15,38940.3349999711,6374,0,2.10931910887982,23.2245058048322,0,6293,101.28714444621,TRUE,FALSE,TRUE,"n_users >= 85.0% de la mediana movil previa de 29 dias"
2017-10-16,42916.7930143734,6376,0,0,20.6940715181933,0,6293,101.318925790561,TRUE,FALSE,TRUE,"n_users >= 85.0% de la mediana movil previa de 29 dias"
2017-10-17,42865.8050121043,6411,0,0,19.4031820308844,0,6296,101.826556543837,TRUE,FALSE,TRUE,"n_users >= 85.0% de la mediana movil previa de 29 dias"
2017-10-18,44079.6744978867,6424,0.273630136986301,0,15.4445516811955,0,6306,101.871233745639,TRUE,FALSE,TRUE,"n_users >= 85.0% de la mediana movil previa de 29 dias"
2017-10-19,42530.6175187049,6452,0.273744575325481,0,15.6517823930564,0,6313,102.201805797561,TRUE,FALSE,TRUE,"n_users >= 85.0% de la mediana movil previa de 29 dias"
2017-10-20,41433.7165180004,6465,0.0191802010827532,0,18.0510750193349,0,6321,102.278120550546,TRUE,FALSE,TRUE,"n_users >= 85.0% de la mediana movil previa de 29 dias"
2017-10-21,42131.7550138993,6465,0.23016241299304,0,17.0453518948182,0,6331,102.11656926236,TRUE,FALSE,TRUE,"n_users >= 85.0% de la mediana movil previa de 29 dias"
2017-10-22,43729.7500178561,6465,2.65797370456303,0,12.342026295437,0,6331,102.11656926236,TRUE,FALSE,TRUE,"n_users >= 85.0% de la mediana movil previa de 29 dias"
2017-10-23,44429.6540175643,6471,1.39865554010199,0,13.7346777932314,0,6332,102.195198989261,TRUE,FALSE,TRUE,"n_users >= 85.0% de la mediana movil previa de 29 dias"
2017-10-24,44447.2595125168,6478,0.222352577956159,0,16.5849181846249,0,6339,102.192774885629,TRUE,FALSE,TRUE,"n_users >= 85.0% de la mediana movil previa de 29 dias"
2017-10-25,44003.6225043518,6487,0.0435640511792817,0,18.0060736858331,0,6351,102.141395055897,TRUE,FALSE,TRUE,"n_users >= 85.0% de la mediana movil previa de 29 dias"
2017-10-26,43438.6680066548,6495,0,0,17.7090377213242,0,6363,102.074493163602,TRUE,FALSE,TRUE,"n_users >= 85.0% de la mediana movil previa de 29 dias"
2017-10-27,43443.522528737,6515,0.845218726016883,0,14.4183883346124,0,6368,102.308417085427,TRUE,FALSE,TRUE,"n_users >= 85.0% de la mediana movil previa de 29 dias"
2017-10-28,42762.9535182412,6536,1.76814565483476,0,13.244094247246,0,6372,102.573760200879,TRUE,FALSE,TRUE,"n_users >= 85.0% de la mediana movil previa de 29 dias"
2017-10-29,45399.7460089244,6536,3.06294369645044,0,11.9370563035496,0,6374,102.541575149043,TRUE,FALSE,TRUE,"n_users >= 85.0% de la mediana movil previa de 29 dias"
2017-10-30,47335.3995073674,6536,3.15902692778457,0,11.8409730722154,0,6374,102.541575149043,TRUE,FALSE,TRUE,"n_users >= 85.0% de la mediana movil previa de 29 dias"
2017-10-31,45959.0495126282,6543,4.02318508329514,0,10.9768149167049,0,6376,102.619196988708,TRUE,FALSE,TRUE,"n_users >= 85.0% de la mediana movil previa de 29 dias"
2017-11-01,46406.2625088973,6559,1.03442597957006,0,15.6748589724042,1,6411,102.308532210264,TRUE,FALSE,TRUE,"n_users >= 85.0% de la mediana movil previa de 29 dias"
2017-11-02,45681.3540089984,6562,0.62183785431271,0,17.4740627857359,0,6424,102.148194271482,TRUE,FALSE,TRUE,"n_users >= 85.0% de la mediana movil previa de 29 dias"
2017-11-03,44517.5280218099,6573,0.278746386733607,0,16.8794462193823,0,6452,101.875387476751,TRUE,FALSE,TRUE,"n_users >= 85.0% de la mediana movil previa de 29 dias"
2017-11-04,45492.1155089485,6590,1.73380880121396,0,13.266191198786,0,6465,101.933488012374,TRUE,FALSE,TRUE,"n_users >= 85.0% de la mediana movil previa de 29 dias"
2017-11-05,49055.3055195608,6595,3.64705079605764,0,11.3529492039424,0,6465,102.010827532869,TRUE,FALSE,TRUE,"n_users >= 85.0% de la mediana movil previa de 29 dias"
2017-11-06,50917.7704918308,6595,5.46042456406367,0,9.53957543593637,0,6465,102.010827532869,TRUE,FALSE,TRUE,"n_users >= 85.0% de la mediana movil previa de 29 dias"
2017-11-07,52271.6080199152,6596,6.56397816858703,0,8.43602183141296,0,6471,101.931695255756,TRUE,FALSE,TRUE,"n_users >= 85.0% de la mediana movil previa de 29 dias"
2017-11-08,55531.7150009539,6613,7.0789959171329,0,7.92100408286709,0,6478,102.083976535968,TRUE,FALSE,TRUE,"n_users >= 85.0% de la mediana movil previa de 29 dias"
2017-11-09,55716.7290115351,6627,5.87311000452692,0,9.12688999547304,1,6487,102.158162478804,TRUE,FALSE,TRUE,"n_users >= 85.0% de la mediana movil previa de 29 dias"
2017-11-10,54672.1520151863,6643,4.3360529881078,0,10.6639470118922,0,6495,102.278675904542,TRUE,FALSE,TRUE,"n_users >= 85.0% de la mediana movil previa de 29 dias"
2017-11-11,52886.6300011741,6652,2.51094407696932,0,12.4890559230306,0,6515,102.102839600921,TRUE,FALSE,TRUE,"n_users >= 85.0% de la mediana movil previa de 29 dias"
2017-11-12,53375.3605206497,6655,2.07764087152517,0,12.9223591284748,0,6536,101.820685434517,TRUE,FALSE,TRUE,"n_users >= 85.0% de la mediana movil previa de 29 dias"
2017-11-13,55936.7689964545,6656,6.10099158653846,0,8.89900841346155,0,6536,101.835985312118,TRUE,FALSE,TRUE,"n_users >= 85.0% de la mediana movil previa de 29 dias"
2017-11-14,56474.0850148146,6659,8.04336987535664,0,6.95663012464335,0,6536,101.88188494492,TRUE,FALSE,TRUE,"n_users >= 85.0% de la mediana movil previa de 29 dias"
2017-11-15,58099.0025004091,6668,7.70149970006004,0,7.29850029993996,0,6543,101.910438636711,TRUE,FALSE,TRUE,"n_users >= 85.0% de la mediana movil previa de 29 dias"
2017-11-16,57591.2945052774,6691,5.95818263338817,0,9.04181736661181,0,6559,102.012501905778,TRUE,FALSE,TRUE,"n_users >= 85.0% de la mediana movil previa de 29 dias"
2017-11-17,55864.4285201547,6703,4.98904967924811,0,10.010950320752,0,6562,102.148735141725,TRUE,FALSE,TRUE,"n_users >= 85.0% de la mediana movil previa de 29 dias"
2017-11-18,54608.231533368,6723,5.66892756210026,0,9.33107243789973,0,6573,102.282062984938,TRUE,FALSE,TRUE,"n_users >= 85.0% de la mediana movil previa de 29 dias"
2017-11-19,56449.8300014704,6736,6.8012470308789,0,8.19875296912109,0,6590,102.215477996965,TRUE,FALSE,TRUE,"n_users >= 85.0% de la mediana movil previa de 29 dias"
2017-11-20,59399.0750109348,6737,5.088154965118,0,9.91184503488196,0,6595,102.153146322972,TRUE,FALSE,TRUE,"n_users >= 85.0% de la mediana movil previa de 29 dias"
2017-11-21,58611.4905283587,6744,3.34080664294189,0,11.6591933570582,0,6595,102.259287338893,TRUE,FALSE,TRUE,"n_users >= 85.0% de la mediana movil previa de 29 dias"
2017-11-22,55677.794025701,6754,2.09407758365413,0,13.5362451880367,0,6596,102.395391146149,TRUE,FALSE,TRUE,"n_users >= 85.0% de la mediana movil previa de 29 dias"
2017-11-23,52102.7450032652,6769,0.434111390161027,0,17.8872507017285,0,6613,102.358989868441,TRUE,FALSE,TRUE,"n_users >= 85.0% de la mediana movil previa de 29 dias"
2017-11-24,50696.7355157164,6775,0.691158671586716,0,15.090332103321,0,6627,102.233288063981,TRUE,FALSE,TRUE,"n_users >= 85.0% de la mediana movil previa de 29 dias"
2017-11-25,52664.5035407608,6787,5.80586415205539,0,9.19413584794465,0,6643,102.16769531838,TRUE,FALSE,TRUE,"n_users >= 85.0% de la mediana movil previa de 29 dias"
2017-11-26,56005.9375168438,6792,7.40419611307421,0,7.59580388692579,0,6652,102.10463018641,TRUE,FALSE,TRUE,"n_users >= 85.0% de la mediana movil previa de 29 dias"
2017-11-27,60232.4580186096,6792,8.69219670200238,0,6.30780329799762,0,6655,102.05860255447,TRUE,FALSE,TRUE,"n_users >= 85.0% de la mediana movil previa de 29 dias"
2017-11-28,61620.3610093049,6816,7.88028169014081,0,7.11971830985918,0,6656,102.403846153846,TRUE,FALSE,TRUE,"n_users >= 85.0% de la mediana movil previa de 29 dias"
2017-11-29,63226.5390166071,6835,8.99853694220918,0,6.00146305779081,0,6659,102.64303949542,TRUE,FALSE,TRUE,"n_users >= 85.0% de la mediana movil previa de 29 dias"
2017-11-30,65391.5650165654,6853,9.93286152050197,0,5.06713847949801,0,6668,102.774445110978,TRUE,FALSE,TRUE,"n_users >= 85.0% de la mediana movil previa de 29 dias"
2017-12-01,66901.6815147256,6876,11.3152123327516,0,3.68478766724839,0,6691,102.764908085488,TRUE,FALSE,TRUE,"n_users >= 85.0% de la mediana movil previa de 29 dias"
2017-12-02,66993.5890128181,6889,11.8870953694295,0,3.11290463057046,0,6703,102.774876920782,TRUE,FALSE,TRUE,"n_users >= 85.0% de la mediana movil previa de 29 dias"
2017-12-03,68303.5245003904,6891,12.5279930343926,0,2.4720069656073,1,6723,102.498884426595,TRUE,FALSE,TRUE,"n_users >= 85.0% de la mediana movil previa de 29 dias"
2017-12-04,68779.4999987956,6890,7.97029027576198,0,7.02970972423802,0,6736,102.28622327791,TRUE,FALSE,TRUE,"n_users >= 85.0% de la mediana movil previa de 29 dias"
2017-12-05,66280.3220054844,6900,9.37347826086962,0,5.62652173913043,0,6737,102.419474543565,TRUE,FALSE,TRUE,"n_users >= 85.0% de la mediana movil previa de 29 dias"
2017-12-06,63385.6940134311,6914,9.03994793173268,0,5.96005206826733,1,6744,102.520759193357,TRUE,FALSE,TRUE,"n_users >= 85.0% de la mediana movil previa de 29 dias"
2017-12-07,62115.3034906945,6923,6.91684240936008,0,8.08315759063992,0,6754,102.50222090613,TRUE,FALSE,TRUE,"n_users >= 85.0% de la mediana movil previa de 29 dias"
2017-12-08,59545.6255005528,6930,6.40695526695525,0,8.59304473304475,1,6769,102.378490175801,TRUE,FALSE,TRUE,"n_users >= 85.0% de la mediana movil previa de 29 dias"
2017-12-09,56603.7770272152,6932,5.77318234275827,0,9.22681765724174,0,6775,102.317343173432,TRUE,FALSE,TRUE,"n_users >= 85.0% de la mediana movil previa de 29 dias"
2017-12-10,60493.2400278165,6932,1.40235141373341,0,13.6639786497403,0,6787,102.136437306616,TRUE,FALSE,TRUE,"n_users >= 85.0% de la mediana movil previa de 29 dias"
2017-12-11,62831.3805011573,6932,5.2354731679169,0,9.7645268320831,0,6792,102.06124852768,TRUE,FALSE,TRUE,"n_users >= 85.0% de la mediana movil previa de 29 dias"
2017-12-12,65656.2865007813,6965,9.33684134960518,0,5.66315865039485,0,6792,102.547114252061,TRUE,FALSE,TRUE,"n_users >= 85.0% de la mediana movil previa de 29 dias"
2017-12-13,64704.0915085853,6981,6.8438762354963,0,8.15612376450371,0,6816,102.420774647887,TRUE,FALSE,TRUE,"n_users >= 85.0% de la mediana movil previa de 29 dias"
2017-12-14,61832.6410235064,6988,3.18922438465941,0,11.8107756153406,0,6835,102.238478419898,TRUE,FALSE,TRUE,"n_users >= 85.0% de la mediana movil previa de 29 dias"
2017-12-15,62128.1750297378,7002,6.70445586975152,0,8.29554413024848,0,6853,102.174230264118,TRUE,FALSE,TRUE,"n_users >= 85.0% de la mediana movil previa de 29 dias"
2017-12-16,63066.5000131187,7012,8.5600684540787,0,6.4399315459213,0,6876,101.977894124491,TRUE,FALSE,TRUE,"n_users >= 85.0% de la mediana movil previa de 29 dias"
2017-12-17,64325.210017222,7014,8.53196464214428,0,6.46803535785572,0,6889,101.814486863115,TRUE,FALSE,TRUE,"n_users >= 85.0% de la mediana movil previa de 29 dias"
2017-12-18,67830.0235293471,7015,6.56620099786173,0,8.43379900213827,0,6890,101.814223512337,TRUE,FALSE,TRUE,"n_users >= 85.0% de la mediana movil previa de 29 dias"
2017-12-19,66720.5325050901,7028,8.33780591918045,0,6.66219408081956,0,6891,101.988100420839,TRUE,FALSE,TRUE,"n_users >= 85.0% de la mediana movil previa de 29 dias"
2017-12-20,67042.394524268,7065,8.39388535031847,0,6.60611464968152,0,6900,102.391304347826,TRUE,FALSE,TRUE,"n_users >= 85.0% de la mediana movil previa de 29 dias"
2017-12-21,64571.4465047603,7118,6.68706097218323,0,8.31293902781676,0,6914,102.95053514608,TRUE,FALSE,TRUE,"n_users >= 85.0% de la mediana movil previa de 29 dias"
2017-12-22,66269.5905219807,7141,7.84926480885031,0,7.15073519114969,0,6923,103.148923876932,TRUE,FALSE,TRUE,"n_users >= 85.0% de la mediana movil previa de 29 dias"
2017-12-23,64918.4670054389,7152,6.52958612975392,0,8.47041387024607,0,6930,103.203463203463,TRUE,FALSE,TRUE,"n_users >= 85.0% de la mediana movil previa de 29 dias"
2017-12-24,62639.9210200283,7155,7.28399720475192,0,7.71600279524808,0,6932,103.216964800923,TRUE,FALSE,TRUE,"n_users >= 85.0% de la mediana movil previa de 29 dias"
2017-12-25,57993.3600168306,7155,6.9048078266946,0,8.09519217330539,1,6932,103.216964800923,TRUE,FALSE,TRUE,"n_users >= 85.0% de la mediana movil previa de 29 dias"
2017-12-26,65787.1320325333,7154,6.84988817444786,0,8.15011182555213,0,6932,103.202538949798,TRUE,FALSE,TRUE,"n_users >= 85.0% de la mediana movil previa de 29 dias"
2017-12-27,67591.0095228303,7166,7.13487301144291,0,7.86512698855708,0,6965,102.885857860732,TRUE,FALSE,TRUE,"n_users >= 85.0% de la mediana movil previa de 29 dias"
2017-12-28,67578.6365143743,7180,6.67533426183846,0,8.32466573816154,0,6981,102.850594470706,TRUE,FALSE,TRUE,"n_users >= 85.0% de la mediana movil previa de 29 dias"
2017-12-29,62218.8955134463,7194,3.02867667500695,0,11.971323324993,0,6988,102.947910704064,TRUE,FALSE,TRUE,"n_users >= 85.0% de la mediana movil previa de 29 dias"
2017-12-30,56987.7220260454,7235,0.87502418797512,0,14.6881548030408,0,7002,103.327620679806,TRUE,FALSE,TRUE,"n_users >= 85.0% de la mediana movil previa de 29 dias"
2017-12-31,59450.5915173201,7235,2.8891361437457,0,12.1108638562544,0,7012,103.180262407302,TRUE,FALSE,TRUE,"n_users >= 85.0% de la mediana movil previa de 29 dias"
2018-01-01,55992.4710218452,7204,5.12215435868962,0,9.87784564131043,1,7014,102.708867978329,TRUE,FALSE,TRUE,"n_users >= 85.0% de la mediana movil previa de 29 dias"
2018-01-02,61148.847006248,7204,2.75678789561355,0,12.2432121043865,0,7015,102.694226657163,TRUE,FALSE,TRUE,"n_users >= 85.0% de la mediana movil previa de 29 dias"
2018-01-03,58736.6220052743,7213,0.734507139886317,0,14.5629003188686,0,7028,102.632327831531,TRUE,FALSE,TRUE,"n_users >= 85.0% de la mediana movil previa de 29 dias"
2018-01-04,55201.9600125337,7221,0.646184738955824,0,15.352167289849,0,7065,102.208067940552,TRUE,FALSE,TRUE,"n_users >= 85.0% de la mediana movil previa de 29 dias"
2018-01-05,58366.4305126119,7241,3.75376329236292,0,11.2462367076371,0,7118,101.728013486935,TRUE,FALSE,TRUE,"n_users >= 85.0% de la mediana movil previa de 29 dias"
2018-01-06,59020.4200122709,7255,10.4882701585114,0,4.51172984148865,1,7141,101.596415067918,TRUE,FALSE,TRUE,"n_users >= 85.0% de la mediana movil previa de 29 dias"
2018-01-07,65392.1490209437,7255,9.77841488628535,0,5.22158511371469,0,7152,101.440156599553,TRUE,FALSE,TRUE,"n_users >= 85.0% de la mediana movil previa de 29 dias"
2018-01-08,68154.8600066713,7255,8.25769813921436,0,6.74230186078565,0,7154,101.411797595751,TRUE,FALSE,TRUE,"n_users >= 85.0% de la mediana movil previa de 29 dias"
2018-01-09,70954.2650089026,7268,9.29303797468358,0,5.70696202531645,0,7155,101.579315164221,TRUE,FALSE,TRUE,"n_users >= 85.0% de la mediana movil previa de 29 dias"
2018-01-10,68841.2785197786,7284,6.24733662822627,0,8.75266337177373,0,7155,101.802935010482,TRUE,FALSE,TRUE,"n_users >= 85.0% de la mediana movil previa de 29 dias"
2018-01-11,71598.9745097046,7302,9.45671049027663,0,5.54328950972337,0,7166,101.89785096288,TRUE,FALSE,TRUE,"n_users >= 85.0% de la mediana movil previa de 29 dias"
2018-01-12,66868.3275126191,7313,7.20839600711064,0,7.79160399288936,0,7180,101.852367688022,TRUE,FALSE,TRUE,"n_users >= 85.0% de la mediana movil previa de 29 dias"
2018-01-13,64723.9465214857,7342,7.86767910651044,0,7.13232089348955,0,7194,102.057269947178,TRUE,FALSE,TRUE,"n_users >= 85.0% de la mediana movil previa de 29 dias"
2018-01-14,69899.3205133632,7344,8.64135348583876,0,6.35864651416125,0,7204,101.943364797335,TRUE,FALSE,TRUE,"n_users >= 85.0% de la mediana movil previa de 29 dias"
2018-01-15,68673.2970124672,7344,6.87576252723311,0,8.12423747276689,0,7204,101.943364797335,TRUE,FALSE,TRUE,"n_users >= 85.0% de la mediana movil previa de 29 dias"
2018-01-16,66531.562519155,7352,3.47519042437433,0,11.5248095756257,0,7213,101.927076112575,TRUE,FALSE,TRUE,"n_users >= 85.0% de la mediana movil previa de 29 dias"
2018-01-17,65223.8330119451,7371,6.2041378374712,0,8.79586216252879,0,7221,102.077274615704,TRUE,FALSE,TRUE,"n_users >= 85.0% de la mediana movil previa de 29 dias"
2018-01-18,64484.9020204281,7387,7.4395695140111,0,7.5604304859889,0,7235,102.100898410504,TRUE,FALSE,TRUE,"n_users >= 85.0% de la mediana movil previa de 29 dias"
2018-01-19,64557.3520113745,7419,5.51856045289121,0,9.48143954710879,0,7235,102.543192812716,TRUE,FALSE,TRUE,"n_users >= 85.0% de la mediana movil previa de 29 dias"
2018-01-20,62152.819021827,7436,5.16039537385689,0,9.83960462614313,0,7241,102.692998204668,TRUE,FALSE,TRUE,"n_users >= 85.0% de la mediana movil previa de 29 dias"
2018-01-21,62883.7420025485,7436,3.14304733727811,0,11.8569526627219,0,7255,102.49483115093,TRUE,FALSE,TRUE,"n_users >= 85.0% de la mediana movil previa de 29 dias"
2018-01-22,64057.0040117349,7436,3.6168370091447,0,11.3831629908553,0,7255,102.49483115093,TRUE,FALSE,TRUE,"n_users >= 85.0% de la mediana movil previa de 29 dias"
2018-01-23,62406.0235228252,7448,3.50315520945221,0,11.4968447905478,0,7255,102.660234321158,TRUE,FALSE,TRUE,"n_users >= 85.0% de la mediana movil previa de 29 dias"
2018-01-24,61069.3140172078,7460,3.89924932975871,0,11.1007506702413,0,7268,102.641717116125,TRUE,FALSE,TRUE,"n_users >= 85.0% de la mediana movil previa de 29 dias"
2018-01-25,64446.1245343654,7467,6.22146779161642,0,8.77853220838355,0,7284,102.512355848435,TRUE,FALSE,TRUE,"n_users >= 85.0% de la mediana movil previa de 29 dias"
2018-01-26,65376.3270050611,7479,7.42079154967241,0,7.57920845032759,0,7302,102.423993426459,TRUE,FALSE,TRUE,"n_users >= 85.0% de la mediana movil previa de 29 dias"
2018-01-27,63297.4185030125,7495,8.72580386924616,0,6.27419613075385,0,7313,102.488718720088,TRUE,FALSE,TRUE,"n_users >= 85.0% de la mediana movil previa de 29 dias"
2018-01-28,64444.7675149308,7499,8.77759701293505,0,6.22240298706495,0,7342,102.138381912285,TRUE,FALSE,TRUE,"n_users >= 85.0% de la mediana movil previa de 29 dias"
2018-01-29,68122.3155202555,7499,7.56508867849045,0,7.43491132150955,0,7344,102.110566448802,TRUE,FALSE,TRUE,"n_users >= 85.0% de la mediana movil previa de 29 dias"
2018-01-30,67947.0785170017,7514,8.34934788394998,0,6.65065211605002,0,7344,102.314814814815,TRUE,FALSE,TRUE,"n_users >= 85.0% de la mediana movil previa de 29 dias"
2018-01-31,67583.8130128585,7525,8.05229235880399,0,6.94770764119601,0,7352,102.353101196953,TRUE,FALSE,TRUE,"n_users >= 85.0% de la mediana movil previa de 29 dias"
2018-02-01,70362.1685120165,7539,9.23156917363048,0,5.76843082636954,0,7371,102.279202279202,TRUE,FALSE,TRUE,"n_users >= 85.0% de la mediana movil previa de 29 dias"
2018-02-02,71461.3455203873,7557,10.9192669048565,0,4.0807330951436,0,7387,102.30134019223,TRUE,FALSE,TRUE,"n_users >= 85.0% de la mediana movil previa de 29 dias"
2018-02-03,71815.1095177099,7568,9.64957716701908,0,5.35042283298096,0,7419,102.008356921418,TRUE,FALSE,TRUE,"n_users >= 85.0% de la mediana movil previa de 29 dias"
2018-02-04,72091.9995128325,7569,9.36609855991538,0,5.63390144008459,0,7436,101.788596019365,TRUE,FALSE,TRUE,"n_users >= 85.0% de la mediana movil previa de 29 dias"
2018-02-05,76648.3970151228,7569,10.63910688334,0,4.36089311666008,0,7436,101.788596019365,TRUE,FALSE,TRUE,"n_users >= 85.0% de la mediana movil previa de 29 dias"
2018-02-06,76891.7170014913,7579,11.1875445309408,0,3.81245546905924,0,7436,101.923076923077,TRUE,FALSE,TRUE,"n_users >= 85.0% de la mediana movil previa de 29 dias"
2018-02-07,78292.6065104904,7582,12.2274465840147,0,2.77255341598521,0,7448,101.799140708915,TRUE,FALSE,TRUE,"n_users >= 85.0% de la mediana movil previa de 29 dias"
2018-02-08,77937.7474957217,7591,12.243683309182,0,2.75631669081808,0,7460,101.756032171582,TRUE,FALSE,TRUE,"n_users >= 85.0% de la mediana movil previa de 29 dias"
2018-02-09,77757.3530173954,7606,11.790323428872,0,3.20967657112808,0,7467,101.861524039105,TRUE,FALSE,TRUE,"n_users >= 85.0% de la mediana movil previa de 29 dias"
2018-02-10,72331.1775042693,7607,9.79976337583807,0,5.200236624162,0,7479,101.71145875117,TRUE,FALSE,TRUE,"n_users >= 85.0% de la mediana movil previa de 29 dias"
2018-02-11,71356.4365056575,7608,6.78810462670871,0,8.21189537329128,0,7495,101.507671781187,TRUE,FALSE,TRUE,"n_users >= 85.0% de la mediana movil previa de 29 dias"
2018-02-12,75041.3715149321,7609,11.5389144434223,0,3.46108555657774,0,7499,101.4668622483,TRUE,FALSE,TRUE,"n_users >= 85.0% de la mediana movil previa de 29 dias"
2018-02-13,78221.2165012864,7623,11.5335956972321,0,3.46640430276795,0,7499,101.653553807174,TRUE,FALSE,TRUE,"n_users >= 85.0% de la mediana movil previa de 29 dias"
2018-02-14,74490.6590068795,7635,5.79863785199739,0,9.20136214800258,0,7514,101.610327388874,TRUE,FALSE,TRUE,"n_users >= 85.0% de la mediana movil previa de 29 dias"
2018-02-15,65939.6060093604,7660,1.30359007832899,0,13.8239817232375,0,7525,101.794019933555,TRUE,FALSE,TRUE,"n_users >= 85.0% de la mediana movil previa de 29 dias"
2018-02-16,61168.2595263229,7672,1.17995307612095,0,13.8200469238791,0,7539,101.764159702878,TRUE,FALSE,TRUE,"n_users >= 85.0% de la mediana movil previa de 29 dias"
2018-02-17,61384.0355018408,7692,6.05322412896515,0,8.94677587103486,0,7557,101.786423183803,TRUE,FALSE,TRUE,"n_users >= 85.0% de la mediana movil previa de 29 dias"
2018-02-18,65834.0390105998,7693,7.21347978681924,0,7.78652021318076,0,7568,101.651691331924,TRUE,FALSE,TRUE,"n_users >= 85.0% de la mediana movil previa de 29 dias"
2018-02-19,70070.6485017595,7693,5.10924216820485,0,9.89075783179517,0,7569,101.638261329106,TRUE,FALSE,TRUE,"n_users >= 85.0% de la mediana movil previa de 29 dias"
2018-02-20,69470.0810230899,7707,5.41278058907485,0,9.58721941092513,0,7569,101.823226317876,TRUE,FALSE,TRUE,"n_users >= 85.0% de la mediana movil previa de 29 dias"
2018-02-21,69532.5240276931,7724,8.75747022268255,0,6.24252977731745,0,7579,101.913181158464,TRUE,FALSE,TRUE,"n_users >= 85.0% de la mediana movil previa de 29 dias"
2018-02-22,69287.8755035823,7727,10.9151287692507,0,4.08487123074931,0,7582,101.91242416249,TRUE,FALSE,TRUE,"n_users >= 85.0% de la mediana movil previa de 29 dias"
2018-02-23,72199.8720076659,7742,12.4695556703695,0,2.53044432963059,0,7591,101.989197734159,TRUE,FALSE,TRUE,"n_users >= 85.0% de la mediana movil previa de 29 dias"
2018-02-24,67250.7454966457,7759,11.1086995746874,0,3.89130042531253,0,7606,102.011569813305,TRUE,FALSE,TRUE,"n_users >= 85.0% de la mediana movil previa de 29 dias"
2018-02-25,69714.912523284,7762,9.91079618654991,0,5.08920381345013,0,7607,102.037596950177,TRUE,FALSE,TRUE,"n_users >= 85.0% de la mediana movil previa de 29 dias"
2018-02-26,73912.6755053216,7764,11.8940494590418,0,3.10595054095829,0,7608,102.05047318612,TRUE,FALSE,TRUE,"n_users >= 85.0% de la mediana movil previa de 29 dias"
2018-02-27,79145.425527835,7770,16.5123938223938,0,-1.51239382239383,0,7609,102.115915363385,TRUE,FALSE,TRUE,"n_users >= 85.0% de la mediana movil previa de 29 dias"
2018-02-28,84069.8320127047,7782,12.5735029555383,0,2.42649704446156,0,7623,102.085792994884,TRUE,FALSE,TRUE,"n_users >= 85.0% de la mediana movil previa de 29 dias"
2018-03-01,70401.8790206726,7801,4.06808101525445,0,10.9319189847456,0,7635,102.174197773412,TRUE,FALSE,TRUE,"n_users >= 85.0% de la mediana movil previa de 29 dias"
2018-03-02,67371.3560174789,7812,6.56310803891446,0,8.43689196108552,0,7660,101.984334203655,TRUE,FALSE,TRUE,"n_users >= 85.0% de la mediana movil previa de 29 dias"
2018-03-03,61316.1114937189,7818,2.06294448708109,0,12.9370555129188,0,7672,101.903023983316,TRUE,FALSE,TRUE,"n_users >= 85.0% de la mediana movil previa de 29 dias"
2018-03-04,61253.527537255,7822,3.60995908974687,0,11.3900409102531,0,7692,101.690067602704,TRUE,FALSE,TRUE,"n_users >= 85.0% de la mediana movil previa de 29 dias"
2018-03-05,65170.4990068291,7825,4.16797444089457,0,10.8320255591055,0,7693,101.715845573898,TRUE,FALSE,TRUE,"n_users >= 85.0% de la mediana movil previa de 29 dias"
2018-03-06,66832.6824903629,7829,5.63941755013412,0,9.36058244986591,0,7693,101.76784089432,TRUE,FALSE,TRUE,"n_users >= 85.0% de la mediana movil previa de 29 dias"
2018-03-07,65406.1039949182,7833,6.7994510404698,0,8.2005489595302,0,7707,101.634877384196,TRUE,FALSE,TRUE,"n_users >= 85.0% de la mediana movil previa de 29 dias"
2018-03-08,60830.2130268544,7843,2.92145862552596,0,12.0785413744741,0,7724,101.540652511652,TRUE,FALSE,TRUE,"n_users >= 85.0% de la mediana movil previa de 29 dias"
2018-03-09,59898.0195100222,7853,0.6477524512925,0,15.7178403158029,0,7727,101.630645787498,TRUE,FALSE,TRUE,"n_users >= 85.0% de la mediana movil previa de 29 dias"
2018-03-10,55854.1040233464,7855,0.587371101209421,0,15.7669764481222,0,7742,101.45957117024,TRUE,FALSE,TRUE,"n_users >= 85.0% de la mediana movil previa de 29 dias"
2018-03-11,57621.0065102201,7855,2.19220878421388,0,12.8077912157861,0,7759,101.237272844439,TRUE,FALSE,TRUE,"n_users >= 85.0% de la mediana movil previa de 29 dias"
2018-03-12,61017.7370190528,7855,4.32728198599622,0,10.6727180140039,0,7762,101.198144808039,TRUE,FALSE,TRUE,"n_users >= 85.0% de la mediana movil previa de 29 dias"
2018-03-13,61176.9800146515,7876,3.77050533265619,0,11.2294946673439,0,7764,101.442555383823,TRUE,FALSE,TRUE,"n_users >= 85.0% de la mediana movil previa de 29 dias"
2018-03-14,62106.275022159,7884,2.28041603247083,0,12.9744799594115,0,7770,101.467181467181,TRUE,FALSE,TRUE,"n_users >= 85.0% de la mediana movil previa de 29 dias"
2018-03-15,59920.867512854,7889,3.18585372037012,0,11.8141462796298,0,7782,101.374967874582,TRUE,FALSE,TRUE,"n_users >= 85.0% de la mediana movil previa de 29 dias"
2018-03-16,59118.1585112812,7901,5.62256676370084,0,9.37743323629916,0,7801,101.281886937572,TRUE,FALSE,TRUE,"n_users >= 85.0% de la mediana movil previa de 29 dias"
2018-03-17,60224.2090155281,7917,7.15803966148798,0,7.84196033851202,0,7812,101.344086021505,TRUE,FALSE,TRUE,"n_users >= 85.0% de la mediana movil previa de 29 dias"
2018-03-18,66188.0695073922,7919,7.76536178810452,0,7.23463821189547,0,7818,101.291890509082,TRUE,FALSE,TRUE,"n_users >= 85.0% de la mediana movil previa de 29 dias"
2018-03-19,71782.7965007511,7921,10.1476328746371,0,4.85236712536296,0,7822,101.265660956277,TRUE,FALSE,TRUE,"n_users >= 85.0% de la mediana movil previa de 29 dias"
2018-03-20,77148.4679997,7959,11.1938685764544,0,3.8061314235457,0,7825,101.712460063898,TRUE,FALSE,TRUE,"n_users >= 85.0% de la mediana movil previa de 29 dias"
2018-03-21,72670.9310208535,7971,9.32477731777694,0,5.67522268222304,0,7829,101.813769319198,TRUE,FALSE,TRUE,"n_users >= 85.0% de la mediana movil previa de 29 dias"
2018-03-22,69806.0100244085,7990,9.11769712140174,0,5.88230287859827,0,7833,102.004340610239,TRUE,FALSE,TRUE,"n_users >= 85.0% de la mediana movil previa de 29 dias"
2018-03-23,69069.0935268006,8004,6.89225387306347,0,8.10774612693654,0,7843,102.052785923754,TRUE,FALSE,TRUE,"n_users >= 85.0% de la mediana movil previa de 29 dias"
2018-03-24,65753.7970067374,8017,7.0270550081078,0,7.9729449918922,0,7853,102.088373869859,TRUE,FALSE,TRUE,"n_users >= 85.0% de la mediana movil previa de 29 dias"
2018-03-25,66945.957014287,8017,6.72487214668829,0,8.27512785331171,0,7855,102.062380649268,TRUE,FALSE,TRUE,"n_users >= 85.0% de la mediana movil previa de 29 dias"
2018-03-26,68611.4275074843,8035,6.01632856253888,0,8.98367143746107,0,7855,102.291534054742,TRUE,FALSE,TRUE,"n_users >= 85.0% de la mediana movil previa de 29 dias"
2018-03-27,65825.2130266288,8047,4.13304337020007,0,10.8669566297999,0,7855,102.444302991725,TRUE,FALSE,TRUE,"n_users >= 85.0% de la mediana movil previa de 29 dias"
2018-03-28,59735.5430290041,8060,2.58509925558312,0,12.4149007444168,0,7876,102.336211274759,TRUE,FALSE,TRUE,"n_users >= 85.0% de la mediana movil previa de 29 dias"
2018-03-29,52178.2270235148,8068,3.75622211204759,0,11.2437778879524,1,7884,102.333840690005,TRUE,FALSE,TRUE,"n_users >= 85.0% de la mediana movil previa de 29 dias"
2018-03-30,48749.4835317402,8068,4.70644521566684,0,10.2935547843332,1,7889,102.268982127012,TRUE,FALSE,TRUE,"n_users >= 85.0% de la mediana movil previa de 29 dias"
2018-03-31,50629.4845208601,8068,6.91419186911254,0,8.08580813088744,0,7901,102.113656499177,TRUE,FALSE,TRUE,"n_users >= 85.0% de la mediana movil previa de 29 dias"
2018-04-01,47575.2180159348,8068,3.56286564204265,0,11.4371343579574,0,7917,101.907288114185,TRUE,FALSE,TRUE,"n_users >= 85.0% de la mediana movil previa de 29 dias"
2018-04-02,49147.2395208845,8075,0.396532507739938,0,17.2839628482972,1,7919,101.969945700215,TRUE,FALSE,TRUE,"n_users >= 85.0% de la mediana movil previa de 29 dias"
2018-04-03,55964.4720118521,8125,0.210018461538462,0,16.3546707692307,0,7921,102.5754323949,TRUE,FALSE,TRUE,"n_users >= 85.0% de la mediana movil previa de 29 dias"
2018-04-04,55725.2150200348,8134,1.05804032456357,0,14.0705556921563,0,7959,102.198768689534,TRUE,FALSE,TRUE,"n_users >= 85.0% de la mediana movil previa de 29 dias"
2018-04-05,53930.5690255487,8146,1.12350847041493,0,14.0049963172108,0,7971,102.195458537197,TRUE,FALSE,TRUE,"n_users >= 85.0% de la mediana movil previa de 29 dias"
2018-04-06,53068.8065133481,8152,0.136138370951914,0,17.9021344455348,0,7990,102.027534418023,TRUE,FALSE,TRUE,"n_users >= 85.0% de la mediana movil previa de 29 dias"
2018-04-07,56208.0015079236,8152,3.42315996074581,0,11.5768400392541,0,8004,101.849075462269,TRUE,FALSE,TRUE,"n_users >= 85.0% de la mediana movil previa de 29 dias"
2018-04-08,58995.395029684,8152,3.81344455348383,0,11.1865554465163,0,8017,101.683921666459,TRUE,FALSE,TRUE,"n_users >= 85.0% de la mediana movil previa de 29 dias"
2018-04-09,64133.4330166667,8157,6.17770013485351,0,8.82229986514645,0,8017,101.746289135587,TRUE,FALSE,TRUE,"n_users >= 85.0% de la mediana movil previa de 29 dias"
2018-04-10,67290.1445149395,8163,7.2356364081832,0,7.76436359181681,0,8035,101.593030491599,TRUE,FALSE,TRUE,"n_users >= 85.0% de la mediana movil previa de 29 dias"
2018-04-11,71261.6875069969,8187,6.84137046537197,0,8.15862953462802,0,8047,101.739778799553,TRUE,FALSE,TRUE,"n_users >= 85.0% de la mediana movil previa de 29 dias"
2018-04-12,65614.9045098656,8199,3.37846078790098,0,11.6215392120991,0,8060,101.724565756824,TRUE,FALSE,TRUE,"n_users >= 85.0% de la mediana movil previa de 29 dias"
2018-04-13,62682.4680235398,8213,2.89215877267745,0,12.1078412273225,0,8068,101.797223599405,TRUE,FALSE,TRUE,"n_users >= 85.0% de la mediana movil previa de 29 dias"
2018-04-14,56986.3340161433,8213,2.32056495799341,0,12.6794350420065,0,8068,101.797223599405,TRUE,FALSE,TRUE,"n_users >= 85.0% de la mediana movil previa de 29 dias"
2018-04-15,58765.7640132017,8213,1.84218921222451,0,13.1578107877755,0,8068,101.797223599405,TRUE,FALSE,TRUE,"n_users >= 85.0% de la mediana movil previa de 29 dias"
2018-04-16,61765.7440112532,8215,3.20335970785151,0,11.7966402921486,0,8068,101.822012890431,TRUE,FALSE,TRUE,"n_users >= 85.0% de la mediana movil previa de 29 dias"
2018-04-17,58875.3690130182,8223,0.5035023713973,0,15.4441444728202,0,8075,101.832817337461,TRUE,FALSE,TRUE,"n_users >= 85.0% de la mediana movil previa de 29 dias"
2018-04-18,56314.4335163278,8232,0,0,19.6503522837706,0,8125,101.316923076923,TRUE,FALSE,TRUE,"n_users >= 85.0% de la mediana movil previa de 29 dias"
2018-04-19,54169.8385209873,8242,0,0.457510313030816,20.5763892259162,0,8134,101.327760019671,TRUE,FALSE,TRUE,"n_users >= 85.0% de la mediana movil previa de 29 dias"
2018-04-20,52837.403027999,8249,0,0,18.5468784095042,0,8146,101.264424257304,TRUE,FALSE,TRUE,"n_users >= 85.0% de la mediana movil previa de 29 dias"
2018-04-21,51059.1280082682,8251,0.00380559932129438,0,20.0429523694098,0,8152,101.214425907753,TRUE,FALSE,TRUE,"n_users >= 85.0% de la mediana movil previa de 29 dias"
2018-04-22,52783.0910190456,8252,0,0,17.2284052350945,0,8152,101.226692836114,TRUE,FALSE,TRUE,"n_users >= 85.0% de la mediana movil previa de 29 dias"
2018-04-23,56635.4955246244,8261,0.498971068877858,0,14.7969979421378,0,8152,101.337095191364,TRUE,FALSE,TRUE,"n_users >= 85.0% de la mediana movil previa de 29 dias"
2018-04-24,55066.079515982,8270,0,0,17.5996493349455,0,8157,101.385313227902,TRUE,FALSE,TRUE,"n_users >= 85.0% de la mediana movil previa de 29 dias"
2018-04-25,56364.3300158535,8283,1.52420620548111,0,13.6112036701678,0,8163,101.470047776553,TRUE,FALSE,TRUE,"n_users >= 85.0% de la mediana movil previa de 29 dias"
2018-04-26,55017.1729962168,8292,2.94477809937291,0,12.113109020743,0,8187,101.282521069989,TRUE,FALSE,TRUE,"n_users >= 85.0% de la mediana movil previa de 29 dias"
2018-04-27,54952.788524508,8298,3.20606170161485,0,11.8556399132321,0,8199,101.207464324918,TRUE,FALSE,TRUE,"n_users >= 85.0% de la mediana movil previa de 29 dias"
2018-04-28,54174.1295139209,8297,4.37189345546581,0,10.6281065445342,0,8213,101.022768781201,TRUE,FALSE,TRUE,"n_users >= 85.0% de la mediana movil previa de 29 dias"
2018-04-29,53221.5505116517,8298,4.07360809833695,0,10.926391901663,0,8213,101.034944600024,TRUE,FALSE,TRUE,"n_users >= 85.0% de la mediana movil previa de 29 dias"
2018-04-30,57129.4270068133,8306,6.25692270647725,0,8.74307729352276,0,8213,101.132351150615,TRUE,FALSE,TRUE,"n_users >= 85.0% de la mediana movil previa de 29 dias"
2018-05-01,57310.0690036388,8324,5.32420711196541,0,9.67579288803456,1,8215,101.326841144248,TRUE,FALSE,TRUE,"n_users >= 85.0% de la mediana movil previa de 29 dias"
2018-05-02,61392.398012831,8328,4.05499519692602,0,10.945004803074,1,8223,101.276906238599,TRUE,FALSE,TRUE,"n_users >= 85.0% de la mediana movil previa de 29 dias"
2018-05-03,61541.4340191536,8342,4.33105969791416,0,10.6689403020858,0,8232,101.336248785228,TRUE,FALSE,TRUE,"n_users >= 85.0% de la mediana movil previa de 29 dias"
2018-05-04,58532.1720204599,8351,3.82792479942522,0,11.1720752005748,0,8242,101.32249454016,TRUE,FALSE,TRUE,"n_users >= 85.0% de la mediana movil previa de 29 dias"
2018-05-05,55738.1580261639,8350,2.82481437125751,0,12.2037485029941,0,8249,101.224390835253,TRUE,FALSE,TRUE,"n_users >= 85.0% de la mediana movil previa de 29 dias"
2018-05-06,53827.9155319658,8349,0.288801054018447,0,15.2991016888251,0,8251,101.187734820022,TRUE,FALSE,TRUE,"n_users >= 85.0% de la mediana movil previa de 29 dias"
2018-05-07,56165.7645152856,8368,0,0,16.6630855640535,0,8252,101.405719825497,TRUE,FALSE,TRUE,"n_users >= 85.0% de la mediana movil previa de 29 dias"
2018-05-08,58558.0660245368,8376,1.28351241642789,0,13.7799188156639,0,8261,101.392083282896,TRUE,FALSE,TRUE,"n_users >= 85.0% de la mediana movil previa de 29 dias"
2018-05-09,58306.7565161166,8386,1.48631051752922,0,13.5832339613642,0,8270,101.402660217654,TRUE,FALSE,TRUE,"n_users >= 85.0% de la mediana movil previa de 29 dias"
2018-05-10,57349.9045111682,8399,3.67019883319446,0,11.4035480414336,0,8283,101.400458770977,TRUE,FALSE,TRUE,"n_users >= 85.0% de la mediana movil previa de 29 dias"
2018-05-11,54917.2070115687,8405,0.599928613920286,0,14.9647471743009,0,8292,101.362759286059,TRUE,FALSE,TRUE,"n_users >= 85.0% de la mediana movil previa de 29 dias"
2018-05-12,57587.2755189983,8406,5.82624315964784,0,9.17375684035217,0,8297,101.313727853441,TRUE,FALSE,TRUE,"n_users >= 85.0% de la mediana movil previa de 29 dias"
2018-05-13,59456.8855170505,8406,5.39640732809899,0,9.60359267190107,0,8298,101.301518438178,TRUE,FALSE,TRUE,"n_users >= 85.0% de la mediana movil previa de 29 dias"
2018-05-14,60888.5505237795,8414,3.59494889469932,0,11.4050511053007,0,8298,101.397927211376,TRUE,FALSE,TRUE,"n_users >= 85.0% de la mediana movil previa de 29 dias"
2018-05-15,60240.4805253921,8415,3.15087344028523,0,11.8491265597149,1,8306,101.312304358295,TRUE,FALSE,TRUE,"n_users >= 85.0% de la mediana movil previa de 29 dias"
2018-05-16,59727.457004895,8420,2.56251781472684,0,12.4955581947744,0,8324,101.153291686689,TRUE,FALSE,TRUE,"n_users >= 85.0% de la mediana movil previa de 29 dias"
2018-05-17,58836.3900317717,8434,2.1519445103154,0,12.9336139435618,0,8328,101.272814601345,TRUE,FALSE,TRUE,"n_users >= 85.0% de la mediana movil previa de 29 dias"
2018-05-18,56180.1795199586,8439,0.110202630643442,0,15.5281905439034,0,8342,101.162790697674,TRUE,FALSE,TRUE,"n_users >= 85.0% de la mediana movil previa de 29 dias"
2018-05-19,52392.7790258147,8438,0.301588054041243,0,15.222351268073,0,8349,101.065995927656,TRUE,FALSE,TRUE,"n_users >= 85.0% de la mediana movil previa de 29 dias"
2018-05-20,52670.9975187462,8438,0.810026072529033,0,14.7842735245319,0,8350,101.053892215569,TRUE,FALSE,TRUE,"n_users >= 85.0% de la mediana movil previa de 29 dias"
2018-05-21,56454.3610088812,8451,0,0,16.8400307655898,0,8351,101.19746138187,TRUE,FALSE,TRUE,"n_users >= 85.0% de la mediana movil previa de 29 dias"
2018-05-22,55855.6345094754,8458,0,0,15.8529557815087,0,8368,101.07552581262,TRUE,FALSE,TRUE,"n_users >= 85.0% de la mediana movil previa de 29 dias"
2018-05-23,56539.0575042348,8467,0.480784221093657,0,16.4746663517185,0,8376,101.086437440306,TRUE,FALSE,TRUE,"n_users >= 85.0% de la mediana movil previa de 29 dias"
2018-05-24,56490.1475040561,8513,0,0,18.7885469282274,0,8386,101.514428809921,TRUE,FALSE,TRUE,"n_users >= 85.0% de la mediana movil previa de 29 dias"
2018-05-25,55570.885516354,8519,0,0,17.4123723441718,0,8399,101.428741516847,TRUE,FALSE,TRUE,"n_users >= 85.0% de la mediana movil previa de 29 dias"
2018-05-26,53772.2770144981,8518,0.107818736792674,0,17.8901620098615,0,8405,101.344437834622,TRUE,FALSE,TRUE,"n_users >= 85.0% de la mediana movil previa de 29 dias"
2018-05-27,55161.6415050832,8518,0.0269546841981685,0,15.8864052594506,0,8406,101.332381632167,TRUE,FALSE,TRUE,"n_users >= 85.0% de la mediana movil previa de 29 dias"
2018-05-28,59648.0025234435,8526,0.439033544452266,0,14.8367346938775,0,8406,101.427551748751,TRUE,FALSE,TRUE,"n_users >= 85.0% de la mediana movil previa de 29 dias"
2018-05-29,58984.3910318008,8552,0,0,16.3932413470534,0,8414,101.640123603518,TRUE,FALSE,TRUE,"n_users >= 85.0% de la mediana movil previa de 29 dias"
2018-05-30,58534.7740288181,8574,0,0,16.2584791229299,0,8415,101.889483065954,TRUE,FALSE,TRUE,"n_users >= 85.0% de la mediana movil previa de 29 dias"
2018-05-31,57763.2245117399,8589,0,0,16.7485271859356,0,8420,102.007125890736,TRUE,FALSE,TRUE,"n_users >= 85.0% de la mediana movil previa de 29 dias"
2018-06-01,56404.4985136898,8604,0,0,17.024070199907,0,8434,102.015650936685,TRUE,FALSE,TRUE,"n_users >= 85.0% de la mediana movil previa de 29 dias"
2018-06-02,53116.280502004,8604,0,0,19.4659693165969,0,8438,101.96729082721,TRUE,FALSE,TRUE,"n_users >= 85.0% de la mediana movil previa de 29 dias"
2018-06-03,54856.5370062838,8604,0,0,18.4458740120874,0,8438,101.96729082721,TRUE,FALSE,TRUE,"n_users >= 85.0% de la mediana movil previa de 29 dias"
2018-06-04,58925.3365227544,8618,0,0,16.1585054537015,0,8439,102.121104396255,TRUE,FALSE,TRUE,"n_users >= 85.0% de la mediana movil previa de 29 dias"
2018-06-05,58510.8705237812,8629,0.299269903812726,0,14.9948777378607,0,8451,102.106259614247,TRUE,FALSE,TRUE,"n_users >= 85.0% de la mediana movil previa de 29 dias"
2018-06-06,57427.1035168686,8642,0.241194168016663,0,15.2150890997454,0,8458,102.175455190352,TRUE,FALSE,TRUE,"n_users >= 85.0% de la mediana movil previa de 29 dias"
2018-06-07,56565.2040240609,8647,0,0,18.5888863189547,0,8467,102.125900555096,TRUE,FALSE,TRUE,"n_users >= 85.0% de la mediana movil previa de 29 dias"
2018-06-08,55511.4430081898,8658,0,0,20.4800877800877,0,8513,101.703277340538,TRUE,FALSE,TRUE,"n_users >= 85.0% de la mediana movil previa de 29 dias"
2018-06-09,54042.8935110403,8658,0,0,17.8629244629244,0,8518,101.643578304766,TRUE,FALSE,TRUE,"n_users >= 85.0% de la mediana movil previa de 29 dias"
2018-06-10,53158.7720112198,8658,0.0401940401940403,0,17.4242088242089,0,8518,101.643578304766,TRUE,FALSE,TRUE,"n_users >= 85.0% de la mediana movil previa de 29 dias"
2018-06-11,58196.6730172785,8674,0.107170855430021,0,16.3707516716624,0,8519,101.819462378213,TRUE,FALSE,TRUE,"n_users >= 85.0% de la mediana movil previa de 29 dias"
2018-06-12,59756.5220164331,8681,0.116795300080636,0,16.1009330722267,0,8526,101.817968566737,TRUE,FALSE,TRUE,"n_users >= 85.0% de la mediana movil previa de 29 dias"
2018-06-13,58475.1285298497,8692,0.282420616658996,0,15.2979406350666,0,8552,101.637043966324,TRUE,FALSE,TRUE,"n_users >= 85.0% de la mediana movil previa de 29 dias"
2018-06-14,56666.1175296851,8704,0.0268382352941176,0,16.0716681985295,0,8574,101.516211803126,TRUE,FALSE,TRUE,"n_users >= 85.0% de la mediana movil previa de 29 dias"
2018-06-15,55991.2170280695,8713,0.134052565132561,0,15.7522208194652,0,8589,101.443707067179,TRUE,FALSE,TRUE,"n_users >= 85.0% de la mediana movil previa de 29 dias"
2018-06-16,51319.589018955,8712,0,0.0363636363636364,17.0129706152434,0,8604,101.255230125523,TRUE,FALSE,TRUE,"n_users >= 85.0% de la mediana movil previa de 29 dias"
2018-06-17,52592.7360318534,8712,0,0.0242424242424242,17.0382920110194,0,8604,101.255230125523,TRUE,FALSE,TRUE,"n_users >= 85.0% de la mediana movil previa de 29 dias"
2018-06-18,58265.4510034164,8716,0.107205139972464,0.0444240477283157,16.2075493345571,0,8604,101.301720130172,TRUE,FALSE,TRUE,"n_users >= 85.0% de la mediana movil previa de 29 dias"
2018-06-19,57601.7350128239,8725,0,0.0403438395415473,18.2858223495703,0,8618,101.241587375261,TRUE,FALSE,TRUE,"n_users >= 85.0% de la mediana movil previa de 29 dias"
2018-06-20,56359.3895197862,8731,0,0.333661665330432,20.2220593288283,0,8629,101.182060493684,TRUE,FALSE,TRUE,"n_users >= 85.0% de la mediana movil previa de 29 dias"
2018-06-21,57172.6170250004,8738,0,0.293167772945754,20.7332112611582,0,8642,101.110853968989,TRUE,FALSE,TRUE,"n_users >= 85.0% de la mediana movil previa de 29 dias"
2018-06-22,55462.8485177122,8740,0,0.0798741418764302,18.5812700228834,0,8647,101.075517520527,TRUE,FALSE,TRUE,"n_users >= 85.0% de la mediana movil previa de 29 dias"
2018-06-23,50613.2710213068,8740,0,0.104450800915332,18.5774027459954,0,8658,100.947100947101,TRUE,FALSE,TRUE,"n_users >= 85.0% de la mediana movil previa de 29 dias"
2018-06-24,50794.4255269509,8740,0,0.122883295194508,20.2399771167049,0,8658,100.947100947101,TRUE,FALSE,TRUE,"n_users >= 85.0% de la mediana movil previa de 29 dias"
2018-06-25,55495.8915162958,8758,0,0.127426353048641,21.1193423155971,0,8658,101.155001155001,TRUE,FALSE,TRUE,"n_users >= 85.0% de la mediana movil previa de 29 dias"
2018-06-26,55962.6000222404,8766,0,0.181245722108145,20.7890485968515,0,8674,101.06064099608,TRUE,FALSE,TRUE,"n_users >= 85.0% de la mediana movil previa de 29 dias"
2018-06-27,57330.3500229368,8768,0,0.234990875912409,19.397810218978,0,8681,101.002188687939,TRUE,FALSE,TRUE,"n_users >= 85.0% de la mediana movil previa de 29 dias"
2018-06-28,56213.4480231311,8777,0,0.063575253503475,18.6776347271277,0,8692,100.977910722503,TRUE,FALSE,TRUE,"n_users >= 85.0% de la mediana movil previa de 29 dias"
2018-06-29,54235.3495226139,8783,0,0.603506774450647,21.8628486849596,0,8704,100.907628676471,TRUE,FALSE,TRUE,"n_users >= 85.0% de la mediana movil previa de 29 dias"
2018-06-30,51795.0850256048,8784,0,1.91330828779599,23.8059312386156,0,8712,100.826446280992,TRUE,FALSE,TRUE,"n_users >= 85.0% de la mediana movil previa de 29 dias"
2018-07-01,52401.2880194959,8785,0,0.548093340922027,22.287842914058,0,8712,100.837924701561,TRUE,FALSE,TRUE,"n_users >= 85.0% de la mediana movil previa de 29 dias"
2018-07-02,56156.6460241927,8791,0,0.186247298373337,21.3317028779435,0,8713,100.895214047974,TRUE,FALSE,TRUE,"n_users >= 85.0% de la mediana movil previa de 29 dias"
2018-07-03,56819.4380132551,8791,0,0.1572517347287,21.5582755090434,0,8716,100.86048646168,TRUE,FALSE,TRUE,"n_users >= 85.0% de la mediana movil previa de 29 dias"
2018-07-04,57848.5875061513,8802,0,0.210247670983867,20.4534196773461,0,8725,100.882521489971,TRUE,FALSE,TRUE,"n_users >= 85.0% de la mediana movil previa de 29 dias"
2018-07-05,56163.5905240416,8826,0,0.0124405166553365,19.1264672558349,0,8731,101.088076967129,TRUE,FALSE,TRUE,"n_users >= 85.0% de la mediana movil previa de 29 dias"
2018-07-06,53864.4310217442,8836,0,0.0455636034404708,20.134925305568,0,8738,101.121538109407,TRUE,FALSE,TRUE,"n_users >= 85.0% de la mediana movil previa de 29 dias"
2018-07-07,51122.1335105572,8837,0,0.213477424465316,21.0294783297499,0,8740,101.109839816934,TRUE,FALSE,TRUE,"n_users >= 85.0% de la mediana movil previa de 29 dias"
2018-07-08,51587.0045119936,8836,0,0.919341330918966,22.7139316432774,0,8740,101.098398169336,TRUE,FALSE,TRUE,"n_users >= 85.0% de la mediana movil previa de 29 dias"
2018-07-09,56073.4850267897,8857,0,0.815998645139434,22.5987241729707,0,8740,101.338672768879,TRUE,FALSE,TRUE,"n_users >= 85.0% de la mediana movil previa de 29 dias"
2018-07-10,56161.3485119361,8859,0,0.703555706061634,22.0247093351395,0,8758,101.153231331354,TRUE,FALSE,TRUE,"n_users >= 85.0% de la mediana movil previa de 29 dias"
2018-07-11,56045.1340180739,8866,0,0.385100383487482,21.4134333408525,0,8766,101.140771161305,TRUE,FALSE,TRUE,"n_users >= 85.0% de la mediana movil previa de 29 dias"
2018-07-12,55984.4380252861,8873,0,0.0688042375746647,20.2446297757242,0,8768,101.19753649635,TRUE,FALSE,TRUE,"n_users >= 85.0% de la mediana movil previa de 29 dias"
2018-07-13,54855.4310213318,8885,0,0.296927405740011,20.9733933595947,0,8777,101.230488777487,TRUE,FALSE,TRUE,"n_users >= 85.0% de la mediana movil previa de 29 dias"
2018-07-14,51995.6740192053,8886,0,0.989376547377903,22.6613999549856,0,8783,101.172720027326,TRUE,FALSE,TRUE,"n_users >= 85.0% de la mediana movil previa de 29 dias"
2018-07-15,53079.4730174638,8887,0,0.711961291774499,22.6299763699786,0,8784,101.172586520947,TRUE,FALSE,TRUE,"n_users >= 85.0% de la mediana movil previa de 29 dias"
2018-07-16,57086.982513204,8888,0,0.0209270927092709,19.9238523852385,0,8785,101.172453044963,TRUE,FALSE,TRUE,"n_users >= 85.0% de la mediana movil previa de 29 dias"
2018-07-17,56099.0035243841,8911,0,0.0797441364605544,20.2164291325328,0,8791,101.36503241952,TRUE,FALSE,TRUE,"n_users >= 85.0% de la mediana movil previa de 29 dias"
2018-07-18,56124.4815189682,8924,0,0.842447333034514,22.6368780815778,0,8791,101.512910931635,TRUE,FALSE,TRUE,"n_users >= 85.0% de la mediana movil previa de 29 dias"
2018-07-19,57159.4980265481,8931,0,0.691434329862273,22.4447430298958,0,8802,101.465576005453,TRUE,FALSE,TRUE,"n_users >= 85.0% de la mediana movil previa de 29 dias"
2018-07-20,56227.2200219866,8934,0,0.033669129169465,18.8806133870609,0,8826,101.223657375935,TRUE,FALSE,TRUE,"n_users >= 85.0% de la mediana movil previa de 29 dias"
2018-07-21,51598.2550221288,8934,0,0.0378777703156481,19.1215133199016,0,8836,101.109099139882,TRUE,FALSE,TRUE,"n_users >= 85.0% de la mediana movil previa de 29 dias"
2018-07-22,50898.9645198206,8934,0,0.0505036937541974,19.5304678755316,0,8836,101.109099139882,TRUE,FALSE,TRUE,"n_users >= 85.0% de la mediana movil previa de 29 dias"
2018-07-23,54775.07501506,8943,0,0.491334004249133,21.920474113832,0,8837,101.199502093471,TRUE,FALSE,TRUE,"n_users >= 85.0% de la mediana movil previa de 29 dias"
2018-07-24,55861.8505082795,8949,0,0.968633366856633,22.5190188847916,0,8857,101.038726431071,TRUE,FALSE,TRUE,"n_users >= 85.0% de la mediana movil previa de 29 dias"
2018-07-25,55537.9935304113,8956,0,0.822353729343453,22.8090442161678,1,8859,101.094931707868,TRUE,FALSE,TRUE,"n_users >= 85.0% de la mediana movil previa de 29 dias"
2018-07-26,55708.9965219328,8968,0,1.41809768064229,23.2541369313115,0,8866,101.150462440785,TRUE,FALSE,TRUE,"n_users >= 85.0% de la mediana movil previa de 29 dias"
2018-07-27,55268.6290207673,8975,0,1.15520891364902,23.0323008356546,0,8873,101.149554829257,TRUE,FALSE,TRUE,"n_users >= 85.0% de la mediana movil previa de 29 dias"
2018-07-28,52175.6450207211,8975,0,0.0608356545961003,20.9472423398328,0,8885,101.012943162634,TRUE,FALSE,TRUE,"n_users >= 85.0% de la mediana movil previa de 29 dias"
2018-07-29,50588.5130099441,8975,0,0.249816155988857,21.7736044568246,0,8886,101.001575512041,TRUE,FALSE,TRUE,"n_users >= 85.0% de la mediana movil previa de 29 dias"
2018-07-30,53636.117020073,8990,0,1.37608453837597,23.2530812013349,0,8887,101.158996286711,TRUE,FALSE,TRUE,"n_users >= 85.0% de la mediana movil previa de 29 dias"
2018-07-31,53630.6840159006,8997,0,0.355051683894632,21.5749027453596,0,8888,101.226372637264,TRUE,FALSE,TRUE,"n_users >= 85.0% de la mediana movil previa de 29 dias"
2018-08-01,55197.1445152697,9006,0,0.506395736175883,21.9910170997111,0,8911,101.066098081023,TRUE,FALSE,TRUE,"n_users >= 85.0% de la mediana movil previa de 29 dias"
2018-08-02,54342.1355220794,9011,0,1.69232049717012,23.69232049717,0,8924,100.974899148364,TRUE,FALSE,TRUE,"n_users >= 85.0% de la mediana movil previa de 29 dias"
2018-08-03,53994.3220284299,9016,0,3.44203637976933,25.4420363797691,0,8931,100.951741126414,TRUE,FALSE,TRUE,"n_users >= 85.0% de la mediana movil previa de 29 dias"
2018-08-04,50955.5420303874,9017,0,1.89284684484861,23.8928468448485,0,8934,100.929035146631,TRUE,FALSE,TRUE,"n_users >= 85.0% de la mediana movil previa de 29 dias"
2018-08-05,50126.4370173262,9017,0,1.95823444604636,23.9582344460466,0,8934,100.929035146631,TRUE,FALSE,TRUE,"n_users >= 85.0% de la mediana movil previa de 29 dias"
2018-08-06,54599.7640187404,9026,0,4.99269886993132,26.9926988699313,0,8934,101.02977389747,TRUE,FALSE,TRUE,"n_users >= 85.0% de la mediana movil previa de 29 dias"
2018-08-07,55250.6805115758,9033,0,0.550559061219971,21.8307096202811,0,8943,101.006373700101,TRUE,FALSE,TRUE,"n_users >= 85.0% de la mediana movil previa de 29 dias"
2018-08-08,53475.0640130286,9041,0,0.352637982524057,21.3939055414223,0,8949,101.028047826573,TRUE,FALSE,TRUE,"n_users >= 85.0% de la mediana movil previa de 29 dias"
2018-08-09,53090.2435156479,9048,0,0.0615826702033599,18.472933244916,0,8956,101.027244305494,TRUE,FALSE,TRUE,"n_users >= 85.0% de la mediana movil previa de 29 dias"
2018-08-10,51118.171519291,9057,0,0.071370210886607,19.3745831953187,0,8968,100.992417484389,TRUE,FALSE,TRUE,"n_users >= 85.0% de la mediana movil previa de 29 dias"
2018-08-11,48855.1590201778,9057,0,0.319752677487026,21.3411725736998,0,8975,100.91364902507,TRUE,FALSE,TRUE,"n_users >= 85.0% de la mediana movil previa de 29 dias"
2018-08-12,49564.8855214717,9058,0,1.10600574078163,22.7789578273352,0,8975,100.924791086351,TRUE,FALSE,TRUE,"n_users >= 85.0% de la mediana movil previa de 29 dias"
2018-08-13,53026.6355177253,9063,0,0.0895950568244511,20.3153481187246,0,8975,100.980501392758,TRUE,FALSE,TRUE,"n_users >= 85.0% de la mediana movil previa de 29 dias"
2018-08-14,51812.5130175621,9066,0,0.0895654092212663,20.3353849547762,0,8990,100.845383759733,TRUE,FALSE,TRUE,"n_users >= 85.0% de la mediana movil previa de 29 dias"
2018-08-15,49250.7580241183,9068,0,0.144287604764005,21.0781208645788,1,8997,100.789151939535,TRUE,FALSE,TRUE,"n_users >= 85.0% de la mediana movil previa de 29 dias"
2018-08-16,52575.3285264444,9070,0,0.121609702315325,20.6310033076075,0,9006,100.710637352876,TRUE,FALSE,TRUE,"n_users >= 85.0% de la mediana movil previa de 29 dias"
2018-08-17,52461.6055290736,9078,0,0.0674157303370786,17.6098700154219,0,9011,100.743535678615,TRUE,FALSE,TRUE,"n_users >= 85.0% de la mediana movil previa de 29 dias"
2018-08-18,49399.976522947,9078,0,0.049438202247191,18.0758426966292,0,9016,100.687666370896,TRUE,FALSE,TRUE,"n_users >= 85.0% de la mediana movil previa de 29 dias"
2018-08-19,49050.6955135453,9077,0,0.0786603503360141,19.9216371047702,0,9017,100.665409781524,TRUE,FALSE,TRUE,"n_users >= 85.0% de la mediana movil previa de 29 dias"
2018-08-20,52506.0890230815,9084,0,0.0956406869220609,20.3180757375606,0,9017,100.743040922702,TRUE,FALSE,TRUE,"n_users >= 85.0% de la mediana movil previa de 29 dias"
2018-08-21,52811.5740274308,9091,0,0.312693873061269,21.3694313056869,0,9026,100.720141812542,TRUE,FALSE,TRUE,"n_users >= 85.0% de la mediana movil previa de 29 dias"
2018-08-22,53142.3305336095,9100,0,1.14639560439561,23.0237582417584,0,9033,100.741724786893,TRUE,FALSE,TRUE,"n_users >= 85.0% de la mediana movil previa de 29 dias"
2018-08-23,54578.9550108645,9100,0,0.750296703296702,22.1412637362636,0,9041,100.652582678907,TRUE,FALSE,TRUE,"n_users >= 85.0% de la mediana movil previa de 29 dias"
2018-08-24,54005.8245068449,9106,0,0.0818361519877004,19.3461893257194,0,9048,100.641025641026,TRUE,FALSE,TRUE,"n_users >= 85.0% de la mediana movil previa de 29 dias"
2018-08-25,52137.4490350995,9107,0,0.0548149774898429,18.3628637311958,0,9057,100.552059180744,TRUE,FALSE,TRUE,"n_users >= 85.0% de la mediana movil previa de 29 dias"
2018-08-26,51217.5015192186,9107,0,0.0411112331173822,19.715142198309,0,9057,100.552059180744,TRUE,FALSE,TRUE,"n_users >= 85.0% de la mediana movil previa de 29 dias"
2018-08-27,56109.6285375017,9119,0,0.400614102423512,21.3703695580654,0,9058,100.673437844999,TRUE,FALSE,TRUE,"n_users >= 85.0% de la mediana movil previa de 29 dias"
2018-08-28,57542.3535278891,9128,0,1.09180543382997,23.09180543383,0,9063,100.717201809555,TRUE,FALSE,TRUE,"n_users >= 85.0% de la mediana movil previa de 29 dias"
2018-08-29,58369.0945085641,9138,0,0.0640402713941782,20.2849967170059,0,9066,100.794176042356,TRUE,FALSE,TRUE,"n_users >= 85.0% de la mediana movil previa de 29 dias"
2018-08-30,57162.0055348711,9144,0,0.0868547681539807,19.517125984252,0,9068,100.838112042347,TRUE,FALSE,TRUE,"n_users >= 85.0% de la mediana movil previa de 29 dias"
2018-08-31,56616.5790123573,9154,0,0.105527638190955,19.4615577889448,0,9070,100.926130099228,TRUE,FALSE,TRUE,"n_users >= 85.0% de la mediana movil previa de 29 dias"
2018-09-01,54302.6190241452,9154,0,0.128446580729736,20.1574175223945,0,9077,100.848297895781,TRUE,FALSE,TRUE,"n_users >= 85.0% de la mediana movil previa de 29 dias"
2018-09-02,55510.0525177394,9153,0,0.142248443133399,20.6073200043703,0,9078,100.826173165896,TRUE,FALSE,TRUE,"n_users >= 85.0% de la mediana movil previa de 29 dias"
2018-09-03,59951.9145146247,9165,0,0.105400981996727,19.9181342062194,0,9078,100.958360872439,TRUE,FALSE,TRUE,"n_users >= 85.0% de la mediana movil previa de 29 dias"
2018-09-04,60727.9325225881,9177,0,0.0367876212269805,19.9816933638445,0,9084,101.023778071334,TRUE,FALSE,TRUE,"n_users >= 85.0% de la mediana movil previa de 29 dias"
2018-09-05,61929.352518869,9180,0,0.0206862745098039,19.1187799564269,0,9091,100.978990210098,TRUE,FALSE,TRUE,"n_users >= 85.0% de la mediana movil previa de 29 dias"
2018-09-06,62024.8210182005,9188,0,0,18.9302568567696,0,9100,100.967032967033,TRUE,FALSE,TRUE,"n_users >= 85.0% de la mediana movil previa de 29 dias"
2018-09-07,59805.3745096704,9198,0,0.0137638617090672,18.7937268971515,0,9100,101.076923076923,TRUE,FALSE,TRUE,"n_users >= 85.0% de la mediana movil previa de 29 dias"
2018-09-08,56160.7800228798,9195,0,0.2252637302882,21.3821533442088,0,9106,100.977377553262,TRUE,FALSE,TRUE,"n_users >= 85.0% de la mediana movil previa de 29 dias"
2018-09-09,59090.5925111157,9195,0,0.128722131593257,21.3488526373029,0,9107,100.966289667289,TRUE,FALSE,TRUE,"n_users >= 85.0% de la mediana movil previa de 29 dias"
2018-09-10,62104.7390268689,9202,0,0.0069115409693545,19.9648554662032,0,9107,101.043153618096,TRUE,FALSE,TRUE,"n_users >= 85.0% de la mediana movil previa de 29 dias"
2018-09-11,62098.6125152168,9210,0,0.0689902280130294,21.1490445168295,0,9119,100.997916438206,TRUE,FALSE,TRUE,"n_users >= 85.0% de la mediana movil previa de 29 dias"
2018-09-12,62836.0235180893,9216,0,0.0851888020833335,21.3346245659723,0,9128,100.964066608238,TRUE,FALSE,TRUE,"n_users >= 85.0% de la mediana movil previa de 29 dias"
2018-09-13,62391.8750355635,9224,0,0.0415654813529922,20.3581743278405,0,9138,100.941124972642,TRUE,FALSE,TRUE,"n_users >= 85.0% de la mediana movil previa de 29 dias"
2018-09-14,60042.6020139287,9233,0,0.0553666197335643,19.8492147730964,0,9144,100.973315835521,TRUE,FALSE,TRUE,"n_users >= 85.0% de la mediana movil previa de 29 dias"
2018-09-15,56773.2455239052,9233,0,0.0553666197335644,19.7246832015596,0,9153,100.874030372555,TRUE,FALSE,TRUE,"n_users >= 85.0% de la mediana movil previa de 29 dias"
2018-09-16,58676.9390189399,9235,0,0.0322902003248511,20.0145966432053,0,9154,100.884859077999,TRUE,FALSE,TRUE,"n_users >= 85.0% de la mediana movil previa de 29 dias"
2018-09-17,63362.9890144384,9243,0,2.79623498864006,24.7962349886398,0,9154,100.972252567184,TRUE,FALSE,TRUE,"n_users >= 85.0% de la mediana movil previa de 29 dias"
2018-09-18,64020.7970168703,9249,0,0.289112336468808,21.3182289977296,0,9165,100.916530278232,TRUE,FALSE,TRUE,"n_users >= 85.0% de la mediana movil previa de 29 dias"
2018-09-19,63672.7585219638,9261,0,0.755771514955189,21.979440665155,0,9177,100.91533180778,TRUE,FALSE,TRUE,"n_users >= 85.0% de la mediana movil previa de 29 dias"
2018-09-20,63204.7840120399,9261,0,1.04943310657597,22.4773998488286,0,9180,100.882352941176,TRUE,FALSE,TRUE,"n_users >= 85.0% de la mediana movil previa de 29 dias"
2018-09-21,61824.5650103515,9284,0,0.0463162429987075,20.4140133563119,0,9188,101.044841097083,TRUE,FALSE,TRUE,"n_users >= 85.0% de la mediana movil previa de 29 dias"
2018-09-22,57964.2955281527,9283,0,0.513820963050738,21.8807928471399,0,9195,100.957041870582,TRUE,FALSE,TRUE,"n_users >= 85.0% de la mediana movil previa de 29 dias"
2018-09-23,59602.0115174262,9283,0,0.185608100829473,20.5406980501992,0,9195,100.957041870582,TRUE,FALSE,TRUE,"n_users >= 85.0% de la mediana movil previa de 29 dias"
2018-09-24,63630.1250121604,9299,0.365587697601894,0.0878589095601678,15.0938595547908,0,9198,101.098064796695,TRUE,FALSE,TRUE,"n_users >= 85.0% de la mediana movil previa de 29 dias"
2018-09-25,62759.2835245035,9320,1.4037339055794,0.0322961373390558,13.8133905579399,0,9202,101.282329928276,TRUE,FALSE,TRUE,"n_users >= 85.0% de la mediana movil previa de 29 dias"
2018-09-26,62260.8455289577,9328,0,0.0414879931389366,19.0491316466554,0,9210,101.28121606949,TRUE,FALSE,TRUE,"n_users >= 85.0% de la mediana movil previa de 29 dias"
2018-09-27,62318.2245079397,9342,0,1.56585313637337,23.1718903874973,0,9216,101.3671875,TRUE,FALSE,TRUE,"n_users >= 85.0% de la mediana movil previa de 29 dias"
2018-09-28,61121.7765227678,9351,0,0,19.5890920757138,0,9224,101.376843018213,TRUE,FALSE,TRUE,"n_users >= 85.0% de la mediana movil previa de 29 dias"
2018-09-29,58770.9810113271,9351,0,0,18.1320072719496,0,9233,101.278024477418,TRUE,FALSE,TRUE,"n_users >= 85.0% de la mediana movil previa de 29 dias"
2018-09-30,60367.8970165578,9351,0,0,16.7292375147043,0,9233,101.278024477418,TRUE,FALSE,TRUE,"n_users >= 85.0% de la mediana movil previa de 29 dias"
2018-10-01,64740.0170139973,9365,0.698857447944477,0,14.5444741057127,0,9235,101.407688142934,TRUE,FALSE,TRUE,"n_users >= 85.0% de la mediana movil previa de 29 dias"
2018-10-02,64431.3845241963,9377,2.00583342220326,0,13.0497067292311,0,9243,101.449745753543,TRUE,FALSE,TRUE,"n_users >= 85.0% de la mediana movil previa de 29 dias"
2018-10-03,64500.6995065801,9382,0.644404178213601,0,14.9000746109571,0,9249,101.437993296573,TRUE,FALSE,TRUE,"n_users >= 85.0% de la mediana movil previa de 29 dias"
2018-10-04,63819.3040365723,9390,0,0,16.6368477103301,0,9261,101.392938127632,TRUE,FALSE,TRUE,"n_users >= 85.0% de la mediana movil previa de 29 dias"
2018-10-05,61754.0975042927,9390,0,0,20.1354845580403,0,9261,101.392938127632,TRUE,FALSE,TRUE,"n_users >= 85.0% de la mediana movil previa de 29 dias"
2018-10-06,61080.107007376,9391,0.122031732509849,0,15.6973911191566,0,9283,101.163416998815,TRUE,FALSE,TRUE,"n_users >= 85.0% de la mediana movil previa de 29 dias"
2018-10-07,66039.9425069614,9391,2.36920455755511,0,12.6354168885103,0,9283,101.163416998815,TRUE,FALSE,TRUE,"n_users >= 85.0% de la mediana movil previa de 29 dias"
2018-10-08,67432.7440176546,9406,0.982404847969381,0,14.241824367425,0,9284,101.314088754847,TRUE,FALSE,TRUE,"n_users >= 85.0% de la mediana movil previa de 29 dias"
2018-10-09,66216.7195334447,9411,1.11394113271702,0,14.6231537562428,0,9299,101.204430583934,TRUE,FALSE,TRUE,"n_users >= 85.0% de la mediana movil previa de 29 dias"
2018-10-10,65984.1015027578,9440,0,0,18.2345127118644,0,9320,101.287553648069,TRUE,FALSE,TRUE,"n_users >= 85.0% de la mediana movil previa de 29 dias"
2018-10-11,64709.1300182078,9454,0.052718426063042,0,19.4004442563995,0,9328,101.35077186964,TRUE,FALSE,TRUE,"n_users >= 85.0% de la mediana movil previa de 29 dias"
2018-10-12,58492.0455212586,9454,0,0.1922995557436,21.6510471757987,1,9342,101.19888674802,TRUE,FALSE,TRUE,"n_users >= 85.0% de la mediana movil previa de 29 dias"
2018-10-13,56331.39052727,9454,0,2.0789295536281,23.4697905648405,0,9351,101.101486472035,TRUE,FALSE,TRUE,"n_users >= 85.0% de la mediana movil previa de 29 dias"
2018-10-14,65305.0845149409,9455,0,0,17.5240824960339,0,9351,101.112180515453,TRUE,FALSE,TRUE,"n_users >= 85.0% de la mediana movil previa de 29 dias"
2018-10-15,65833.246018472,9466,0.445721529685191,0,15.0096344813015,0,9351,101.229814993049,TRUE,FALSE,TRUE,"n_users >= 85.0% de la mediana movil previa de 29 dias"
2018-10-16,66335.3280201516,9473,0.389781484218303,0,14.9216087828564,0,9365,101.15323011212,TRUE,FALSE,TRUE,"n_users >= 85.0% de la mediana movil previa de 29 dias"
2018-10-17,66317.9430149195,9484,0.276708140025304,0,15.2107444116406,0,9377,101.141089900821,TRUE,FALSE,TRUE,"n_users >= 85.0% de la mediana movil previa de 29 dias"
2018-10-18,67728.4835173171,9490,0.306343519494204,0,15.0298314014753,0,9382,101.151140481774,TRUE,FALSE,TRUE,"n_users >= 85.0% de la mediana movil previa de 29 dias"
2018-10-19,65468.6595310668,9495,0,0,16.4723117430226,0,9390,101.11821086262,TRUE,FALSE,TRUE,"n_users >= 85.0% de la mediana movil previa de 29 dias"
2018-10-20,63263.9145191228,9495,0,0,16.0945550289627,0,9390,101.11821086262,TRUE,FALSE,TRUE,"n_users >= 85.0% de la mediana movil previa de 29 dias"
2018-10-21,64488.0180231086,9495,0,0,17.4247182727752,0,9391,101.107443296774,TRUE,FALSE,TRUE,"n_users >= 85.0% de la mediana movil previa de 29 dias"
2018-10-22,68004.4715078776,9512,0.800725399495374,0,14.2341253153911,0,9391,101.288467681823,TRUE,FALSE,TRUE,"n_users >= 85.0% de la mediana movil previa de 29 dias"
2018-10-23,68369.5055180063,9517,1.55286329725754,0,13.4841231480508,0,9406,101.180097809909,TRUE,FALSE,TRUE,"n_users >= 85.0% de la mediana movil previa de 29 dias"
2018-10-24,67954.4295101058,9526,1.44497165651901,0,13.6188536636572,0,9411,101.221974285411,TRUE,FALSE,TRUE,"n_users >= 85.0% de la mediana movil previa de 29 dias"
2018-10-25,68242.5145155271,9539,1.48101478142363,0,13.5282524373623,0,9440,101.048728813559,TRUE,FALSE,TRUE,"n_users >= 85.0% de la mediana movil previa de 29 dias"
2018-10-26,68440.2545209685,9547,1.54680004189797,0,13.4531999581022,0,9454,100.983710598688,TRUE,FALSE,TRUE,"n_users >= 85.0% de la mediana movil previa de 29 dias"
2018-10-27,71893.5480275064,9546,6.69021579719252,0,8.30978420280748,0,9454,100.973133065369,TRUE,FALSE,TRUE,"n_users >= 85.0% de la mediana movil previa de 29 dias"
2018-10-28,78063.4565169953,9546,8.81652000838047,0,6.18347999161953,0,9454,100.973133065369,TRUE,FALSE,TRUE,"n_users >= 85.0% de la mediana movil previa de 29 dias"
2018-10-29,85166.7285072745,9546,8.47094070815002,0,6.52905929185002,0,9455,100.962453728186,TRUE,FALSE,TRUE,"n_users >= 85.0% de la mediana movil previa de 29 dias"
2018-10-30,83898.9385175739,9554,7.00567301653752,0,7.99432698346249,0,9466,100.929642932601,TRUE,FALSE,TRUE,"n_users >= 85.0% de la mediana movil previa de 29 dias"
2018-10-31,82491.3269986368,9563,5.13574192199101,0,9.86425807800899,0,9473,100.950068616067,TRUE,FALSE,TRUE,"n_users >= 85.0% de la mediana movil previa de 29 dias"
2018-11-01,77453.8430298049,9582,3.60122103944898,0,11.398778960551,1,9484,101.033319274568,TRUE,FALSE,TRUE,"n_users >= 85.0% de la mediana movil previa de 29 dias"
2018-11-02,75415.2865085296,9597,4.20042721683862,0,10.7995727831614,0,9490,101.127502634352,TRUE,FALSE,TRUE,"n_users >= 85.0% de la mediana movil previa de 29 dias"
2018-11-03,71401.3725054137,9600,5.9827916666666,0,9.01720833333344,0,9495,101.105845181675,TRUE,FALSE,TRUE,"n_users >= 85.0% de la mediana movil previa de 29 dias"
2018-11-04,75915.1495119951,9601,4.34946359754191,0,10.6505364024582,0,9495,101.116377040548,TRUE,FALSE,TRUE,"n_users >= 85.0% de la mediana movil previa de 29 dias"
2018-11-05,82182.6130116907,9601,3.20249973961047,0,11.7975002603896,0,9495,101.116377040548,TRUE,FALSE,TRUE,"n_users >= 85.0% de la mediana movil previa de 29 dias"
2018-11-06,82085.7015208168,9615,3.7028913156526,0,11.2971086843473,0,9512,101.082842724979,TRUE,FALSE,TRUE,"n_users >= 85.0% de la mediana movil previa de 29 dias"
2018-11-07,79841.6710090522,9625,3.59968831168831,0,11.4003116883117,0,9517,101.134811390144,TRUE,FALSE,TRUE,"n_users >= 85.0% de la mediana movil previa de 29 dias"
2018-11-08,79376.3765184329,9645,3.65950233281495,0,11.3404976671851,0,9526,101.249212681083,TRUE,FALSE,TRUE,"n_users >= 85.0% de la mediana movil previa de 29 dias"
2018-11-09,76256.4365235834,9662,2.92097909335541,0,12.0790209066446,1,9539,101.289443337876,TRUE,FALSE,TRUE,"n_users >= 85.0% de la mediana movil previa de 29 dias"
2018-11-10,73870.9655405105,9674,0.365236716973331,0,15.4986251808972,0,9546,101.34087575948,TRUE,FALSE,TRUE,"n_users >= 85.0% de la mediana movil previa de 29 dias"
2018-11-11,74761.8480073127,9676,0.253679206283588,0,15.6102728400165,0,9546,101.361826943222,TRUE,FALSE,TRUE,"n_users >= 85.0% de la mediana movil previa de 29 dias"
2018-11-12,80004.7885166378,9676,2.77599214551468,0,12.2240078544854,0,9546,101.361826943222,TRUE,FALSE,TRUE,"n_users >= 85.0% de la mediana movil previa de 29 dias"
2018-11-13,78269.3475202479,9683,2.6101518124548,0,12.3898481875451,0,9547,101.424531266366,TRUE,FALSE,TRUE,"n_users >= 85.0% de la mediana movil previa de 29 dias"
2018-11-14,75783.7900151111,9692,0.876901254874618,0,15.1126158726532,0,9554,101.444421184844,TRUE,FALSE,TRUE,"n_users >= 85.0% de la mediana movil previa de 29 dias"
2018-11-15,73356.7645287819,9702,0.252236652236652,0,16.8562667491238,0,9563,101.45351877026,TRUE,FALSE,TRUE,"n_users >= 85.0% de la mediana movil previa de 29 dias"
2018-11-16,71240.0465252658,9709,0.965959419095686,0,15.3382840663302,0,9582,101.325401795032,TRUE,FALSE,TRUE,"n_users >= 85.0% de la mediana movil previa de 29 dias"
2018-11-17,69203.4085180908,9722,1.14155523554824,0,15.2063361448263,0,9597,101.302490361571,TRUE,FALSE,TRUE,"n_users >= 85.0% de la mediana movil previa de 29 dias"
2018-11-18,75029.0165285355,9724,3.36053064582478,0,11.6394693541753,0,9600,101.291666666667,TRUE,FALSE,TRUE,"n_users >= 85.0% de la mediana movil previa de 29 dias"
2018-11-19,78959.4890085914,9725,4.26692030848331,0,10.7330796915166,0,9601,101.29153213207,TRUE,FALSE,TRUE,"n_users >= 85.0% de la mediana movil previa de 29 dias"
2018-11-20,85744.3760273347,9735,8.73923985618902,0,6.26076014381093,0,9601,101.395687949172,TRUE,FALSE,TRUE,"n_users >= 85.0% de la mediana movil previa de 29 dias"
2018-11-21,84417.2410151565,9749,5.19552774643557,0,9.80447225356445,0,9615,101.39365574623,TRUE,FALSE,TRUE,"n_users >= 85.0% de la mediana movil previa de 29 dias"
2018-11-22,81476.0995137657,9752,2.95674733388022,0,12.0432526661197,0,9625,101.319480519481,TRUE,FALSE,TRUE,"n_users >= 85.0% de la mediana movil previa de 29 dias"
2018-11-23,79257.1335134933,9758,4.15720434515268,0,10.8427956548473,0,9645,101.171591498186,TRUE,FALSE,TRUE,"n_users >= 85.0% de la mediana movil previa de 29 dias"
2018-11-24,77434.4910154697,9764,3.03338795575585,0,12.0303564113069,0,9662,101.055682053405,TRUE,FALSE,TRUE,"n_users >= 85.0% de la mediana movil previa de 29 dias"
2018-11-25,80502.5765168665,9766,4.91980339954947,0,10.0801966004506,0,9674,100.951002687616,TRUE,FALSE,TRUE,"n_users >= 85.0% de la mediana movil previa de 29 dias"
2018-11-26,88381.5545351118,9766,6.54220765922586,0,8.45779234077411,0,9676,100.930136420008,TRUE,FALSE,TRUE,"n_users >= 85.0% de la mediana movil previa de 29 dias"
2018-11-27,85178.5755080193,9775,5.11567263427113,0,9.88432736572889,0,9676,101.023150062009,TRUE,FALSE,TRUE,"n_users >= 85.0% de la mediana movil previa de 29 dias"
2018-11-28,83462.1755278704,9786,2.03338442673205,0,13.3813509094625,0,9683,101.063719921512,TRUE,FALSE,TRUE,"n_users >= 85.0% de la mediana movil previa de 29 dias"
2018-11-29,82444.4970207068,9800,3.25055102040817,0,11.7813673469389,0,9692,101.114321089558,TRUE,FALSE,TRUE,"n_users >= 85.0% de la mediana movil previa de 29 dias"
2018-11-30,80912.6925223728,9817,4.81658347764085,0,10.1834165223592,0,9702,101.185322613894,TRUE,FALSE,TRUE,"n_users >= 85.0% de la mediana movil previa de 29 dias"
2018-12-01,80740.9405187867,9822,5.1434229281205,0,9.85657707187952,0,9709,101.163868575548,TRUE,FALSE,TRUE,"n_users >= 85.0% de la mediana movil previa de 29 dias"
2018-12-02,79938.9270311265,9823,1.95962536903186,0,13.2317418303981,0,9722,101.038880888706,TRUE,FALSE,TRUE,"n_users >= 85.0% de la mediana movil previa de 29 dias"
2018-12-03,82084.775017692,9827,1.67664597537397,0,13.4039686577796,1,9724,101.059234882764,TRUE,FALSE,TRUE,"n_users >= 85.0% de la mediana movil previa de 29 dias"
2018-12-04,81206.6625224873,9840,1.63184959349593,0,13.4639735772358,0,9725,101.182519280206,TRUE,FALSE,TRUE,"n_users >= 85.0% de la mediana movil previa de 29 dias"
2018-12-05,78498.4420200257,9846,2.31291895185863,0,12.6870810481414,0,9735,101.140215716487,TRUE,FALSE,TRUE,"n_users >= 85.0% de la mediana movil previa de 29 dias"
2018-12-06,75666.5954969105,9856,3.59936079545457,0,11.4006392045456,1,9749,101.097548466509,TRUE,FALSE,TRUE,"n_users >= 85.0% de la mediana movil previa de 29 dias"
2018-12-07,76426.6640188587,9857,5.32344526732273,0,9.67655473267729,0,9752,101.07670221493,TRUE,FALSE,TRUE,"n_users >= 85.0% de la mediana movil previa de 29 dias"
2018-12-08,72334.2990067861,9869,4.35375417975481,0,10.6462458202451,1,9758,101.137528182005,TRUE,FALSE,TRUE,"n_users >= 85.0% de la mediana movil previa de 29 dias"
2018-12-09,78993.5165308323,9870,4.00062816616011,0,10.9993718338399,0,9764,101.085620647276,TRUE,FALSE,TRUE,"n_users >= 85.0% de la mediana movil previa de 29 dias"
2018-12-10,84605.3760226151,9870,5.95877406281664,0,9.04122593718335,0,9766,101.064919107106,TRUE,FALSE,TRUE,"n_users >= 85.0% de la mediana movil previa de 29 dias"
2018-12-11,88466.7900445933,9883,7.06733785287868,0,7.93266214712133,0,9766,101.198033995495,TRUE,FALSE,TRUE,"n_users >= 85.0% de la mediana movil previa de 29 dias"
2018-12-12,88424.4360039217,9895,5.15553309752402,0,9.84446690247597,0,9775,101.227621483376,TRUE,FALSE,TRUE,"n_users >= 85.0% de la mediana movil previa de 29 dias"
2018-12-13,90032.2515131617,9899,4.60160622285076,0,10.3983937771492,0,9786,101.154710811363,TRUE,FALSE,TRUE,"n_users >= 85.0% de la mediana movil previa de 29 dias"
2018-12-14,87792.4065198232,9903,6.62469958598407,0,8.37530041401593,0,9800,101.051020408163,TRUE,FALSE,TRUE,"n_users >= 85.0% de la mediana movil previa de 29 dias"
2018-12-15,83554.0300053724,9912,4.44686238902339,0,10.5531376109766,0,9817,100.967709076092,TRUE,FALSE,TRUE,"n_users >= 85.0% de la mediana movil previa de 29 dias"
2018-12-16,85327.3320295793,9913,4.65804499142541,0,10.3419550085746,0,9822,100.926491549583,TRUE,FALSE,TRUE,"n_users >= 85.0% de la mediana movil previa de 29 dias"
2018-12-17,90573.2660203426,9913,7.02317159285788,0,7.97682840714214,0,9823,100.916217041637,TRUE,FALSE,TRUE,"n_users >= 85.0% de la mediana movil previa de 29 dias"
2018-12-18,91278.5779933447,9925,4.69037783375315,0,10.3096221662468,0,9827,100.997252467691,TRUE,FALSE,TRUE,"n_users >= 85.0% de la mediana movil previa de 29 dias"
2018-12-19,88632.288018651,9933,5.17721735628711,0,9.82278264371295,0,9840,100.94512195122,TRUE,FALSE,TRUE,"n_users >= 85.0% de la mediana movil previa de 29 dias"
2018-12-20,87293.5780069717,9946,4.28790468530059,0,10.7120953146995,0,9846,101.015640869389,TRUE,FALSE,TRUE,"n_users >= 85.0% de la mediana movil previa de 29 dias"
2018-12-21,81187.9655148028,9951,1.56167219374938,0,14.1070947643453,0,9856,100.96387987013,TRUE,FALSE,TRUE,"n_users >= 85.0% de la mediana movil previa de 29 dias"
2018-12-22,79305.7815099062,9957,1.7611127849754,0,13.3194134779551,0,9857,101.01450745663,TRUE,FALSE,TRUE,"n_users >= 85.0% de la mediana movil previa de 29 dias"
2018-12-23,80372.6145140835,9941,3.6331757368474,0,11.3668242631525,0,9869,100.729557199311,TRUE,FALSE,TRUE,"n_users >= 85.0% de la mediana movil previa de 29 dias"
2018-12-24,82785.7765115503,9941,5.06389699225434,0,9.93610300774569,0,9870,100.719351570415,TRUE,FALSE,TRUE,"n_users >= 85.0% de la mediana movil previa de 29 dias"
2018-12-25,76857.2210155623,9946,6.3410014076011,0,8.65899859239888,1,9870,100.770010131712,TRUE,FALSE,TRUE,"n_users >= 85.0% de la mediana movil previa de 29 dias"
2018-12-26,84596.0550207855,9946,5.11774582746837,0,9.88225417253159,0,9883,100.637458261661,TRUE,FALSE,TRUE,"n_users >= 85.0% de la mediana movil previa de 29 dias"
2018-12-27,86545.2770218175,9956,7.48892125351546,0,7.51107874648454,0,9895,100.616472966145,TRUE,FALSE,TRUE,"n_users >= 85.0% de la mediana movil previa de 29 dias"
2018-12-28,88211.1750114308,9959,6.60433778491816,0,8.39566221508185,0,9899,100.606121830488,TRUE,FALSE,TRUE,"n_users >= 85.0% de la mediana movil previa de 29 dias"
2018-12-29,82006.4129995711,9971,7.89349112426037,0,7.10650887573963,0,9903,100.686660607897,TRUE,FALSE,TRUE,"n_users >= 85.0% de la mediana movil previa de 29 dias"
2018-12-30,84676.495004746,9972,9.18975130365013,0,5.81024869634985,0,9912,100.605326876513,TRUE,FALSE,TRUE,"n_users >= 85.0% de la mediana movil previa de 29 dias"
2018-12-31,89786.6990117835,9973,8.95800661786821,0,6.04199338213178,0,9913,100.605265812569,TRUE,FALSE,TRUE,"n_users >= 85.0% de la mediana movil previa de 29 dias"
2019-01-01,85485.6360129002,9975,9.9409523809524,0,5.05904761904765,1,9913,100.625441339655,TRUE,FALSE,TRUE,"n_users >= 85.0% de la mediana movil previa de 29 dias"
2019-01-02,96030.5540344839,9979,9.87349433811002,0,5.12650566188999,0,9925,100.544080604534,TRUE,FALSE,TRUE,"n_users >= 85.0% de la mediana movil previa de 29 dias"
2019-01-03,95903.8040197989,9988,10.9511914297156,0,4.04880857028436,0,9933,100.553709856035,TRUE,FALSE,TRUE,"n_users >= 85.0% de la mediana movil previa de 29 dias"
2019-01-04,97001.9545047063,9999,11.3260526052605,0,3.67394739473947,0,9941,100.583442309627,TRUE,FALSE,TRUE,"n_users >= 85.0% de la mediana movil previa de 29 dias"
2019-01-05,94327.2255242459,10003,10.6975707287815,0,4.30242927121864,0,9941,100.623679710291,TRUE,FALSE,TRUE,"n_users >= 85.0% de la mediana movil previa de 29 dias"
2019-01-06,95031.6240172948,10003,11.2901629511147,0,3.70983704888535,0,9946,100.573094711442,TRUE,FALSE,TRUE,"n_users >= 85.0% de la mediana movil previa de 29 dias"
2019-01-07,105439.671997246,10003,10.7261921423573,0,4.27380785764274,0,9946,100.573094711442,TRUE,FALSE,TRUE,"n_users >= 85.0% de la mediana movil previa de 29 dias"
2019-01-08,105502.838522131,10008,8.61253996802552,0,6.38746003197446,0,9946,100.623366177358,TRUE,FALSE,TRUE,"n_users >= 85.0% de la mediana movil previa de 29 dias"
2019-01-09,102594.811019894,10020,7.78537924151693,0,7.21462075848308,0,9951,100.693397648478,TRUE,FALSE,TRUE,"n_users >= 85.0% de la mediana movil previa de 29 dias"
2019-01-10,102286.294007858,10042,11.5628759211314,0,3.43712407886876,0,9956,100.863800723182,TRUE,FALSE,TRUE,"n_users >= 85.0% de la mediana movil previa de 29 dias"
2019-01-11,100480.789030073,10056,11.9398369132856,0,3.0601630867144,0,9957,100.994275384152,TRUE,FALSE,TRUE,"n_users >= 85.0% de la mediana movil previa de 29 dias"
2019-01-12,95211.8445144976,10057,8.64448642736408,0,6.35551357263597,0,9959,100.984034541621,TRUE,FALSE,TRUE,"n_users >= 85.0% de la mediana movil previa de 29 dias"
2019-01-13,96993.3050088666,10058,6.77000397693376,0,8.22999602306618,0,9971,100.87253033798,TRUE,FALSE,TRUE,"n_users >= 85.0% de la mediana movil previa de 29 dias"
2019-01-14,98889.9950165638,10058,5.70994233446016,0,9.29005766553984,0,9972,100.862414761332,TRUE,FALSE,TRUE,"n_users >= 85.0% de la mediana movil previa de 29 dias"
2019-01-15,95738.0180282622,10071,7.95629033859598,0,7.04370966140401,0,9973,100.982653163542,TRUE,FALSE,TRUE,"n_users >= 85.0% de la mediana movil previa de 29 dias"
2019-01-16,95659.3815279697,10079,7.88202202599461,0,7.11797797400538,0,9975,101.042606516291,TRUE,FALSE,TRUE,"n_users >= 85.0% de la mediana movil previa de 29 dias"
2019-01-17,95925.6280265041,10097,7.77446766366242,0,7.22553233633757,0,9979,101.182483214751,TRUE,FALSE,TRUE,"n_users >= 85.0% de la mediana movil previa de 29 dias"
2019-01-18,95848.3660067256,10110,9.12436201780411,0,5.87563798219584,0,9988,101.221465758911,TRUE,FALSE,TRUE,"n_users >= 85.0% de la mediana movil previa de 29 dias"
2019-01-19,92506.3755112138,10125,7.97429135802474,0,7.02570864197526,0,9999,101.260126012601,TRUE,FALSE,TRUE,"n_users >= 85.0% de la mediana movil previa de 29 dias"
2019-01-20,93838.1420102512,10125,7.50102716049384,0,7.49897283950616,0,10003,101.219634109767,TRUE,FALSE,TRUE,"n_users >= 85.0% de la mediana movil previa de 29 dias"
2019-01-21,99663.2225234174,10125,8.73953580246911,0,6.26046419753083,0,10003,101.219634109767,TRUE,FALSE,TRUE,"n_users >= 85.0% de la mediana movil previa de 29 dias"
2019-01-22,103546.938502861,10130,9.95711747285292,0,5.04288252714707,0,10003,101.269619114266,TRUE,FALSE,TRUE,"n_users >= 85.0% de la mediana movil previa de 29 dias"
2019-01-23,103150.28300472,10152,7.003585500394,0,7.996414499606,0,10008,101.438848920863,TRUE,FALSE,TRUE,"n_users >= 85.0% de la mediana movil previa de 29 dias"
2019-01-24,101554.773515402,10161,9.20603287078046,0,5.79396712921957,0,10020,101.407185628743,TRUE,FALSE,TRUE,"n_users >= 85.0% de la mediana movil previa de 29 dias"
2019-01-25,96100.6365329092,10165,6.74289227742258,0,8.25710772257741,0,10042,101.224855606453,TRUE,FALSE,TRUE,"n_users >= 85.0% de la mediana movil previa de 29 dias"
2019-01-26,88003.2185318843,10168,6.17697678992922,0,8.82302321007087,0,10056,101.113762927605,TRUE,FALSE,TRUE,"n_users >= 85.0% de la mediana movil previa de 29 dias"
2019-01-27,94979.1015205181,10169,8.1221949060871,0,6.87780509391287,0,10057,101.113652182559,TRUE,FALSE,TRUE,"n_users >= 85.0% de la mediana movil previa de 29 dias"
2019-01-28,100449.413013626,10169,7.00243878454129,0,7.99756121545868,0,10058,101.103599125075,TRUE,FALSE,TRUE,"n_users >= 85.0% de la mediana movil previa de 29 dias"
2019-01-29,99573.2735318374,10174,7.51279732651858,0,7.48720267348142,0,10058,101.153310797375,TRUE,FALSE,TRUE,"n_users >= 85.0% de la mediana movil previa de 29 dias"
2019-01-30,98569.3575227602,10175,7.82654545454543,0,7.17345454545458,0,10071,101.032668056797,TRUE,FALSE,TRUE,"n_users >= 85.0% de la mediana movil previa de 29 dias"
2019-01-31,96202.4470231856,10186,4.09009424700571,0,10.9099057529943,0,10079,101.061613255283,TRUE,FALSE,TRUE,"n_users >= 85.0% de la mediana movil previa de 29 dias"
2019-02-01,92199.6610163626,10194,7.08979792034529,0,7.9102020796547,0,10097,100.960681390512,TRUE,FALSE,TRUE,"n_users >= 85.0% de la mediana movil previa de 29 dias"
2019-02-02,95191.4960314841,10202,9.41631052734751,0,5.58368947265243,0,10110,100.909990108803,TRUE,FALSE,TRUE,"n_users >= 85.0% de la mediana movil previa de 29 dias"
2019-02-03,97210.7185167919,10202,10.5645363654185,0,4.43546363458143,0,10125,100.76049382716,TRUE,FALSE,TRUE,"n_users >= 85.0% de la mediana movil previa de 29 dias"
2019-02-04,100799.204491994,10202,9.19593217016269,0,5.80406782983735,0,10125,100.76049382716,TRUE,FALSE,TRUE,"n_users >= 85.0% de la mediana movil previa de 29 dias"
2019-02-05,97245.3440134871,10207,4.7097874008034,0,10.2902125991967,0,10125,100.80987654321,TRUE,FALSE,TRUE,"n_users >= 85.0% de la mediana movil previa de 29 dias"
2019-02-06,91605.9355305636,10213,3.66865759326349,0,11.3313424067365,0,10130,100.819348469891,TRUE,FALSE,TRUE,"n_users >= 85.0% de la mediana movil previa de 29 dias"
2019-02-07,92801.5775233625,10221,6.97620585069951,0,8.0237941493005,0,10152,100.679669030733,TRUE,FALSE,TRUE,"n_users >= 85.0% de la mediana movil previa de 29 dias"
2019-02-08,87615.8960332547,10233,5.92192905306361,0,9.07807094693634,0,10161,100.708591674048,TRUE,FALSE,TRUE,"n_users >= 85.0% de la mediana movil previa de 29 dias"
2019-02-09,81867.2955139089,10249,3.48677919797054,0,11.5132208020295,0,10165,100.826364977865,TRUE,FALSE,TRUE,"n_users >= 85.0% de la mediana movil previa de 29 dias"
2019-02-10,88390.2120237383,10250,4.94739512195125,0,10.0526048780488,0,10168,100.806451612903,TRUE,FALSE,TRUE,"n_users >= 85.0% de la mediana movil previa de 29 dias"
2019-02-11,93751.0030265062,10250,7.36231219512194,0,7.63768780487806,0,10169,100.796538499361,TRUE,FALSE,TRUE,"n_users >= 85.0% de la mediana movil previa de 29 dias"
2019-02-12,91822.6040267429,10263,7.60115950501805,0,7.39884049498195,0,10169,100.924378011604,TRUE,FALSE,TRUE,"n_users >= 85.0% de la mediana movil previa de 29 dias"
2019-02-13,91497.0220128786,10272,5.74747858255449,0,9.25252141744545,0,10174,100.963239630431,TRUE,FALSE,TRUE,"n_users >= 85.0% de la mediana movil previa de 29 dias"
2019-02-14,86056.827509221,10276,2.53822499026859,0,12.582755936162,0,10175,100.992628992629,TRUE,FALSE,TRUE,"n_users >= 85.0% de la mediana movil previa de 29 dias"
2019-02-15,81144.9035308615,10289,2.54348333171349,0,13.0613859461561,0,10186,101.011191831926,TRUE,FALSE,TRUE,"n_users >= 85.0% de la mediana movil previa de 29 dias"
2019-02-16,77453.4980149884,10295,2.94711024769307,0,12.052889752307,0,10194,100.990778889543,TRUE,FALSE,TRUE,"n_users >= 85.0% de la mediana movil previa de 29 dias"
2019-02-17,76817.0285343683,10295,1.59230694511899,0,14.7768431277318,0,10202,100.911585963537,TRUE,FALSE,TRUE,"n_users >= 85.0% de la mediana movil previa de 29 dias"
2019-02-18,83509.9285274601,10295,4.23483244293344,0,10.7651675570666,0,10202,100.911585963537,TRUE,FALSE,TRUE,"n_users >= 85.0% de la mediana movil previa de 29 dias"
2019-02-19,84087.0860523868,10301,5.83255023784101,0,9.16744976215907,0,10202,100.970397961184,TRUE,FALSE,TRUE,"n_users >= 85.0% de la mediana movil previa de 29 dias"
2019-02-20,83415.7160165757,10307,3.93643155137286,0,11.0635684486273,0,10207,100.979719800137,TRUE,FALSE,TRUE,"n_users >= 85.0% de la mediana movil previa de 29 dias"
2019-02-21,81264.9530224543,10313,2.16319208765635,0,12.8771065645302,0,10213,100.979144227945,TRUE,FALSE,TRUE,"n_users >= 85.0% de la mediana movil previa de 29 dias"
2019-02-22,77719.5240174574,10319,1.60068805116775,0,14.2439092935361,0,10221,100.958810292535,TRUE,FALSE,TRUE,"n_users >= 85.0% de la mediana movil previa de 29 dias"
2019-02-23,74458.9920246683,10330,3.2480542110358,0,11.7519457889641,0,10233,100.947913612821,TRUE,FALSE,TRUE,"n_users >= 85.0% de la mediana movil previa de 29 dias"
2019-02-24,76468.5860228397,10330,3.0130880929332,0,11.9869119070668,0,10249,100.790321006927,TRUE,FALSE,TRUE,"n_users >= 85.0% de la mediana movil previa de 29 dias"
2019-02-25,82185.2010189476,10330,3.21287512100679,0,11.7871248789933,0,10250,100.780487804878,TRUE,FALSE,TRUE,"n_users >= 85.0% de la mediana movil previa de 29 dias"
2019-02-26,80396.0405305974,10335,1.2880503144654,0,14.7204547653604,0,10250,100.829268292683,TRUE,FALSE,TRUE,"n_users >= 85.0% de la mediana movil previa de 29 dias"
2019-02-27,77583.0455221113,10343,1.02712945953785,0,16.3863482548583,0,10263,100.779499171782,TRUE,FALSE,TRUE,"n_users >= 85.0% de la mediana movil previa de 29 dias"
2019-02-28,79007.4685172074,10350,4.53628985507243,0,10.4637101449275,0,10272,100.759345794393,TRUE,FALSE,TRUE,"n_users >= 85.0% de la mediana movil previa de 29 dias"
2019-03-01,77473.0490276415,10362,5.16301872225438,0,9.83698127774561,0,10276,100.8369015181,TRUE,FALSE,TRUE,"n_users >= 85.0% de la mediana movil previa de 29 dias"
2019-03-02,73256.6875203833,10365,3.19335262904005,0,11.80664737096,0,10289,100.738652930314,TRUE,FALSE,TRUE,"n_users >= 85.0% de la mediana movil previa de 29 dias"
2019-03-03,73314.2455224666,10365,1.42528702363724,0,14.8063096960927,0,10295,100.679941719281,TRUE,FALSE,TRUE,"n_users >= 85.0% de la mediana movil previa de 29 dias"
2019-03-04,80089.4820079777,10365,2.18051133622767,0,12.8194886637723,0,10295,100.679941719281,TRUE,FALSE,TRUE,"n_users >= 85.0% de la mediana movil previa de 29 dias"
2019-03-05,78374.312529576,10376,2.59279105628373,0,12.4072089437162,0,10295,100.78678970374,TRUE,FALSE,TRUE,"n_users >= 85.0% de la mediana movil previa de 29 dias"
2019-03-06,79063.0510111463,10384,1.63138482280432,0,13.431596687211,0,10301,100.805747014853,TRUE,FALSE,TRUE,"n_users >= 85.0% de la mediana movil previa de 29 dias"
2019-03-07,77535.6790229826,10402,4.71140165352814,0,10.2885983464719,0,10307,100.921703696517,TRUE,FALSE,TRUE,"n_users >= 85.0% de la mediana movil previa de 29 dias"
2019-03-08,75661.9810188786,10411,5.11990202670254,0,9.8800979732974,0,10313,100.950256957238,TRUE,FALSE,TRUE,"n_users >= 85.0% de la mediana movil previa de 29 dias"
2019-03-09,74228.3095309247,10415,2.34032645223234,0,12.6596735477676,0,10319,100.930322705689,TRUE,FALSE,TRUE,"n_users >= 85.0% de la mediana movil previa de 29 dias"
2019-03-10,78244.776998357,10415,3.46487758041286,0,11.5351224195872,0,10330,100.82284607938,TRUE,FALSE,TRUE,"n_users >= 85.0% de la mediana movil previa de 29 dias"
2019-03-11,81897.9395205424,10415,5.71646663466153,0,9.28353336533845,0,10330,100.82284607938,TRUE,FALSE,TRUE,"n_users >= 85.0% de la mediana movil previa de 29 dias"
2019-03-12,81825.7270026201,10421,3.80085404471743,0,11.1991459552826,0,10330,100.880929332043,TRUE,FALSE,TRUE,"n_users >= 85.0% de la mediana movil previa de 29 dias"
2019-03-13,85014.6325173045,10436,6.73217707934075,0,8.26782292065923,0,10335,100.977261731979,TRUE,FALSE,TRUE,"n_users >= 85.0% de la mediana movil previa de 29 dias"
2019-03-14,85140.5165240562,10440,5.96745210727964,0,9.03254789272028,0,10343,100.937832350382,TRUE,FALSE,TRUE,"n_users >= 85.0% de la mediana movil previa de 29 dias"
2019-03-15,79180.331999876,10443,5.09522167959394,0,9.90477832040608,0,10350,100.898550724638,TRUE,FALSE,TRUE,"n_users >= 85.0% de la mediana movil previa de 29 dias"
2019-03-16,71316.1625376525,10448,1.78911753445636,0,13.3363801684533,0,10362,100.829955607026,TRUE,FALSE,TRUE,"n_users >= 85.0% de la mediana movil previa de 29 dias"
2019-03-17,75077.6790196082,10451,5.87065352597838,0,9.12934647402167,0,10365,100.829715388326,TRUE,FALSE,TRUE,"n_users >= 85.0% de la mediana movil previa de 29 dias"
2019-03-18,79358.6955178775,10450,6.45967464114833,0,8.54032535885164,0,10365,100.820067534973,TRUE,FALSE,TRUE,"n_users >= 85.0% de la mediana movil previa de 29 dias"
2019-03-19,81689.7195200551,10460,6.49021032504775,0,8.50978967495226,0,10365,100.9165460685,TRUE,FALSE,TRUE,"n_users >= 85.0% de la mediana movil previa de 29 dias"
2019-03-20,84407.0340325672,10464,6.6489870030581,0,8.35101299694187,0,10376,100.848111025443,TRUE,FALSE,TRUE,"n_users >= 85.0% de la mediana movil previa de 29 dias"
2019-03-21,82908.386527043,10473,6.30675069225631,0,8.69324930774363,0,10384,100.857087827427,TRUE,FALSE,TRUE,"n_users >= 85.0% de la mediana movil previa de 29 dias"
2019-03-22,78806.3380221422,10481,3.60612536971662,0,11.3938746302835,0,10402,100.759469332821,TRUE,FALSE,TRUE,"n_users >= 85.0% de la mediana movil previa de 29 dias"
2019-03-23,73633.1880378167,10486,2.50848750715239,0,12.4915124928476,0,10411,100.72039189319,TRUE,FALSE,TRUE,"n_users >= 85.0% de la mediana movil previa de 29 dias"
2019-03-24,73757.4415273956,10485,3.41906533142587,0,11.5809346685742,0,10415,100.672107537206,TRUE,FALSE,TRUE,"n_users >= 85.0% de la mediana movil previa de 29 dias"
2019-03-25,80732.7930127566,10485,4.80766809728182,0,10.1923319027182,0,10415,100.672107537206,TRUE,FALSE,TRUE,"n_users >= 85.0% de la mediana movil previa de 29 dias"
2019-03-26,80734.8985307335,10492,6.00829203202442,0,8.99170796797557,0,10415,100.739318290927,TRUE,FALSE,TRUE,"n_users >= 85.0% de la mediana movil previa de 29 dias"
2019-03-27,80700.6420317378,10502,6.41677775661778,0,8.58322224338229,0,10421,100.777276652912,TRUE,FALSE,TRUE,"n_users >= 85.0% de la mediana movil previa de 29 dias"
2019-03-28,79307.1655261195,10509,5.59483300028548,0,9.4051669997146,0,10436,100.699501724799,TRUE,FALSE,TRUE,"n_users >= 85.0% de la mediana movil previa de 29 dias"
2019-03-29,75674.1670250542,10516,2.70193990110308,0,12.2980600988969,0,10440,100.727969348659,TRUE,FALSE,TRUE,"n_users >= 85.0% de la mediana movil previa de 29 dias"
2019-03-30,71408.7670141924,10517,1.132433203385,0,14.824151373966,0,10443,100.708608637365,TRUE,FALSE,TRUE,"n_users >= 85.0% de la mediana movil previa de 29 dias"
2019-03-31,72678.6425066582,10517,1.91238946467624,0,13.0876105353236,0,10448,100.660413476263,TRUE,FALSE,TRUE,"n_users >= 85.0% de la mediana movil previa de 29 dias"
2019-04-01,79364.4420382935,10523,2.59769077259338,0,12.4023092274067,0,10450,100.698564593301,TRUE,FALSE,TRUE,"n_users >= 85.0% de la mediana movil previa de 29 dias"
2019-04-02,79249.7150265961,10531,4.19236539739816,0,10.8076346026018,0,10451,100.765476987848,TRUE,FALSE,TRUE,"n_users >= 85.0% de la mediana movil previa de 29 dias"
2019-04-03,83241.0895200653,10542,9.05189717321189,0,5.94810282678805,0,10460,100.783938814532,TRUE,FALSE,TRUE,"n_users >= 85.0% de la mediana movil previa de 29 dias"
2019-04-04,82648.3910142847,10547,6.45868019341991,0,8.54131980658004,0,10464,100.793195718654,TRUE,FALSE,TRUE,"n_users >= 85.0% de la mediana movil previa de 29 dias"
2019-04-05,81111.7810004565,10551,5.1476068619088,0,9.85239313809121,0,10473,100.744772271555,TRUE,FALSE,TRUE,"n_users >= 85.0% de la mediana movil previa de 29 dias"
2019-04-06,77558.5865305405,10554,4.88550312677655,0,10.1144968732235,0,10481,100.696498425723,TRUE,FALSE,TRUE,"n_users >= 85.0% de la mediana movil previa de 29 dias"
2019-04-07,79785.217021448,10554,4.9542732613227,0,10.0457267386773,0,10485,100.65808297568,TRUE,FALSE,TRUE,"n_users >= 85.0% de la mediana movil previa de 29 dias"
2019-04-08,83944.0095240294,10569,4.92143059892139,0,10.0785694010786,0,10485,100.801144492132,TRUE,FALSE,TRUE,"n_users >= 85.0% de la mediana movil previa de 29 dias"
2019-04-09,83017.9660355212,10583,4.11758480582066,0,10.8824151941794,0,10486,100.925042914362,TRUE,FALSE,TRUE,"n_users >= 85.0% de la mediana movil previa de 29 dias"
2019-04-10,83049.4000278292,10589,5.00256870337142,0,9.99743129662856,0,10492,100.924513915364,TRUE,FALSE,TRUE,"n_users >= 85.0% de la mediana movil previa de 29 dias"
2019-04-11,83090.929520786,10592,5.70288897280968,0,9.29711102719025,0,10502,100.856979622929,TRUE,FALSE,TRUE,"n_users >= 85.0% de la mediana movil previa de 29 dias"
2019-04-12,78000.2550275912,10608,5.24308069381598,0,9.75691930618409,0,10509,100.94204967171,TRUE,FALSE,TRUE,"n_users >= 85.0% de la mediana movil previa de 29 dias"
2019-04-13,73875.1885092276,10608,3.67592383107089,0,11.3240761689291,0,10516,100.874857360213,TRUE,FALSE,TRUE,"n_users >= 85.0% de la mediana movil previa de 29 dias"
2019-04-14,71764.1685223244,10608,1.059709653092,0,14.0738876319758,0,10517,100.865265760198,TRUE,FALSE,TRUE,"n_users >= 85.0% de la mediana movil previa de 29 dias"
2019-04-15,77586.9085084439,10623,0.101628541843171,0,17.0352442812765,0,10517,101.007891984406,TRUE,FALSE,TRUE,"n_users >= 85.0% de la mediana movil previa de 29 dias"
2019-04-16,73850.1585311427,10632,1.84057562076749,0,13.1594243792324,0,10523,101.03582628528,TRUE,FALSE,TRUE,"n_users >= 85.0% de la mediana movil previa de 29 dias"
2019-04-17,71172.7310080078,10642,0.0251832362337906,0,17.7127231723359,0,10531,101.054030956224,TRUE,FALSE,TRUE,"n_users >= 85.0% de la mediana movil previa de 29 dias"
2019-04-18,66697.4675181826,10642,0.538282277767335,0,14.8722044728433,1,10542,100.948586605957,TRUE,FALSE,TRUE,"n_users >= 85.0% de la mediana movil previa de 29 dias"
2019-04-19,60665.4960219081,10642,0.479618492764517,0,14.7335745160686,1,10547,100.900730065421,TRUE,FALSE,TRUE,"n_users >= 85.0% de la mediana movil previa de 29 dias"
2019-04-20,58726.755032541,10642,1.50515880473595,0,13.5732099229468,0,10551,100.862477490285,TRUE,FALSE,TRUE,"n_users >= 85.0% de la mediana movil previa de 29 dias"
2019-04-21,59860.3240223696,10642,3.148637474159,0,11.851362525841,0,10554,100.83380708736,TRUE,FALSE,TRUE,"n_users >= 85.0% de la mediana movil previa de 29 dias"
2019-04-22,62741.3015202693,10643,0.762191111528703,0,14.9236681386827,1,10554,100.843282167898,TRUE,FALSE,TRUE,"n_users >= 85.0% de la mediana movil previa de 29 dias"
2019-04-23,69687.4780144471,10648,1.85456423741546,0,13.1454357625845,0,10569,100.747469013152,TRUE,FALSE,TRUE,"n_users >= 85.0% de la mediana movil previa de 29 dias"
2019-04-24,71584.5745107644,10654,3.97766097240469,0,11.0223390275952,0,10583,100.67088727204,TRUE,FALSE,TRUE,"n_users >= 85.0% de la mediana movil previa de 29 dias"
2019-04-25,70253.9640293887,10666,1.58612413275829,0,13.4138758672417,0,10589,100.72716970441,TRUE,FALSE,TRUE,"n_users >= 85.0% de la mediana movil previa de 29 dias"
2019-04-26,71154.3765231296,10681,3.91093530568301,0,11.0890646943169,0,10592,100.840256797583,TRUE,FALSE,TRUE,"n_users >= 85.0% de la mediana movil previa de 29 dias"
2019-04-27,70108.7630247088,10682,3.78045309867067,0,11.2195469013294,0,10608,100.697586726998,TRUE,FALSE,TRUE,"n_users >= 85.0% de la mediana movil previa de 29 dias"
2019-04-28,70291.182528685,10683,3.36721894598895,0,11.6945052887766,0,10608,100.707013574661,TRUE,FALSE,TRUE,"n_users >= 85.0% de la mediana movil previa de 29 dias"
2019-04-29,73933.9635215669,10688,3.11191991017964,0,11.9708645209581,0,10608,100.754147812971,TRUE,FALSE,TRUE,"n_users >= 85.0% de la mediana movil previa de 29 dias"
2019-04-30,71525.2625227538,10705,1.94135450723962,0,13.1599626342831,0,10623,100.771910006589,TRUE,FALSE,TRUE,"n_users >= 85.0% de la mediana movil previa de 29 dias"
2019-05-01,70227.0280293589,10705,3.23276973376925,0,11.8449509574965,1,10632,100.686606471031,TRUE,FALSE,TRUE,"n_users >= 85.0% de la mediana movil previa de 29 dias"
2019-05-02,73653.1310102575,10712,2.26756908140402,0,12.8160754294249,1,10642,100.657771095659,TRUE,FALSE,TRUE,"n_users >= 85.0% de la mediana movil previa de 29 dias"
2019-05-03,74527.6910201379,10715,4.14792347176857,0,10.8520765282314,0,10642,100.685961285473,TRUE,FALSE,TRUE,"n_users >= 85.0% de la mediana movil previa de 29 dias"
2019-05-04,71337.5395244409,10719,3.16429704263459,0,11.8357029573655,0,10642,100.723548205225,TRUE,FALSE,TRUE,"n_users >= 85.0% de la mediana movil previa de 29 dias"
2019-05-05,71864.8790322187,10719,6.85785987498836,0,8.15109618434554,0,10642,100.723548205225,TRUE,FALSE,TRUE,"n_users >= 85.0% de la mediana movil previa de 29 dias"
2019-05-06,76491.3900269126,10727,3.50205089959912,0,11.4979491004007,0,10642,100.798722044728,TRUE,FALSE,TRUE,"n_users >= 85.0% de la mediana movil previa de 29 dias"
2019-05-07,75042.4620292186,10738,0.459955298938347,0,14.6207580555038,0,10643,100.892605468383,TRUE,FALSE,TRUE,"n_users >= 85.0% de la mediana movil previa de 29 dias"
2019-05-08,74625.2105109424,10751,0,0,15.9408055064645,0,10648,100.967317806161,TRUE,FALSE,TRUE,"n_users >= 85.0% de la mediana movil previa de 29 dias"
2019-05-09,73330.0595305212,10761,1.64451259176656,0,13.4337700957161,0,10654,101.004317627182,TRUE,FALSE,TRUE,"n_users >= 85.0% de la mediana movil previa de 29 dias"
2019-05-10,70673.2760122513,10763,0,0,17.2778035863607,0,10666,100.90943183949,TRUE,FALSE,TRUE,"n_users >= 85.0% de la mediana movil previa de 29 dias"
2019-05-11,69087.3935286349,10762,1.90163538375767,0,13.2097565508271,0,10681,100.75835595918,TRUE,FALSE,TRUE,"n_users >= 85.0% de la mediana movil previa de 29 dias"
2019-05-12,68968.3310191513,10762,2.17361085300132,0,12.9287493031036,0,10682,100.74892342258,TRUE,FALSE,TRUE,"n_users >= 85.0% de la mediana movil previa de 29 dias"
2019-05-13,72735.5395185862,10775,2.3481856148492,0,12.8146914153133,0,10683,100.86118131611,TRUE,FALSE,TRUE,"n_users >= 85.0% de la mediana movil previa de 29 dias"
2019-05-14,71741.2080277253,10783,1.15074654548827,0,13.9857182602244,0,10688,100.888847305389,TRUE,FALSE,TRUE,"n_users >= 85.0% de la mediana movil previa de 29 dias"
2019-05-15,71067.8370364241,10787,0.477445072772782,0,14.90598869009,1,10705,100.765997197571,TRUE,FALSE,TRUE,"n_users >= 85.0% de la mediana movil previa de 29 dias"
2019-05-16,72000.198523861,10791,0.516374756741727,0,14.7767028078954,0,10705,100.803362914526,TRUE,FALSE,TRUE,"n_users >= 85.0% de la mediana movil previa de 29 dias"
2019-05-17,74513.2875144421,10802,3.68360488798369,0,11.3163951120163,0,10712,100.840179238237,TRUE,FALSE,TRUE,"n_users >= 85.0% de la mediana movil previa de 29 dias"
2019-05-18,74533.3695086478,10803,5.49896325094881,0,9.50103674905119,0,10715,100.821278581428,TRUE,FALSE,TRUE,"n_users >= 85.0% de la mediana movil previa de 29 dias"
2019-05-19,78078.9915197599,10803,3.75776173285196,0,11.2543830417476,0,10719,100.783655191716,TRUE,FALSE,TRUE,"n_users >= 85.0% de la mediana movil previa de 29 dias"
2019-05-20,76670.2300232721,10813,2.90281143068527,0,12.1032553407934,0,10719,100.876947476444,TRUE,FALSE,TRUE,"n_users >= 85.0% de la mediana movil previa de 29 dias"
2019-05-21,73865.1580147087,10822,2.16300129366106,0,12.9855109961191,0,10727,100.885615735993,TRUE,FALSE,TRUE,"n_users >= 85.0% de la mediana movil previa de 29 dias"
2019-05-22,72464.6995204389,10828,0.454155892131511,0,15.0399242704099,0,10738,100.838144905942,TRUE,FALSE,TRUE,"n_users >= 85.0% de la mediana movil previa de 29 dias"
2019-05-23,72638.73001649,10834,0.0250692265091378,0,15.6159405575041,0,10751,100.77202120733,TRUE,FALSE,TRUE,"n_users >= 85.0% de la mediana movil previa de 29 dias"
2019-05-24,73656.7875327752,10837,1.77559287625727,0,13.3462120513057,0,10761,100.706254065607,TRUE,FALSE,TRUE,"n_users >= 85.0% de la mediana movil previa de 29 dias"
2019-05-25,71961.4375257189,10837,1.41832610501062,0,13.7664851896281,0,10762,100.696896487642,TRUE,FALSE,TRUE,"n_users >= 85.0% de la mediana movil previa de 29 dias"
2019-05-26,73695.5485250722,10838,1.62192286399705,0,13.4819154825614,0,10762,100.70618844081,TRUE,FALSE,TRUE,"n_users >= 85.0% de la mediana movil previa de 29 dias"
2019-05-27,76708.521004156,10847,1.44012169263391,0,13.7312805383977,0,10763,100.780451546966,TRUE,FALSE,TRUE,"n_users >= 85.0% de la mediana movil previa de 29 dias"
2019-05-28,76245.8560295437,10853,1.57025707177738,0,13.5800884548051,0,10775,100.723897911833,TRUE,FALSE,TRUE,"n_users >= 85.0% de la mediana movil previa de 29 dias"
2019-05-29,73757.388029726,10860,1.16038674033149,0,14.1175138121547,0,10783,100.714086988779,TRUE,FALSE,TRUE,"n_users >= 85.0% de la mediana movil previa de 29 dias"
2019-05-30,71205.4995281908,10864,0.241402798232694,0,15.9002301178203,0,10787,100.713822193381,TRUE,FALSE,TRUE,"n_users >= 85.0% de la mediana movil previa de 29 dias"
2019-05-31,68443.3615184047,10867,0,0.0215146774638815,19.5606147050705,0,10791,100.704290612547,TRUE,FALSE,TRUE,"n_users >= 85.0% de la mediana movil previa de 29 dias"
2019-06-01,64948.0480277981,10867,0,2.14414281770498,23.6712800220854,0,10802,100.601740418441,TRUE,FALSE,TRUE,"n_users >= 85.0% de la mediana movil previa de 29 dias"
2019-06-02,66671.5955248671,10867,0,0.0860587098555259,21.3724302935492,0,10803,100.592428029251,TRUE,FALSE,TRUE,"n_users >= 85.0% de la mediana movil previa de 29 dias"
2019-06-03,70632.8520113332,10877,0,0.104403787809139,19.0144341270571,0,10803,100.684994908822,TRUE,FALSE,TRUE,"n_users >= 85.0% de la mediana movil previa de 29 dias"
2019-06-04,71655.3730333257,10882,0,0.0550817864363169,18.1556515346442,0,10813,100.638120780542,TRUE,FALSE,TRUE,"n_users >= 85.0% de la mediana movil previa de 29 dias"
2019-06-05,72277.6850205,10884,1.56205439176775,0,13.5333608967291,0,10822,100.572907041212,TRUE,FALSE,TRUE,"n_users >= 85.0% de la mediana movil previa de 29 dias"
2019-06-06,69112.5980121339,10892,0,0,17.1353470437019,0,10828,100.591060214259,TRUE,FALSE,TRUE,"n_users >= 85.0% de la mediana movil previa de 29 dias"
2019-06-07,67536.9230174196,10901,0.408696449866984,0,15.2785982937345,0,10834,100.618423481632,TRUE,FALSE,TRUE,"n_users >= 85.0% de la mediana movil previa de 29 dias"
2019-06-08,64195.747537553,10900,1.26728440366971,0,13.874513761468,0,10837,100.581341699732,TRUE,FALSE,TRUE,"n_users >= 85.0% de la mediana movil previa de 29 dias"
2019-06-09,67384.0135249352,10900,0.142495412844038,0,15.4364495412843,0,10837,100.581341699732,TRUE,FALSE,TRUE,"n_users >= 85.0% de la mediana movil previa de 29 dias"
2019-06-10,71803.5825330144,10910,1.75186984417966,0,13.4025756186984,0,10838,100.664329212032,TRUE,FALSE,TRUE,"n_users >= 85.0% de la mediana movil previa de 29 dias"
2019-06-11,72393.4915276978,10916,2.66833089043604,0,12.3812110663246,0,10847,100.636120586337,TRUE,FALSE,TRUE,"n_users >= 85.0% de la mediana movil previa de 29 dias"
2019-06-12,71118.1785149548,10924,1.79677773709264,0,13.2249450750641,0,10853,100.654196996222,TRUE,FALSE,TRUE,"n_users >= 85.0% de la mediana movil previa de 29 dias"
2019-06-13,70964.0510260048,10941,1.08383145964719,0,14.2088108947994,0,10860,100.745856353591,TRUE,FALSE,TRUE,"n_users >= 85.0% de la mediana movil previa de 29 dias"
2019-06-14,69811.8405221044,10956,1.21903979554582,0,14.2761956918584,0,10864,100.846833578792,TRUE,FALSE,TRUE,"n_users >= 85.0% de la mediana movil previa de 29 dias"
2019-06-15,64439.534528224,10957,0.062699644063156,0,15.4754221045908,0,10867,100.828195454127,TRUE,FALSE,TRUE,"n_users >= 85.0% de la mediana movil previa de 29 dias"
2019-06-16,64821.2475328703,10957,0,0,16.8023364059505,0,10867,100.828195454127,TRUE,FALSE,TRUE,"n_users >= 85.0% de la mediana movil previa de 29 dias"
2019-06-17,70523.0450363941,10962,0,0.018664477285167,20.2017697500459,0,10867,100.87420631269,TRUE,FALSE,TRUE,"n_users >= 85.0% de la mediana movil previa de 29 dias"
2019-06-18,70221.9015232462,10970,0,2.10153144940745,24.1015314494072,0,10877,100.855015169624,TRUE,FALSE,TRUE,"n_users >= 85.0% de la mediana movil previa de 29 dias"
2019-06-19,70459.5210196362,10980,0,0.0496903460837888,19.3710200364299,0,10882,100.900569748208,TRUE,FALSE,TRUE,"n_users >= 85.0% de la mediana movil previa de 29 dias"
2019-06-20,71040.665511196,10986,0,0.00622610595303111,17.0006735845621,0,10884,100.937155457552,TRUE,FALSE,TRUE,"n_users >= 85.0% de la mediana movil previa de 29 dias"
2019-06-21,68010.7295302987,10984,0.168153678077204,0.0498179169701384,15.4572742170429,0,10892,100.844656628718,TRUE,FALSE,TRUE,"n_users >= 85.0% de la mediana movil previa de 29 dias"
2019-06-22,63991.5720291213,10993,0,0.0653324843081962,19.1655508050577,0,10900,100.853211009174,TRUE,FALSE,TRUE,"n_users >= 85.0% de la mediana movil previa de 29 dias"
2019-06-23,64034.1260166959,10997,0,0.638301354914977,22.3288533236336,0,10900,100.889908256881,TRUE,FALSE,TRUE,"n_users >= 85.0% de la mediana movil previa de 29 dias"
2019-06-24,69883.1410253153,10999,0,0.37321574688608,20.4240203654879,0,10901,100.899000091735,TRUE,FALSE,TRUE,"n_users >= 85.0% de la mediana movil previa de 29 dias"
2019-06-25,69704.4215124489,11003,0,0.631464146141962,20.5014087067162,0,10910,100.852428964253,TRUE,FALSE,TRUE,"n_users >= 85.0% de la mediana movil previa de 29 dias"
2019-06-26,70310.9500238457,11013,0,4.58073186234446,26.5807318623447,0,10916,100.888603884207,TRUE,FALSE,TRUE,"n_users >= 85.0% de la mediana movil previa de 29 dias"
2019-06-27,71189.7105165584,11024,0,5.41629172714083,27.4162917271408,0,10924,100.915415598682,TRUE,FALSE,TRUE,"n_users >= 85.0% de la mediana movil previa de 29 dias"
2019-06-28,69058.8765344397,11035,0,1.19865881286815,21.8495876755775,0,10941,100.859153642263,TRUE,FALSE,TRUE,"n_users >= 85.0% de la mediana movil previa de 29 dias"
2019-06-29,65668.8920283709,11035,0,1.55697326687811,20.8846760308112,0,10956,100.721066082512,TRUE,FALSE,TRUE,"n_users >= 85.0% de la mediana movil previa de 29 dias"
2019-06-30,65665.4450137116,11034,0,1.04904839586732,21.0074134493385,0,10957,100.702747102309,TRUE,FALSE,TRUE,"n_users >= 85.0% de la mediana movil previa de 29 dias"
2019-07-01,71746.8580124341,11235,0,0.742575681921816,19.4512895225985,0,10957,102.537190836908,TRUE,FALSE,TRUE,"n_users >= 85.0% de la mediana movil previa de 29 dias"
2019-07-02,71779.5130154671,11242,0,0.507223060976878,20.0178706325835,0,10962,102.554278416347,TRUE,FALSE,TRUE,"n_users >= 85.0% de la mediana movil previa de 29 dias"
2019-07-03,71569.3705236217,11246,0,0.937533345189405,21.6849012982395,0,10970,102.515952597995,TRUE,FALSE,TRUE,"n_users >= 85.0% de la mediana movil previa de 29 dias"
2019-07-04,71315.0070218846,11260,0,3.31357904085257,25.3135790408526,0,10980,102.550091074681,TRUE,FALSE,TRUE,"n_users >= 85.0% de la mediana movil previa de 29 dias"
2019-07-05,70546.4090181487,11264,0,2.03961292613637,23.95859375,0,10984,102.549162418063,TRUE,FALSE,TRUE,"n_users >= 85.0% de la mediana movil previa de 29 dias"
2019-07-06,65504.4750234029,11266,0,1.51340315995029,22.5409195810404,0,10986,102.548698343346,TRUE,FALSE,TRUE,"n_users >= 85.0% de la mediana movil previa de 29 dias"
2019-07-07,66974.9845212439,11267,0,0.477358658027868,20.5828348273721,0,10993,102.492495224234,TRUE,FALSE,TRUE,"n_users >= 85.0% de la mediana movil previa de 29 dias"
2019-07-08,72984.319538434,11271,0,0.156064235649011,19.7740750598883,0,10997,102.491588615077,TRUE,FALSE,TRUE,"n_users >= 85.0% de la mediana movil previa de 29 dias"
2019-07-09,71193.5720296423,11279,0,0.027688624878092,19.0323787569819,0,10999,102.545685971452,TRUE,FALSE,TRUE,"n_users >= 85.0% de la mediana movil previa de 29 dias"
2019-07-10,68673.9620161889,11284,0,0.0863523573200992,20.0873271889399,0,11003,102.553848950286,TRUE,FALSE,TRUE,"n_users >= 85.0% de la mediana movil previa de 29 dias"
2019-07-11,68587.4560298281,11289,0,0.176215785277704,20.4086101514748,0,11013,102.506129120131,TRUE,FALSE,TRUE,"n_users >= 85.0% de la mediana movil previa de 29 dias"
2019-07-12,67644.8475234992,11295,0,0.408242585214696,20.9826826029216,0,11024,102.458272859216,TRUE,FALSE,TRUE,"n_users >= 85.0% de la mediana movil previa de 29 dias"
2019-07-13,64928.1355227313,11294,0,0.310297503098991,20.5922613777226,0,11034,102.356353090448,TRUE,FALSE,TRUE,"n_users >= 85.0% de la mediana movil previa de 29 dias"
2019-07-14,65213.762032648,11295,0,0.166852589641434,21.1379105799024,0,11035,102.356139555958,TRUE,FALSE,TRUE,"n_users >= 85.0% de la mediana movil previa de 29 dias"
2019-07-15,70395.5285164156,11301,0,0.182205114591629,20.6910361914877,0,11035,102.41051200725,TRUE,FALSE,TRUE,"n_users >= 85.0% de la mediana movil previa de 29 dias"
2019-07-16,69870.0500099988,11308,0,0.197523876901309,20.0205695083128,0,11235,100.649755229194,TRUE,FALSE,TRUE,"n_users >= 85.0% de la mediana movil previa de 29 dias"
2019-07-17,71145.8515380236,11316,0,0.185047720042418,20.9484711912337,0,11242,100.658245863725,TRUE,FALSE,TRUE,"n_users >= 85.0% de la mediana movil previa de 29 dias"
2019-07-18,69460.0615230994,11320,0,0.188604240282685,20.0090989399296,0,11246,100.658011737507,TRUE,FALSE,TRUE,"n_users >= 85.0% de la mediana movil previa de 29 dias"
2019-07-19,68099.5415212483,11326,0,0.554635352286772,21.9052269115309,0,11260,100.586145648313,TRUE,FALSE,TRUE,"n_users >= 85.0% de la mediana movil previa de 29 dias"
2019-07-20,65826.6580320413,11326,0,0.890888221790567,22.3299311319087,0,11264,100.550426136364,TRUE,FALSE,TRUE,"n_users >= 85.0% de la mediana movil previa de 29 dias"
2019-07-21,66355.2220134294,11326,0,1.07086349991171,22.6649832244394,0,11266,100.532575892065,TRUE,FALSE,TRUE,"n_users >= 85.0% de la mediana movil previa de 29 dias"
2019-07-22,71162.328027384,11341,0,3.59835993298653,25.5983599329863,0,11267,100.65678530221,TRUE,FALSE,TRUE,"n_users >= 85.0% de la mediana movil previa de 29 dias"
2019-07-23,73483.2470478785,11345,0,7.39970912296166,29.3997091229616,0,11271,100.656552213646,TRUE,FALSE,TRUE,"n_users >= 85.0% de la mediana movil previa de 29 dias"
2019-07-24,72253.1425100352,11348,0,4.3966337680648,26.3966337680648,0,11279,100.61175636138,TRUE,FALSE,TRUE,"n_users >= 85.0% de la mediana movil previa de 29 dias"
2019-07-25,68793.6305359527,11355,0,2.93305151915456,24.8924966974902,1,11284,100.629209500177,TRUE,FALSE,TRUE,"n_users >= 85.0% de la mediana movil previa de 29 dias"
2019-07-26,69478.4600346071,11362,0,0.185354691075515,19.3648829431436,0,11289,100.646647178669,TRUE,FALSE,TRUE,"n_users >= 85.0% de la mediana movil previa de 29 dias"
2019-07-27,65513.5430354435,11362,0,0.0617848970251716,16.9168104207005,0,11294,100.6020896051,TRUE,FALSE,TRUE,"n_users >= 85.0% de la mediana movil previa de 29 dias"
2019-07-28,63532.9890178904,11362,0,0.0247139588100687,18.7310860763949,0,11295,100.593182824259,TRUE,FALSE,TRUE,"n_users >= 85.0% de la mediana movil previa de 29 dias"
2019-07-29,68395.2580225231,11367,0,0.0898038180698513,19.7323128354008,0,11295,100.637450199203,TRUE,FALSE,TRUE,"n_users >= 85.0% de la mediana movil previa de 29 dias"
2019-07-30,66954.3985350906,11369,0,0.0588266338288328,17.8309877737708,0,11301,100.601716662242,TRUE,FALSE,TRUE,"n_users >= 85.0% de la mediana movil previa de 29 dias"
2019-07-31,64249.803016961,11370,0,0.130026385224274,17.6372559366754,0,11308,100.548284400424,TRUE,FALSE,TRUE,"n_users >= 85.0% de la mediana movil previa de 29 dias"
2019-08-01,68175.7175298079,11379,0,0.301608225678882,19.920898145707,0,11316,100.556733828208,TRUE,FALSE,TRUE,"n_users >= 85.0% de la mediana movil previa de 29 dias"
2019-08-02,65983.7885161084,11381,0,0.246656708549337,21.0126263070027,0,11320,100.538869257951,TRUE,FALSE,TRUE,"n_users >= 85.0% de la mediana movil previa de 29 dias"
2019-08-03,62329.5685202795,11379,0,0.548694964408118,21.7379031549346,0,11326,100.467949849903,TRUE,FALSE,TRUE,"n_users >= 85.0% de la mediana movil previa de 29 dias"
2019-08-04,63237.7995210646,11380,0,0.621036906854129,21.2564235500879,0,11326,100.476779092354,TRUE,FALSE,TRUE,"n_users >= 85.0% de la mediana movil previa de 29 dias"
2019-08-05,66210.7195126032,11386,0,0.568961883014228,21.3844194624978,0,11326,100.52975454706,TRUE,FALSE,TRUE,"n_users >= 85.0% de la mediana movil previa de 29 dias"
2019-08-06,66199.7820199102,11386,0,0.879430880028099,22.2130862462674,0,11341,100.39679040649,TRUE,FALSE,TRUE,"n_users >= 85.0% de la mediana movil previa de 29 dias"
2019-08-07,66548.7155334871,11395,0,1.21340939008337,22.9699341816585,0,11345,100.440722785368,TRUE,FALSE,TRUE,"n_users >= 85.0% de la mediana movil previa de 29 dias"
2019-08-08,66956.4550451959,11399,0,4.92894113518729,26.9289411351874,0,11348,100.449418399718,TRUE,FALSE,TRUE,"n_users >= 85.0% de la mediana movil previa de 29 dias"
2019-08-09,67600.9505298607,11407,0,2.92977995967388,24.9297799596739,0,11355,100.457948040511,TRUE,FALSE,TRUE,"n_users >= 85.0% de la mediana movil previa de 29 dias"
2019-08-10,63472.1790223602,11405,0,0.120368259535292,20.5132135028496,0,11362,100.378454497448,TRUE,FALSE,TRUE,"n_users >= 85.0% de la mediana movil previa de 29 dias"
2019-08-11,63479.5515302189,11405,0,0.0648136782113109,18.591565103025,0,11362,100.378454497448,TRUE,FALSE,TRUE,"n_users >= 85.0% de la mediana movil previa de 29 dias"
2019-08-12,64310.6825196471,11410,0,0,17.4197984224363,0,11362,100.42246083436,TRUE,FALSE,TRUE,"n_users >= 85.0% de la mediana movil previa de 29 dias"
2019-08-13,63506.9325205531,11421,0,0.0310830925488136,17.7257070309078,0,11367,100.475059382423,TRUE,FALSE,TRUE,"n_users >= 85.0% de la mediana movil previa de 29 dias"
2019-08-14,62660.1740287358,11427,0,0.0685394241708235,19.1486654414983,0,11369,100.510159204855,TRUE,FALSE,TRUE,"n_users >= 85.0% de la mediana movil previa de 29 dias"
2019-08-15,61236.4385256225,11429,0,0.131560066497506,18.9061772683524,1,11370,100.51890941073,TRUE,FALSE,TRUE,"n_users >= 85.0% de la mediana movil previa de 29 dias"
2019-08-16,61627.8890286295,11429,0,0.18481056960364,20.0722985388048,0,11379,100.439405923192,TRUE,FALSE,TRUE,"n_users >= 85.0% de la mediana movil previa de 29 dias"
2019-08-17,61050.2985321887,11428,0,0.7221211060553,22.2991599579981,0,11379,100.430617804728,TRUE,FALSE,TRUE,"n_users >= 85.0% de la mediana movil previa de 29 dias"
2019-08-18,64007.2540456339,11429,0,0.402519905503544,20.3364598827544,0,11380,100.430579964851,TRUE,FALSE,TRUE,"n_users >= 85.0% de la mediana movil previa de 29 dias"
2019-08-19,67111.7275280571,11430,0,0.150761154855643,18.0464566929133,0,11381,100.430542131623,TRUE,FALSE,TRUE,"n_users >= 85.0% de la mediana movil previa de 29 dias"
2019-08-20,65764.7970201791,11433,0,0.119321263010583,18.5734103035074,0,11386,100.412787633936,TRUE,FALSE,TRUE,"n_users >= 85.0% de la mediana movil previa de 29 dias"
2019-08-21,64619.2940346544,11434,0,0.0941927584397411,19.6798495714536,0,11386,100.421570349552,TRUE,FALSE,TRUE,"n_users >= 85.0% de la mediana movil previa de 29 dias"
2019-08-22,64039.2865071916,11441,0,0.0690324272353816,19.9786382309238,0,11395,100.403685827117,TRUE,FALSE,TRUE,"n_users >= 85.0% de la mediana movil previa de 29 dias"
2019-08-23,63577.8390383248,11446,0,0.956683557574692,22.7311200419359,0,11399,100.412316869901,TRUE,FALSE,TRUE,"n_users >= 85.0% de la mediana movil previa de 29 dias"
2019-08-24,63125.6395377718,11445,0,0.720961118392307,22.6907208387943,0,11405,100.350723366944,TRUE,FALSE,TRUE,"n_users >= 85.0% de la mediana movil previa de 29 dias"
2019-08-25,65749.1065317098,11445,0,0.872407164700748,21.9797204019222,0,11405,100.350723366944,TRUE,FALSE,TRUE,"n_users >= 85.0% de la mediana movil previa de 29 dias"
2019-08-26,70411.1490253519,11450,0,1.14027947598253,22.6532576419212,0,11407,100.376961514859,TRUE,FALSE,TRUE,"n_users >= 85.0% de la mediana movil previa de 29 dias"
2019-08-27,70669.958520724,11457,0,0,20.727642489308,0,11410,100.411919368975,TRUE,FALSE,TRUE,"n_users >= 85.0% de la mediana movil previa de 29 dias"
2019-08-28,70531.1340370406,11462,0,1.14505321933345,22.9014308148664,0,11421,100.358987829437,TRUE,FALSE,TRUE,"n_users >= 85.0% de la mediana movil previa de 29 dias"
2019-08-29,71458.0100206384,11468,0,1.70270317404952,23.133937914196,0,11427,100.358799334909,TRUE,FALSE,TRUE,"n_users >= 85.0% de la mediana movil previa de 29 dias"
2019-08-30,71073.6675234097,11480,0,1.70332752613241,23.2159059233449,0,11428,100.455022751138,TRUE,FALSE,TRUE,"n_users >= 85.0% de la mediana movil previa de 29 dias"
2019-08-31,69654.1850280339,11481,0,0.930424179078481,21.5328978311996,0,11429,100.45498293814,TRUE,FALSE,TRUE,"n_users >= 85.0% de la mediana movil previa de 29 dias"
2019-09-01,72095.231531429,11481,0,0.113195714659002,19.6729640275237,0,11429,100.45498293814,TRUE,FALSE,TRUE,"n_users >= 85.0% de la mediana movil previa de 29 dias"
2019-09-02,73997.7050351612,11485,0,0.0942969090117545,18.0864083587288,0,11429,100.489981625689,TRUE,FALSE,TRUE,"n_users >= 85.0% de la mediana movil previa de 29 dias"
2019-09-03,73518.0035318569,11492,0,0.103663418029934,18.1700226244345,0,11430,100.542432195976,TRUE,FALSE,TRUE,"n_users >= 85.0% de la mediana movil previa de 29 dias"
2019-09-04,73918.4980205239,11495,0.0612875163114398,0.100495867768595,17.7879077859941,0,11433,100.542289862678,TRUE,FALSE,TRUE,"n_users >= 85.0% de la mediana movil previa de 29 dias"
2019-09-05,73803.5725122986,11503,0,0,16.8598887246805,0,11434,100.603463354906,TRUE,FALSE,TRUE,"n_users >= 85.0% de la mediana movil previa de 29 dias"
2019-09-06,71478.9510284591,11510,0.0367506516072981,0,16.1924152910514,0,11441,100.603094135128,TRUE,FALSE,TRUE,"n_users >= 85.0% de la mediana movil previa de 29 dias"
2019-09-07,68527.7390230129,11510,0.0735013032145961,0,16.3182797567334,0,11445,100.567933595457,TRUE,FALSE,TRUE,"n_users >= 85.0% de la mediana movil previa de 29 dias"
2019-09-08,71406.0390263801,11510,0.147002606429192,0.0377410947002606,16.4672632493485,0,11445,100.567933595457,TRUE,FALSE,TRUE,"n_users >= 85.0% de la mediana movil previa de 29 dias"
2019-09-09,75288.5525342086,11517,0.399878440566117,0.00628635929495526,15.1831032386905,0,11446,100.620304036345,TRUE,FALSE,TRUE,"n_users >= 85.0% de la mediana movil previa de 29 dias"
2019-09-10,77867.837026822,11524,0.669888927455751,0,14.7320027768135,0,11450,100.646288209607,TRUE,FALSE,TRUE,"n_users >= 85.0% de la mediana movil previa de 29 dias"
2019-09-11,75736.1454989548,11530,0,0,17.7060450997398,0,11457,100.637165051933,TRUE,FALSE,TRUE,"n_users >= 85.0% de la mediana movil previa de 29 dias"
2019-09-12,74614.7515199224,11536,0,0.0125866851595006,17.5945648404991,0,11462,100.645611586111,TRUE,FALSE,TRUE,"n_users >= 85.0% de la mediana movil previa de 29 dias"
2019-09-13,72831.927020849,11544,0,0,18.3118503118504,0,11468,100.662713637949,TRUE,FALSE,TRUE,"n_users >= 85.0% de la mediana movil previa de 29 dias"
2019-09-14,68834.7095197804,11543,0,0.4766178636403,21.7413670622887,0,11480,100.548780487805,TRUE,FALSE,TRUE,"n_users >= 85.0% de la mediana movil previa de 29 dias"
2019-09-15,73398.5020223082,11544,0,0.300935550935551,21.9061070686069,0,11481,100.54873268879,TRUE,FALSE,TRUE,"n_users >= 85.0% de la mediana movil previa de 29 dias"
2019-09-16,76885.6680077752,11546,0,0.494526242854668,22.0137796639529,0,11481,100.566152774149,TRUE,FALSE,TRUE,"n_users >= 85.0% de la mediana movil previa de 29 dias"
2019-09-17,77537.1050278078,11545,0,0.170913815504548,21.6051277609357,0,11485,100.522420548542,TRUE,FALSE,TRUE,"n_users >= 85.0% de la mediana movil previa de 29 dias"
2019-09-18,78034.835510663,11552,0,0,19.9416984072023,0,11492,100.522102332057,TRUE,FALSE,TRUE,"n_users >= 85.0% de la mediana movil previa de 29 dias"
2019-09-19,76224.4980202746,11563,0,0.0126956672143907,19.1189224249761,0,11495,100.591561548499,TRUE,FALSE,TRUE,"n_users >= 85.0% de la mediana movil previa de 29 dias"
2019-09-20,74240.5245474229,11562,0,0.686351842241827,22.2694862480539,0,11503,100.512909675737,TRUE,FALSE,TRUE,"n_users >= 85.0% de la mediana movil previa de 29 dias"
2019-09-21,71671.643527854,11561,0,1.05715768532134,22.6863939105614,0,11510,100.443092962641,TRUE,FALSE,TRUE,"n_users >= 85.0% de la mediana movil previa de 29 dias"
2019-09-22,74926.9975163291,11561,0,0,18.6609116858403,0,11510,100.443092962641,TRUE,FALSE,TRUE,"n_users >= 85.0% de la mediana movil previa de 29 dias"
2019-09-23,77238.7925217295,11567,0,0,17.9368462003977,0,11510,100.495221546481,TRUE,FALSE,TRUE,"n_users >= 85.0% de la mediana movil previa de 29 dias"
2019-09-24,77833.9350365819,11572,0,0,19.6792862080883,0,11517,100.477554918816,TRUE,FALSE,TRUE,"n_users >= 85.0% de la mediana movil previa de 29 dias"
2019-09-25,76921.4970274137,11577,0,0,17.7845210330828,0,11524,100.459909753558,TRUE,FALSE,TRUE,"n_users >= 85.0% de la mediana movil previa de 29 dias"
2019-09-26,76319.4090313534,11583,0,0,18.1067599067601,0,11530,100.459670424978,TRUE,FALSE,TRUE,"n_users >= 85.0% de la mediana movil previa de 29 dias"
2019-09-27,74249.2330392296,11592,0,0,18.6753191856453,0,11536,100.485436893204,TRUE,FALSE,TRUE,"n_users >= 85.0% de la mediana movil previa de 29 dias"
2019-09-28,71395.83902178,11591,0,0,18.624182555431,0,11543,100.415836437668,TRUE,FALSE,TRUE,"n_users >= 85.0% de la mediana movil previa de 29 dias"
2019-09-29,72477.2970331841,11591,0,0,20.1025882149946,0,11544,100.407137907138,TRUE,FALSE,TRUE,"n_users >= 85.0% de la mediana movil previa de 29 dias"
2019-09-30,77836.3600341275,11597,0,0,20.5794429593862,0,11544,100.459112959113,TRUE,FALSE,TRUE,"n_users >= 85.0% de la mediana movil previa de 29 dias"
2019-10-01,79513.3555231428,11605,0,0,18.9782852218872,0,11545,100.519705500217,TRUE,FALSE,TRUE,"n_users >= 85.0% de la mediana movil previa de 29 dias"
2019-10-02,79947.830521576,11612,0,0,16.1407078883914,0,11546,100.571626537329,TRUE,FALSE,TRUE,"n_users >= 85.0% de la mediana movil previa de 29 dias"
2019-10-03,77593.3000106236,11617,0,0,16.6623741069124,0,11552,100.562673130194,TRUE,FALSE,TRUE,"n_users >= 85.0% de la mediana movil previa de 29 dias"
2019-10-04,77195.4285275318,11625,0.0975827956989246,0,16.2362666666668,0,11561,100.553585329989,TRUE,FALSE,TRUE,"n_users >= 85.0% de la mediana movil previa de 29 dias"
2019-10-05,73411.1175185295,11623,0,0,16.8209240299407,0,11561,100.536285788427,TRUE,FALSE,TRUE,"n_users >= 85.0% de la mediana movil previa de 29 dias"
2019-10-06,77465.1190224817,11623,0,0,15.9969112965671,0,11562,100.527590382287,TRUE,FALSE,TRUE,"n_users >= 85.0% de la mediana movil previa de 29 dias"
2019-10-07,79134.6540349873,11635,0,0,16.8757370004298,0,11563,100.622675776183,TRUE,FALSE,TRUE,"n_users >= 85.0% de la mediana movil previa de 29 dias"
2019-10-08,79530.4935171898,11667,0,0,18.1717579497727,0,11567,100.864528399758,TRUE,FALSE,TRUE,"n_users >= 85.0% de la mediana movil previa de 29 dias"
2019-10-09,80124.8510333615,11672,0.408181973954763,0,15.2465130226182,0,11572,100.86415485655,TRUE,FALSE,TRUE,"n_users >= 85.0% de la mediana movil previa de 29 dias"
2019-10-10,78990.8980268225,11682,0.557250470809791,0,14.9748501968841,0,11577,100.906970717803,TRUE,FALSE,TRUE,"n_users >= 85.0% de la mediana movil previa de 29 dias"
2019-10-11,76429.1020215842,11690,0,0,19.6644824636442,0,11583,100.923767590434,TRUE,FALSE,TRUE,"n_users >= 85.0% de la mediana movil previa de 29 dias"
2019-10-12,72729.4085250148,11688,0,0.779303559206027,22.6092145790555,1,11591,100.83685618152,TRUE,FALSE,TRUE,"n_users >= 85.0% de la mediana movil previa de 29 dias"
2019-10-13,74820.0960313357,11688,0,0.407939767282683,21.8121577686517,0,11591,100.83685618152,TRUE,FALSE,TRUE,"n_users >= 85.0% de la mediana movil previa de 29 dias"
2019-10-14,80838.0865288919,11692,0,0,16.9027112555594,0,11592,100.862663906142,TRUE,FALSE,TRUE,"n_users >= 85.0% de la mediana movil previa de 29 dias"
2019-10-15,79663.3000317404,11695,0.906712270200939,0,14.6024882428389,0,11597,100.845046132621,TRUE,FALSE,TRUE,"n_users >= 85.0% de la mediana movil previa de 29 dias"
2019-10-16,79618.8315288845,11705,0.0982656984194791,0,17.920837249039,0,11605,100.861697544162,TRUE,FALSE,TRUE,"n_users >= 85.0% de la mediana movil previa de 29 dias"
2019-10-17,79268.3955187441,11710,0.102749786507259,0,18.4164133219471,0,11612,100.843954529797,TRUE,FALSE,TRUE,"n_users >= 85.0% de la mediana movil previa de 29 dias"
2019-10-18,78480.0890255747,11716,0,0,16.4589621031069,0,11617,100.852199363002,TRUE,FALSE,TRUE,"n_users >= 85.0% de la mediana movil previa de 29 dias"
2019-10-19,76076.0265248999,11716,0,0,17.0328695800615,0,11623,100.800137658092,TRUE,FALSE,TRUE,"n_users >= 85.0% de la mediana movil previa de 29 dias"
2019-10-20,81751.3370320233,11716,2.96258108569479,0,12.0374189143053,0,11623,100.800137658092,TRUE,FALSE,TRUE,"n_users >= 85.0% de la mediana movil previa de 29 dias"
2019-10-21,83111.2160247498,11727,3.58045535942697,0,11.4195446405731,0,11625,100.877419354839,TRUE,FALSE,TRUE,"n_users >= 85.0% de la mediana movil previa de 29 dias"
2019-10-22,89396.2180226633,11734,5.4175046872337,0,9.58249531276629,0,11635,100.850880962613,TRUE,FALSE,TRUE,"n_users >= 85.0% de la mediana movil previa de 29 dias"
2019-10-23,86955.5900269452,11741,1.4951367004514,0,13.5048632995486,0,11667,100.634267592355,TRUE,FALSE,TRUE,"n_users >= 85.0% de la mediana movil previa de 29 dias"
2019-10-24,87413.9975038646,11743,2.35995912458485,0,12.6400408754151,0,11672,100.608293351611,TRUE,FALSE,TRUE,"n_users >= 85.0% de la mediana movil previa de 29 dias"
2019-10-25,81400.5730289472,11753,0.495779800901897,0,16.7856292010549,0,11682,100.607772641671,TRUE,FALSE,TRUE,"n_users >= 85.0% de la mediana movil previa de 29 dias"
2019-10-26,76196.3815325173,11753,0.389049604356333,0,18.4377010125075,0,11688,100.556125941136,TRUE,FALSE,TRUE,"n_users >= 85.0% de la mediana movil previa de 29 dias"
2019-10-27,79019.5545037952,11753,0.447851612354292,0,18.534612439377,0,11688,100.556125941136,TRUE,FALSE,TRUE,"n_users >= 85.0% de la mediana movil previa de 29 dias"
2019-10-28,81999.5325218211,11752,0,0,19.0407420013615,0,11690,100.530367835757,TRUE,FALSE,TRUE,"n_users >= 85.0% de la mediana movil previa de 29 dias"
2019-10-29,82099.2265245798,11755,0.0350914504466185,0,16.3877584006804,0,11692,100.53882996921,TRUE,FALSE,TRUE,"n_users >= 85.0% de la mediana movil previa de 29 dias"
2019-10-30,82404.656539496,11762,0.267505526271041,0,16.9066910389389,0,11695,100.572894399316,TRUE,FALSE,TRUE,"n_users >= 85.0% de la mediana movil previa de 29 dias"
2019-10-31,80110.073024992,11770,0.0696261682242991,0,16.4569158878505,0,11705,100.555318240068,TRUE,FALSE,TRUE,"n_users >= 85.0% de la mediana movil previa de 29 dias"
2019-11-01,78880.4030154245,11774,0,0,18.0908612196365,1,11710,100.546541417592,TRUE,FALSE,TRUE,"n_users >= 85.0% de la mediana movil previa de 29 dias"
2019-11-02,76964.3320375255,11781,0,0,16.290518631695,0,11716,100.554796858996,TRUE,FALSE,TRUE,"n_users >= 85.0% de la mediana movil previa de 29 dias"
2019-11-03,82251.3560209847,11781,1.31606824548001,0,13.8199983023512,0,11716,100.554796858996,TRUE,FALSE,TRUE,"n_users >= 85.0% de la mediana movil previa de 29 dias"
2019-11-04,88727.7785205111,11781,1.32627111450642,0,13.6737288854935,0,11716,100.554796858996,TRUE,FALSE,TRUE,"n_users >= 85.0% de la mediana movil previa de 29 dias"
2019-11-05,92829.2990248512,11789,4.67075239630168,0,10.3292476036983,0,11727,100.528694465763,TRUE,FALSE,TRUE,"n_users >= 85.0% de la mediana movil previa de 29 dias"
2019-11-06,91636.4225085418,11801,3.06444369121261,0,11.9355563087874,0,11734,100.570990284643,TRUE,FALSE,TRUE,"n_users >= 85.0% de la mediana movil previa de 29 dias"
2019-11-07,93501.0275082645,11814,5.66699678347718,0,9.33300321652289,0,11741,100.621752831956,TRUE,FALSE,TRUE,"n_users >= 85.0% de la mediana movil previa de 29 dias"
2019-11-08,99233.1905141395,11825,6.95137420718816,0,8.04862579281185,0,11743,100.698288341991,TRUE,FALSE,TRUE,"n_users >= 85.0% de la mediana movil previa de 29 dias"
2019-11-09,98064.3550143644,11833,5.18421363982084,0,9.81578636017928,1,11752,100.689244383935,TRUE,FALSE,TRUE,"n_users >= 85.0% de la mediana movil previa de 29 dias"
2019-11-10,103964.446522499,11834,7.57177623795848,0,7.42822376204152,0,11753,100.689185739811,TRUE,FALSE,TRUE,"n_users >= 85.0% de la mediana movil previa de 29 dias"
2019-11-11,106884.386513858,11834,6.72745479127933,0,8.27254520872066,0,11753,100.689185739811,TRUE,FALSE,TRUE,"n_users >= 85.0% de la mediana movil previa de 29 dias"
2019-11-12,104729.895511863,11841,5.17264589139432,0,9.82735410860573,0,11753,100.748745001276,TRUE,FALSE,TRUE,"n_users >= 85.0% de la mediana movil previa de 29 dias"
2019-11-13,102868.055035942,11882,4.52105706110083,0,10.4789429388992,0,11755,101.080391322841,TRUE,FALSE,TRUE,"n_users >= 85.0% de la mediana movil previa de 29 dias"
2019-11-14,103623.056009398,11886,7.42799091367992,0,7.57200908632008,0,11762,101.054242475769,TRUE,FALSE,TRUE,"n_users >= 85.0% de la mediana movil previa de 29 dias"
2019-11-15,106046.108005211,11894,9.07343198251224,0,5.92656801748778,0,11770,101.053525913339,TRUE,FALSE,TRUE,"n_users >= 85.0% de la mediana movil previa de 29 dias"
2019-11-16,107360.835004711,11899,9.61663164971849,0,5.38336835028152,0,11774,101.061661287583,TRUE,FALSE,TRUE,"n_users >= 85.0% de la mediana movil previa de 29 dias"
2019-11-17,108256.658032483,11899,7.0022354819733,0,7.9977645180267,0,11781,101.001612766319,TRUE,FALSE,TRUE,"n_users >= 85.0% de la mediana movil previa de 29 dias"
2019-11-18,111303.4305298,11899,7.8457349357088,0,7.15426506429118,0,11781,101.001612766319,TRUE,FALSE,TRUE,"n_users >= 85.0% de la mediana movil previa de 29 dias"
2019-11-19,109165.98102781,11903,7.60697303200869,0,7.3930269679913,0,11781,101.035565741448,TRUE,FALSE,TRUE,"n_users >= 85.0% de la mediana movil previa de 29 dias"
2019-11-20,108405.036519932,11912,6.51164372061787,0,8.4883562793821,0,11789,101.04334549156,TRUE,FALSE,TRUE,"n_users >= 85.0% de la mediana movil previa de 29 dias"
2019-11-21,104318.005009535,11918,4.69112267158921,0,10.3088773284107,0,11801,100.991441403271,TRUE,FALSE,TRUE,"n_users >= 85.0% de la mediana movil previa de 29 dias"
2019-11-22,102837.517516594,11922,3.63290555275959,0,11.3670944472404,0,11814,100.914169629253,TRUE,FALSE,TRUE,"n_users >= 85.0% de la mediana movil previa de 29 dias"
2019-11-23,101063.36603667,11933,4.35112712645601,0,10.648872873544,0,11825,100.913319238901,TRUE,FALSE,TRUE,"n_users >= 85.0% de la mediana movil previa de 29 dias"
2019-11-24,101514.363021861,11934,4.96880341880341,0,10.0311965811967,0,11833,100.853545170286,TRUE,FALSE,TRUE,"n_users >= 85.0% de la mediana movil previa de 29 dias"
2019-11-25,101165.451037237,11934,2.10120663650076,0,12.8987933634993,0,11834,100.845022815616,TRUE,FALSE,TRUE,"n_users >= 85.0% de la mediana movil previa de 29 dias"
2019-11-26,98247.5940090863,11946,0.865854679390597,0,14.4327389921311,0,11834,100.94642555349,TRUE,FALSE,TRUE,"n_users >= 85.0% de la mediana movil previa de 29 dias"
2019-11-27,97258.0545199022,11953,2.36667782146739,0,12.6333221785325,0,11841,100.94586605861,TRUE,FALSE,TRUE,"n_users >= 85.0% de la mediana movil previa de 29 dias"
2019-11-28,100526.625009882,11961,3.84797257754368,0,11.1520274224563,0,11882,100.664871233799,TRUE,FALSE,TRUE,"n_users >= 85.0% de la mediana movil previa de 29 dias"
2019-11-29,94292.3580341261,11973,2.7987054205295,0,12.2012945794704,0,11886,100.731953558809,TRUE,FALSE,TRUE,"n_users >= 85.0% de la mediana movil previa de 29 dias"
2019-11-30,96476.7995272838,11973,3.33314123444415,0,11.6668587655558,0,11894,100.664200437195,TRUE,FALSE,TRUE,"n_users >= 85.0% de la mediana movil previa de 29 dias"
2019-12-01,97998.9935102139,11973,5.2393802722793,0,9.7606197277208,0,11899,100.621901000084,TRUE,FALSE,TRUE,"n_users >= 85.0% de la mediana movil previa de 29 dias"
2019-12-02,107951.086018043,11973,7.50272279295085,0,7.49727720704915,0,11899,100.621901000084,TRUE,FALSE,TRUE,"n_users >= 85.0% de la mediana movil previa de 29 dias"
2019-12-03,109884.91702636,11985,10.4956445556947,0,4.50435544430534,1,11899,100.722749810908,TRUE,FALSE,TRUE,"n_users >= 85.0% de la mediana movil previa de 29 dias"
2019-12-04,112566.487041934,11991,8.94796931031608,0,6.05203068968391,0,11903,100.739309417794,TRUE,FALSE,TRUE,"n_users >= 85.0% de la mediana movil previa de 29 dias"
2019-12-05,105643.017520846,12004,6.13449683438853,0,8.86550316561148,0,11912,100.772330423103,TRUE,FALSE,TRUE,"n_users >= 85.0% de la mediana movil previa de 29 dias"
2019-12-06,97554.042017884,12008,5.76304130579619,0,9.23695869420384,1,11918,100.755160261789,TRUE,FALSE,TRUE,"n_users >= 85.0% de la mediana movil previa de 29 dias"
2019-12-07,93365.0630164043,12009,5.35749021567155,0,9.64250978432845,0,11922,100.729743331656,TRUE,FALSE,TRUE,"n_users >= 85.0% de la mediana movil previa de 29 dias"
2019-12-08,103039.77503001,12009,5.91413939545338,0,9.08586060454658,0,11933,100.636889298584,TRUE,FALSE,TRUE,"n_users >= 85.0% de la mediana movil previa de 29 dias"
2019-12-09,110270.237012009,12008,6.05673717521652,0,8.94326282478352,0,11934,100.620077090665,TRUE,FALSE,TRUE,"n_users >= 85.0% de la mediana movil previa de 29 dias"
2019-12-10,106376.535516291,12014,5.22709339104379,0,9.77290660895624,0,11934,100.67035361153,TRUE,FALSE,TRUE,"n_users >= 85.0% de la mediana movil previa de 29 dias"
2019-12-11,108775.837514365,12024,5.40302727877579,0,9.59697272122415,0,11946,100.652938221999,TRUE,FALSE,TRUE,"n_users >= 85.0% de la mediana movil previa de 29 dias"
2019-12-12,111329.39551763,12036,5.03819375207708,0,9.96180624792285,0,11953,100.694386346524,TRUE,FALSE,TRUE,"n_users >= 85.0% de la mediana movil previa de 29 dias"
2019-12-13,101766.654014446,12043,2.18124221539486,0,12.8187577846052,0,11961,100.685561407909,TRUE,FALSE,TRUE,"n_users >= 85.0% de la mediana movil previa de 29 dias"
2019-12-14,94172.1995270902,12052,2.12369731164953,0,12.8763026883505,0,11973,100.659817923662,TRUE,FALSE,TRUE,"n_users >= 85.0% de la mediana movil previa de 29 dias"
2019-12-15,94291.2230317424,12053,1.27741641085207,0,14.4815647556624,0,11973,100.668170049278,TRUE,FALSE,TRUE,"n_users >= 85.0% de la mediana movil previa de 29 dias"
2019-12-16,99688.2510339603,12053,1.54778063552642,0,13.4522193644735,0,11973,100.668170049278,TRUE,FALSE,TRUE,"n_users >= 85.0% de la mediana movil previa de 29 dias"
2019-12-17,102562.739525792,12060,4.61120232172469,0,10.3887976782754,0,11973,100.726634928589,TRUE,FALSE,TRUE,"n_users >= 85.0% de la mediana movil previa de 29 dias"
2019-12-18,100402.009523895,12071,4.2923535746831,0,10.7076464253168,0,11985,100.717563621193,TRUE,FALSE,TRUE,"n_users >= 85.0% de la mediana movil previa de 29 dias"
2019-12-19,97609.4140334328,12072,1.0257703777336,0,14.8961978131212,0,11991,100.675506629972,TRUE,FALSE,TRUE,"n_users >= 85.0% de la mediana movil previa de 29 dias"
2019-12-20,96167.5715214509,12077,2.50819740001654,0,12.4918025999833,0,12004,100.608130623126,TRUE,FALSE,TRUE,"n_users >= 85.0% de la mediana movil previa de 29 dias"
2019-12-21,92290.5565230723,12083,1.18520235040968,0,13.8147976495902,0,12008,100.624583610926,TRUE,FALSE,TRUE,"n_users >= 85.0% de la mediana movil previa de 29 dias"
2019-12-22,94572.9445249783,12084,3.05959119496857,0,11.9404088050315,0,12008,100.632911392405,TRUE,FALSE,TRUE,"n_users >= 85.0% de la mediana movil previa de 29 dias"
2019-12-23,99908.1425163383,12084,4.10512247600133,0,10.8948775239987,0,12009,100.624531601299,TRUE,FALSE,TRUE,"n_users >= 85.0% de la mediana movil previa de 29 dias"
2019-12-24,95214.7065328957,12098,2.07247478922136,0,13.1728715490164,0,12009,100.741110833542,TRUE,FALSE,TRUE,"n_users >= 85.0% de la mediana movil previa de 29 dias"
2019-12-25,85557.1075133415,12107,2.33871314115799,0,12.6612868588419,1,12014,100.774096886965,TRUE,FALSE,TRUE,"n_users >= 85.0% de la mediana movil previa de 29 dias"
2019-12-26,93757.4735175439,12107,3.9241347980507,0,11.0758652019492,0,12024,100.690286094478,TRUE,FALSE,TRUE,"n_users >= 85.0% de la mediana movil previa de 29 dias"
2019-12-27,96085.4835294775,12112,7.99678005284018,0,7.00321994715982,0,12036,100.631439016284,TRUE,FALSE,TRUE,"n_users >= 85.0% de la mediana movil previa de 29 dias"
2019-12-28,93624.7130310415,12119,7.46954369172377,0,7.53045630827623,0,12043,100.631071992029,TRUE,FALSE,TRUE,"n_users >= 85.0% de la mediana movil previa de 29 dias"
2019-12-29,95690.7120258638,12119,7.46183678521326,0,7.53816321478674,0,12052,100.555924327912,TRUE,FALSE,TRUE,"n_users >= 85.0% de la mediana movil previa de 29 dias"
2019-12-30,105610.080021266,12119,8.18530406799238,0,6.8146959320076,0,12053,100.547581514976,TRUE,FALSE,TRUE,"n_users >= 85.0% de la mediana movil previa de 29 dias"
2019-12-31,108474.234519188,12127,8.89271872680793,0,6.10728127319208,0,12053,100.613955031942,TRUE,FALSE,TRUE,"n_users >= 85.0% de la mediana movil previa de 29 dias"
2020-01-01,97898.2800186473,12132,8.38302835476418,0,6.61697164523578,1,12060,100.597014925373,TRUE,FALSE,TRUE,"n_users >= 85.0% de la mediana movil previa de 29 dias"
2020-01-02,108100.431009023,12133,7.9017802686887,0,7.0982197313113,0,12071,100.513627702759,TRUE,FALSE,TRUE,"n_users >= 85.0% de la mediana movil previa de 29 dias"
2020-01-03,109970.292028017,12137,8.96051742605246,0,6.03948257394748,0,12072,100.538436050364,TRUE,FALSE,TRUE,"n_users >= 85.0% de la mediana movil previa de 29 dias"
2020-01-04,102834.614507461,12143,6.90569052128804,0,8.09430947871194,0,12077,100.546493334437,TRUE,FALSE,TRUE,"n_users >= 85.0% de la mediana movil previa de 29 dias"
2020-01-05,99920.3390250806,12144,8.3113636363637,0,6.68863636363632,0,12083,100.504841512869,TRUE,FALSE,TRUE,"n_users >= 85.0% de la mediana movil previa de 29 dias"
2020-01-06,102987.181052005,12144,9.12312252964423,0,5.87687747035579,1,12084,100.496524329692,TRUE,FALSE,TRUE,"n_users >= 85.0% de la mediana movil previa de 29 dias"
2020-01-07,113716.950003289,12144,6.4601119894598,0,8.53988801054023,0,12084,100.496524329692,TRUE,FALSE,TRUE,"n_users >= 85.0% de la mediana movil previa de 29 dias"
2020-01-08,111614.630024381,12153,4.7110589977783,0,10.2889410022217,0,12098,100.454620598446,TRUE,FALSE,TRUE,"n_users >= 85.0% de la mediana movil previa de 29 dias"
2020-01-09,108516.054508639,12174,4.15418925579104,0,10.845810744209,0,12107,100.553398860164,TRUE,FALSE,TRUE,"n_users >= 85.0% de la mediana movil previa de 29 dias"
2020-01-10,106745.685524334,12193,7.05169359468541,0,7.9483064053146,0,12107,100.710332865285,TRUE,FALSE,TRUE,"n_users >= 85.0% de la mediana movil previa de 29 dias"
2020-01-11,102154.855038131,12202,8.17721684969684,0,6.8227831503032,0,12112,100.743064729194,TRUE,FALSE,TRUE,"n_users >= 85.0% de la mediana movil previa de 29 dias"
2020-01-12,108562.365036424,12203,8.87355568302872,0,6.12644431697127,0,12119,100.693126495585,TRUE,FALSE,TRUE,"n_users >= 85.0% de la mediana movil previa de 29 dias"
2020-01-13,115972.923525748,12203,6.97676800786691,0,8.0232319921331,0,12119,100.693126495585,TRUE,FALSE,TRUE,"n_users >= 85.0% de la mediana movil previa de 29 dias"
2020-01-14,109952.885008312,12213,3.92247605011056,0,11.0775239498895,0,12119,100.775641554584,TRUE,FALSE,TRUE,"n_users >= 85.0% de la mediana movil previa de 29 dias"
2020-01-15,107362.6855149,12224,3.94671138743452,0,11.0532886125655,0,12127,100.799868063,TRUE,FALSE,TRUE,"n_users >= 85.0% de la mediana movil previa de 29 dias"
2020-01-16,103069.296022129,12232,2.40083387835188,0,12.9552812295618,0,12132,100.824266402901,TRUE,FALSE,TRUE,"n_users >= 85.0% de la mediana movil previa de 29 dias"
2020-01-17,102142.634005669,12244,5.47587389741919,0,9.5241261025809,0,12133,100.91486029836,TRUE,FALSE,TRUE,"n_users >= 85.0% de la mediana movil previa de 29 dias"
2020-01-18,102059.198012386,12249,6.12694913870516,0,8.87305086129488,0,12137,100.922798055533,TRUE,FALSE,TRUE,"n_users >= 85.0% de la mediana movil previa de 29 dias"
2020-01-19,106504.031545108,12250,9.0313959183674,0,5.96860408163267,0,12143,100.881166103928,TRUE,FALSE,TRUE,"n_users >= 85.0% de la mediana movil previa de 29 dias"
2020-01-20,118418.950017846,12250,12.0203755102041,0,2.97962448979591,0,12144,100.872859025033,TRUE,FALSE,TRUE,"n_users >= 85.0% de la mediana movil previa de 29 dias"
2020-01-21,123449.553534917,12254,11.3090582666885,0,3.69094173331154,0,12144,100.905797101449,TRUE,FALSE,TRUE,"n_users >= 85.0% de la mediana movil previa de 29 dias"
2020-01-22,117976.661510888,12262,7.81388843581794,0,7.18611156418206,0,12144,100.971673254282,TRUE,FALSE,TRUE,"n_users >= 85.0% de la mediana movil previa de 29 dias"
2020-01-23,116459.68252312,12281,7.75040306163989,0,7.24959693836011,0,12153,101.05323788365,TRUE,FALSE,TRUE,"n_users >= 85.0% de la mediana movil previa de 29 dias"
2020-01-24,107921.830036437,12287,4.80941645641731,0,10.1905835435826,0,12174,100.92820765566,TRUE,FALSE,TRUE,"n_users >= 85.0% de la mediana movil previa de 29 dias"
2020-01-25,103357.693513085,12289,5.20963463259823,0,9.79036536740167,0,12193,100.787336996637,TRUE,FALSE,TRUE,"n_users >= 85.0% de la mediana movil previa de 29 dias"
2020-01-26,102449.18853286,12291,5.77178423236517,0,9.22821576763483,0,12202,100.729388624816,TRUE,FALSE,TRUE,"n_users >= 85.0% de la mediana movil previa de 29 dias"
2020-01-27,110217.397012874,12291,3.72746725246112,0,11.2725327475387,0,12203,100.721134147341,TRUE,FALSE,TRUE,"n_users >= 85.0% de la mediana movil previa de 29 dias"
2020-01-28,104317.430036492,12307,5.1016819696108,0,9.89831803038917,0,12203,100.852249446857,TRUE,FALSE,TRUE,"n_users >= 85.0% de la mediana movil previa de 29 dias"
2020-01-29,103550.740527378,12310,3.66641754671,0,11.33358245329,0,12213,100.794235650536,TRUE,FALSE,TRUE,"n_users >= 85.0% de la mediana movil previa de 29 dias"
2020-01-30,99747.9710067543,12324,0.627994157740991,0,14.9490425186627,0,12224,100.818062827225,TRUE,FALSE,TRUE,"n_users >= 85.0% de la mediana movil previa de 29 dias"
2020-01-31,92431.7390221048,12324,0.836903602726387,0,15.0551038623824,0,12232,100.752125572269,TRUE,FALSE,TRUE,"n_users >= 85.0% de la mediana movil previa de 29 dias"
2020-02-01,88326.2180337428,12338,0.228586480791052,0,15.8065893986058,0,12244,100.767722966351,TRUE,FALSE,TRUE,"n_users >= 85.0% de la mediana movil previa de 29 dias"
2020-02-02,88139.0585156825,12340,0.378119935170177,0,17.3157212317666,0,12249,100.742917789207,TRUE,FALSE,TRUE,"n_users >= 85.0% de la mediana movil previa de 29 dias"
2020-02-03,92160.6265278654,12340,0.873598055105349,0,17.1280226904374,0,12250,100.734693877551,TRUE,FALSE,TRUE,"n_users >= 85.0% de la mediana movil previa de 29 dias"
2020-02-04,96138.1340318372,12351,4.16301514047451,0,10.8369848595256,0,12250,100.824489795918,TRUE,FALSE,TRUE,"n_users >= 85.0% de la mediana movil previa de 29 dias"
2020-02-05,98715.26750965,12363,7.94635606244438,0,7.05364393755562,0,12254,100.889505467602,TRUE,FALSE,TRUE,"n_users >= 85.0% de la mediana movil previa de 29 dias"
2020-02-06,99149.9830099436,12380,5.60067043618738,0,9.39932956381265,0,12262,100.962322622737,TRUE,FALSE,TRUE,"n_users >= 85.0% de la mediana movil previa de 29 dias"
2020-02-07,95243.4410272171,12395,3.63732150060508,0,11.3626784993949,0,12281,100.928263170752,TRUE,FALSE,TRUE,"n_users >= 85.0% de la mediana movil previa de 29 dias"
2020-02-08,97380.9270395176,12419,5.77377405588209,0,9.22622594411799,0,12287,101.074306177261,TRUE,FALSE,TRUE,"n_users >= 85.0% de la mediana movil previa de 29 dias"
2020-02-09,96301.1375369372,12420,3.72320450885665,0,11.2767954911432,0,12289,101.065993978355,TRUE,FALSE,TRUE,"n_users >= 85.0% de la mediana movil previa de 29 dias"
2020-02-10,97876.70102294,12420,1.63454106280193,0,13.365458937198,0,12291,101.049548450085,TRUE,FALSE,TRUE,"n_users >= 85.0% de la mediana movil previa de 29 dias"
2020-02-11,100821.499019865,12431,4.41387659882554,0,10.5861234011745,0,12291,101.13904482955,TRUE,FALSE,TRUE,"n_users >= 85.0% de la mediana movil previa de 29 dias"
2020-02-12,99092.4530189116,12442,4.04207522906283,0,10.9579247709371,0,12307,101.09693670269,TRUE,FALSE,TRUE,"n_users >= 85.0% de la mediana movil previa de 29 dias"
2020-02-13,96350.8955095946,12458,1.6569754374699,0,13.3430245625302,0,12310,101.202274573517,TRUE,FALSE,TRUE,"n_users >= 85.0% de la mediana movil previa de 29 dias"
2020-02-14,92185.9070137973,12462,3.05292087947359,0,11.9470791205264,0,12324,101.11976630964,TRUE,FALSE,TRUE,"n_users >= 85.0% de la mediana movil previa de 29 dias"
2020-02-15,89601.2705185608,12471,2.67618474861678,0,12.3238152513832,0,12324,101.192794547225,TRUE,FALSE,TRUE,"n_users >= 85.0% de la mediana movil previa de 29 dias"
2020-02-16,89341.8655223153,12471,0.942747173442388,0,17.0378237511026,0,12338,101.07797049765,TRUE,FALSE,TRUE,"n_users >= 85.0% de la mediana movil previa de 29 dias"
2020-02-17,98544.0005169965,12472,3.1610246953175,0,11.8389753046825,0,12340,101.069692058347,TRUE,FALSE,TRUE,"n_users >= 85.0% de la mediana movil previa de 29 dias"
2020-02-18,99719.1975464936,12484,6.86604453700739,0,8.13395546299263,0,12340,101.166936790924,TRUE,FALSE,TRUE,"n_users >= 85.0% de la mediana movil previa de 29 dias"
2020-02-19,100706.58951447,12496,6.51245198463513,0,8.48754801536485,0,12351,101.173994008582,TRUE,FALSE,TRUE,"n_users >= 85.0% de la mediana movil previa de 29 dias"
2020-02-20,99887.1945312208,12503,6.13481564424532,0,8.86518435575474,0,12363,101.132411227048,TRUE,FALSE,TRUE,"n_users >= 85.0% de la mediana movil previa de 29 dias"
2020-02-21,96467.742030017,12512,5.21200447570338,0,9.78799552429658,0,12380,101.066235864297,TRUE,FALSE,TRUE,"n_users >= 85.0% de la mediana movil previa de 29 dias"
2020-02-22,91209.9165227516,12513,3.95581395348838,0,11.0441860465116,0,12395,100.951996772892,TRUE,FALSE,TRUE,"n_users >= 85.0% de la mediana movil previa de 29 dias"
2020-02-23,90795.6705269606,12514,4.45528208406582,0,10.5447179159342,0,12419,100.764956920847,TRUE,FALSE,TRUE,"n_users >= 85.0% de la mediana movil previa de 29 dias"
2020-02-24,98304.4890132747,12514,5.3659581268979,0,9.63404187310206,0,12420,100.756843800322,TRUE,FALSE,TRUE,"n_users >= 85.0% de la mediana movil previa de 29 dias"
2020-02-25,102830.278519603,12521,5.17527354045201,0,9.82472645954797,0,12420,100.813204508857,TRUE,FALSE,TRUE,"n_users >= 85.0% de la mediana movil previa de 29 dias"
2020-02-26,106783.852513822,12530,6.92096568236226,0,8.07903431763776,0,12431,100.796396106508,TRUE,FALSE,TRUE,"n_users >= 85.0% de la mediana movil previa de 29 dias"
2020-02-27,104924.252526945,12535,4.35890706023134,0,10.6410929397687,0,12442,100.747468252692,TRUE,FALSE,TRUE,"n_users >= 85.0% de la mediana movil previa de 29 dias"
2020-02-28,95276.9040269491,12545,2.14784376245517,0,12.8521562375448,0,12458,100.698346444052,TRUE,FALSE,TRUE,"n_users >= 85.0% de la mediana movil previa de 29 dias"
2020-02-29,95276.3995172582,12559,2.39831196751334,0,12.6016880324867,0,12462,100.778366233349,TRUE,FALSE,TRUE,"n_users >= 85.0% de la mediana movil previa de 29 dias"
2020-03-01,95318.672518821,12559,2.9591527987897,0,12.0408472012102,0,12471,100.705637078021,TRUE,FALSE,TRUE,"n_users >= 85.0% de la mediana movil previa de 29 dias"
2020-03-02,106038.449534528,12566,5.32331688683751,0,9.67668311316251,0,12471,100.761767300136,TRUE,FALSE,TRUE,"n_users >= 85.0% de la mediana movil previa de 29 dias"
2020-03-03,106557.274009199,12577,4.17233044446211,0,10.827669555538,0,12472,100.841885824246,TRUE,FALSE,TRUE,"n_users >= 85.0% de la mediana movil previa de 29 dias"
2020-03-04,101798.888038138,12585,2.3617322208979,0,12.6382677791021,0,12484,100.809035565524,TRUE,FALSE,TRUE,"n_users >= 85.0% de la mediana movil previa de 29 dias"
2020-03-05,101579.021530883,12596,3.56380597014927,0,11.4361940298508,0,12496,100.800256081946,TRUE,FALSE,TRUE,"n_users >= 85.0% de la mediana movil previa de 29 dias"
2020-03-06,106331.54803527,12600,8.57611111111112,0,6.42388888888888,0,12503,100.775813804687,TRUE,FALSE,TRUE,"n_users >= 85.0% de la mediana movil previa de 29 dias"
2020-03-07,102782.161522205,12603,6.59732603348409,0,8.40267396651591,0,12512,100.727301790281,TRUE,FALSE,TRUE,"n_users >= 85.0% de la mediana movil previa de 29 dias"
2020-03-08,101329.094022757,12604,5.33128371945415,0,9.66871628054585,0,12513,100.727243666587,TRUE,FALSE,TRUE,"n_users >= 85.0% de la mediana movil previa de 29 dias"
2020-03-09,107649.01501917,12604,5.82596794668357,0,9.17403205331638,0,12514,100.719194502158,TRUE,FALSE,TRUE,"n_users >= 85.0% de la mediana movil previa de 29 dias"
2020-03-10,103508.581523148,12615,4.43204914783987,0,10.5679508521601,0,12514,100.807096052421,TRUE,FALSE,TRUE,"n_users >= 85.0% de la mediana movil previa de 29 dias"
2020-03-11,99384.753011522,12621,2.5878931938832,0,12.4268124554313,0,12521,100.798658254133,TRUE,FALSE,TRUE,"n_users >= 85.0% de la mediana movil previa de 29 dias"
2020-03-12,101600.590031791,12630,3.13538400633412,0,11.9015914489311,0,12530,100.798084596967,TRUE,FALSE,TRUE,"n_users >= 85.0% de la mediana movil previa de 29 dias"
2020-03-13,103143.265502662,12635,6.06841313810846,0,8.95381084289663,0,12535,100.797766254487,TRUE,FALSE,TRUE,"n_users >= 85.0% de la mediana movil previa de 29 dias"
2020-03-14,101758.608524041,12646,6.20806579155468,0,8.79935157362007,0,12545,100.805101634117,TRUE,FALSE,TRUE,"n_users >= 85.0% de la mediana movil previa de 29 dias"
2020-03-15,103423.445013905,12646,3.28503083979126,0,11.7149691602088,0,12559,100.692730312923,TRUE,FALSE,TRUE,"n_users >= 85.0% de la mediana movil previa de 29 dias"
2020-03-16,111499.084024405,12647,6.73966948683481,0,8.26033051316519,0,12559,100.700692730313,TRUE,FALSE,TRUE,"n_users >= 85.0% de la mediana movil previa de 29 dias"
2020-03-17,109468.754512263,12652,4.43559121087569,0,10.5644087891241,0,12566,100.684386439599,TRUE,FALSE,TRUE,"n_users >= 85.0% de la mediana movil previa de 29 dias"
2020-03-18,103245.487535398,12661,2.43847247452807,0,12.561527525472,0,12577,100.667885823328,TRUE,FALSE,TRUE,"n_users >= 85.0% de la mediana movil previa de 29 dias"
2020-03-19,98721.2050170855,12670,0.842620363062352,0,15.5209786898186,0,12585,100.67540723083,TRUE,FALSE,TRUE,"n_users >= 85.0% de la mediana movil previa de 29 dias"
2020-03-20,97356.3965308575,12670,1.38157853196527,0,14.584909234412,0,12596,100.587488091458,TRUE,FALSE,TRUE,"n_users >= 85.0% de la mediana movil previa de 29 dias"
2020-03-21,96113.0345277576,12670,1.42927387529597,0,14.1309786898184,0,12600,100.555555555556,TRUE,FALSE,TRUE,"n_users >= 85.0% de la mediana movil previa de 29 dias"
2020-03-22,96683.9660231828,12670,3.39450670876084,0,11.6054932912391,0,12603,100.531619455685,TRUE,FALSE,TRUE,"n_users >= 85.0% de la mediana movil previa de 29 dias"
2020-03-23,98897.3259907828,12670,2.43981057616416,0,12.5601894238358,0,12604,100.523643287845,TRUE,FALSE,TRUE,"n_users >= 85.0% de la mediana movil previa de 29 dias"
2020-03-24,97079.9700144571,12677,2.01968131261339,0,12.9803186873866,0,12604,100.579181212314,TRUE,FALSE,TRUE,"n_users >= 85.0% de la mediana movil previa de 29 dias"
2020-03-25,97888.7725388296,12682,5.08088629553702,0,9.91911370446304,0,12615,100.531113753468,TRUE,FALSE,TRUE,"n_users >= 85.0% de la mediana movil previa de 29 dias"
2020-03-26,100042.53502492,12686,6.97127733294955,0,8.02872266705045,0,12621,100.515014658109,TRUE,FALSE,TRUE,"n_users >= 85.0% de la mediana movil previa de 29 dias"
2020-03-27,101249.892015875,12689,7.74584285601712,0,7.25415714398289,0,12630,100.467141726049,TRUE,FALSE,TRUE,"n_users >= 85.0% de la mediana movil previa de 29 dias"
2020-03-28,100593.887027198,12694,5.78432330234756,0,9.21567669765239,0,12635,100.466956865849,TRUE,FALSE,TRUE,"n_users >= 85.0% de la mediana movil previa de 29 dias"
2020-03-29,104665.285013813,12695,7.01821189444669,0,7.9817881055533,0,12646,100.387474300174,TRUE,FALSE,TRUE,"n_users >= 85.0% de la mediana movil previa de 29 dias"
2020-03-30,112090.224550322,12702,11.0936466698157,0,3.90635333018422,0,12646,100.442827771627,TRUE,FALSE,TRUE,"n_users >= 85.0% de la mediana movil previa de 29 dias"
2020-03-31,115681.531516643,12722,10.3338311586229,0,4.66616884137715,0,12647,100.593026014074,TRUE,FALSE,TRUE,"n_users >= 85.0% de la mediana movil previa de 29 dias"
2020-04-01,109234.7615117,12731,4.00184588798991,0,10.99815411201,0,12652,100.624407208347,TRUE,FALSE,TRUE,"n_users >= 85.0% de la mediana movil previa de 29 dias"
2020-04-02,103606.080009993,12741,5.13744604034227,0,9.8625539596577,0,12661,100.631861622305,TRUE,FALSE,TRUE,"n_users >= 85.0% de la mediana movil previa de 29 dias"
2020-04-03,101636.156021271,12747,6.41051227739858,0,8.58948772260142,0,12670,100.60773480663,TRUE,FALSE,TRUE,"n_users >= 85.0% de la mediana movil previa de 29 dias"
2020-04-04,97816.3985323049,12747,2.25078057582177,0,12.7492194241783,0,12670,100.60773480663,TRUE,FALSE,TRUE,"n_users >= 85.0% de la mediana movil previa de 29 dias"
2020-04-05,93691.3270193094,12748,0.288798242861626,0,16.9948070285534,0,12670,100.615627466456,TRUE,FALSE,TRUE,"n_users >= 85.0% de la mediana movil previa de 29 dias"
2020-04-06,97221.7195068462,12752,1.61946361355083,0,13.4030269761605,0,12670,100.647198105762,TRUE,FALSE,TRUE,"n_users >= 85.0% de la mediana movil previa de 29 dias"
2020-04-07,94203.5835246061,12752,0.772976787954829,0,15.0318851944793,0,12670,100.647198105762,TRUE,FALSE,TRUE,"n_users >= 85.0% de la mediana movil previa de 29 dias"
2020-04-08,91388.3230265667,12766,0.110402631991227,0,15.8392605357984,0,12677,100.70205884673,TRUE,FALSE,TRUE,"n_users >= 85.0% de la mediana movil previa de 29 dias"
2020-04-09,89156.8505258989,12769,0.262213172527215,0,17.6201268697629,1,12682,100.686011670084,TRUE,FALSE,TRUE,"n_users >= 85.0% de la mediana movil previa de 29 dias"
2020-04-10,89796.7665123961,12770,0.374581049334378,0,17.1093030540328,1,12686,100.662147248936,TRUE,FALSE,TRUE,"n_users >= 85.0% de la mediana movil previa de 29 dias"
2020-04-11,91113.2765234939,12771,0.183932346723044,0,15.2060762665414,0,12689,100.646229017259,TRUE,FALSE,TRUE,"n_users >= 85.0% de la mediana movil previa de 29 dias"
2020-04-12,90029.8215287894,12771,0.0986766893743637,0,16.427076971263,0,12694,100.606585788562,TRUE,FALSE,TRUE,"n_users >= 85.0% de la mediana movil previa de 29 dias"
2020-04-13,89417.2300311601,12771,0.732362383525176,0,14.2676376164748,1,12695,100.598660890114,TRUE,FALSE,TRUE,"n_users >= 85.0% de la mediana movil previa de 29 dias"
2020-04-14,89703.1695384234,12786,1.05544345377756,0,13.9445565462225,0,12702,100.661313179027,TRUE,FALSE,TRUE,"n_users >= 85.0% de la mediana movil previa de 29 dias"
2020-04-15,90386.4960291149,12789,0.190319806083353,0,16.6745328016264,0,12722,100.526646753655,TRUE,FALSE,TRUE,"n_users >= 85.0% de la mediana movil previa de 29 dias"
2020-04-16,91261.2650204304,12798,0.0150023441162682,0,17.8133449861955,0,12731,100.526274448197,TRUE,FALSE,TRUE,"n_users >= 85.0% de la mediana movil previa de 29 dias"
2020-04-17,90531.9685103019,12808,0.162211118051218,0,17.2922158026233,0,12741,100.525861392355,TRUE,FALSE,TRUE,"n_users >= 85.0% de la mediana movil previa de 29 dias"
2020-04-18,91613.33601913,12808,0.0565896314803247,0,15.4226889444098,0,12747,100.47854397113,TRUE,FALSE,TRUE,"n_users >= 85.0% de la mediana movil previa de 29 dias"
2020-04-19,93397.3285258256,12808,1.6567301686446,0,13.3432698313554,0,12747,100.47854397113,TRUE,FALSE,TRUE,"n_users >= 85.0% de la mediana movil previa de 29 dias"
2020-04-20,91943.650019692,12823,1.34746939093816,0,13.8895422288075,0,12748,100.588327580797,TRUE,FALSE,TRUE,"n_users >= 85.0% de la mediana movil previa de 29 dias"
2020-04-21,95768.5620143187,12833,3.39966492636173,0,11.6003350736383,0,12752,100.635194479297,TRUE,FALSE,TRUE,"n_users >= 85.0% de la mediana movil previa de 29 dias"
2020-04-22,95687.59302096,12840,2.1111059190031,0,12.8965109034268,0,12752,100.69008782936,TRUE,FALSE,TRUE,"n_users >= 85.0% de la mediana movil previa de 29 dias"
2020-04-23,92076.1690247874,12850,0.869073929961093,0,14.4135719844357,0,12766,100.657997806674,TRUE,FALSE,TRUE,"n_users >= 85.0% de la mediana movil previa de 29 dias"
2020-04-24,90984.2940285561,12853,0,0,16.7343499572085,0,12769,100.657843214034,TRUE,FALSE,TRUE,"n_users >= 85.0% de la mediana movil previa de 29 dias"
2020-04-25,91940.1920105965,12853,0,0,16.1572706761067,0,12770,100.649960845732,TRUE,FALSE,TRUE,"n_users >= 85.0% de la mediana movil previa de 29 dias"
2020-04-26,90888.5580269934,12853,0.0807593557924225,0,16.0514743639617,0,12771,100.642079711847,TRUE,FALSE,TRUE,"n_users >= 85.0% de la mediana movil previa de 29 dias"
2020-04-27,91114.6190338803,12863,1.23775169089637,0,13.7622483091036,0,12771,100.720382115731,TRUE,FALSE,TRUE,"n_users >= 85.0% de la mediana movil previa de 29 dias"
2020-04-28,91484.5710259356,12865,2.10185775359502,0,12.8981422464049,0,12771,100.736042596508,TRUE,FALSE,TRUE,"n_users >= 85.0% de la mediana movil previa de 29 dias"
2020-04-29,90660.4820276604,12871,1.46729080879497,0,13.5327091912051,0,12786,100.66478961364,TRUE,FALSE,TRUE,"n_users >= 85.0% de la mediana movil previa de 29 dias"
2020-04-30,89950.452525223,12899,0,0,15.7271416388867,0,12789,100.860114160607,TRUE,FALSE,TRUE,"n_users >= 85.0% de la mediana movil previa de 29 dias"
2020-05-01,91372.4760251046,12898,0,0,17.5783842456195,1,12798,100.781372089389,TRUE,FALSE,TRUE,"n_users >= 85.0% de la mediana movil previa de 29 dias"
2020-05-02,88296.8265257005,12896,0,0,18.6684708436725,1,12808,100.687070580887,TRUE,FALSE,TRUE,"n_users >= 85.0% de la mediana movil previa de 29 dias"
2020-05-03,86456.9145204342,12896,0,0,18.3687189826305,0,12808,100.687070580887,TRUE,FALSE,TRUE,"n_users >= 85.0% de la mediana movil previa de 29 dias"
2020-05-04,86921.9120100584,12899,0,0.824048375843085,22.1383518102179,0,12808,100.710493441599,TRUE,FALSE,TRUE,"n_users >= 85.0% de la mediana movil previa de 29 dias"
2020-05-05,86420.7120202255,12920,0,0,18.6553560371519,0,12823,100.75645324807,TRUE,FALSE,TRUE,"n_users >= 85.0% de la mediana movil previa de 29 dias"
2020-05-06,86226.6995253884,12926,0,0,17.1693176543402,0,12833,100.7246941479,TRUE,FALSE,TRUE,"n_users >= 85.0% de la mediana movil previa de 29 dias"
2020-05-07,86917.9580199625,12937,0,0,18.9140449872461,0,12840,100.755451713396,TRUE,FALSE,TRUE,"n_users >= 85.0% de la mediana movil previa de 29 dias"
2020-05-08,88430.0480239441,12945,0,0.354577056778677,21.6884356894555,0,12850,100.739299610895,TRUE,FALSE,TRUE,"n_users >= 85.0% de la mediana movil previa de 29 dias"
2020-05-09,89030.8555289702,12944,0,0,19.0275494437577,0,12853,100.708005913016,TRUE,FALSE,TRUE,"n_users >= 85.0% de la mediana movil previa de 29 dias"
2020-05-10,91654.7545198528,12944,0.721925216316446,0,14.3087299134733,0,12853,100.708005913016,TRUE,FALSE,TRUE,"n_users >= 85.0% de la mediana movil previa de 29 dias"
2020-05-11,89337.1620360022,12956,1.11339919728311,0,14.1792219820932,0,12853,100.801369330117,TRUE,FALSE,TRUE,"n_users >= 85.0% de la mediana movil previa de 29 dias"
2020-05-12,90684.7815099201,12957,2.67205371613801,0,12.327946283862,0,12863,100.730778201042,TRUE,FALSE,TRUE,"n_users >= 85.0% de la mediana movil previa de 29 dias"
2020-05-13,91481.0075300952,12966,1.63795310812893,0,13.3775026993676,0,12865,100.785075787019,TRUE,FALSE,TRUE,"n_users >= 85.0% de la mediana movil previa de 29 dias"
2020-05-14,92903.0895291909,12978,2.31571120357527,0,12.6842887964248,0,12871,100.831326237278,TRUE,FALSE,TRUE,"n_users >= 85.0% de la mediana movil previa de 29 dias"
2020-05-15,92186.2800182651,12978,2.57481121898598,0,12.425188781014,1,12896,100.635856079404,TRUE,FALSE,TRUE,"n_users >= 85.0% de la mediana movil previa de 29 dias"
2020-05-16,90807.2660314933,12978,1.41436276776082,0,13.6320542456465,0,12896,100.635856079404,TRUE,FALSE,TRUE,"n_users >= 85.0% de la mediana movil previa de 29 dias"
2020-05-17,87587.7225300865,12980,1.41881355932205,0,13.6198613251154,0,12898,100.63575748178,TRUE,FALSE,TRUE,"n_users >= 85.0% de la mediana movil previa de 29 dias"
2020-05-18,87089.0390042199,12991,0.714217535216687,0,14.6026171965208,0,12899,100.713233583999,TRUE,FALSE,TRUE,"n_users >= 85.0% de la mediana movil previa de 29 dias"
2020-05-19,86412.7510249999,13001,0.0977770940696868,0,16.3981924467348,0,12899,100.790758973564,TRUE,FALSE,TRUE,"n_users >= 85.0% de la mediana movil previa de 29 dias"
2020-05-20,85435.8315119888,13007,0,0,18.0751134004768,0,12920,100.673374613003,TRUE,FALSE,TRUE,"n_users >= 85.0% de la mediana movil previa de 29 dias"
2020-05-21,85376.0325175344,13010,0,0,19.651252882398,0,12926,100.649853009438,TRUE,FALSE,TRUE,"n_users >= 85.0% de la mediana movil previa de 29 dias"
2020-05-22,85867.0405209576,13020,0,0.0393241167434716,18.7907450076804,0,12937,100.641570688722,TRUE,FALSE,TRUE,"n_users >= 85.0% de la mediana movil previa de 29 dias"
2020-05-23,87354.6310212619,13021,0.911481453037398,0.0866753705552569,14.5920589816451,0,12944,100.594870210136,TRUE,FALSE,TRUE,"n_users >= 85.0% de la mediana movil previa de 29 dias"
2020-05-24,84690.7825290373,13021,0.332094309192843,0.0787957914138699,15.2764303816912,0,12944,100.594870210136,TRUE,FALSE,TRUE,"n_users >= 85.0% de la mediana movil previa de 29 dias"
2020-05-25,85549.3700400114,13032,0,0.0393646408839779,17.14724524248,0,12945,100.672074159907,TRUE,FALSE,TRUE,"n_users >= 85.0% de la mediana movil previa de 29 dias"
2020-05-26,85320.4330293796,13043,0,0,16.9517518975694,0,12956,100.671503550479,TRUE,FALSE,TRUE,"n_users >= 85.0% de la mediana movil previa de 29 dias"
2020-05-27,84985.3460316462,13055,0,0.0315587897357335,18.5978092684792,0,12957,100.756347920043,TRUE,FALSE,TRUE,"n_users >= 85.0% de la mediana movil previa de 29 dias"
2020-05-28,84945.8775346816,13064,0,1.1310624617269,22.4959353949788,0,12966,100.755822921487,TRUE,FALSE,TRUE,"n_users >= 85.0% de la mediana movil previa de 29 dias"
2020-05-29,84508.5225267926,13084,0,0.00790278202384589,20.8998624273922,0,12978,100.816766836184,TRUE,FALSE,TRUE,"n_users >= 85.0% de la mediana movil previa de 29 dias"
2020-05-30,80692.7970212438,13082,0,0.0926846048004892,20.7788946644244,0,12978,100.801356141162,TRUE,FALSE,TRUE,"n_users >= 85.0% de la mediana movil previa de 29 dias"
2020-05-31,82613.6280424822,13082,0,0.411978290781222,21.9328619477147,0,12978,100.801356141162,TRUE,FALSE,TRUE,"n_users >= 85.0% de la mediana movil previa de 29 dias"
2020-06-01,86715.5955220122,13102,0,0,20.7997862921692,0,12980,100.939907550077,TRUE,FALSE,TRUE,"n_users >= 85.0% de la mediana movil previa de 29 dias"
2020-06-02,86735.5005231147,13114,0,0.0552996797315845,20.3590208937013,0,12991,100.946809329536,TRUE,FALSE,TRUE,"n_users >= 85.0% de la mediana movil previa de 29 dias"
2020-06-03,88915.6780385079,13137,0,0,18.3332496003655,0,13001,101.046073378971,TRUE,FALSE,TRUE,"n_users >= 85.0% de la mediana movil previa de 29 dias"
2020-06-04,89700.621517655,13155,0.606545039908776,0,14.870353477765,0,13007,101.137848850619,TRUE,FALSE,TRUE,"n_users >= 85.0% de la mediana movil previa de 29 dias"
2020-06-05,85551.7135352563,13168,0,0,16.2422387606318,0,13010,101.214450422752,TRUE,FALSE,TRUE,"n_users >= 85.0% de la mediana movil previa de 29 dias"
2020-06-06,85031.0740270878,13172,0,0,16.7199134527787,0,13020,101.167434715822,TRUE,FALSE,TRUE,"n_users >= 85.0% de la mediana movil previa de 29 dias"
2020-06-07,86059.6945282138,13173,1.51960828968344,0,13.7898428603961,0,13021,101.167345057983,TRUE,FALSE,TRUE,"n_users >= 85.0% de la mediana movil previa de 29 dias"
2020-06-08,89908.2270276027,13181,1.01125862984598,0,14.1595781807148,0,13021,101.228784271561,TRUE,FALSE,TRUE,"n_users >= 85.0% de la mediana movil previa de 29 dias"
2020-06-09,89501.8845193604,13188,0.943964209887781,0,14.3181377009402,0,13032,101.197053406998,TRUE,FALSE,TRUE,"n_users >= 85.0% de la mediana movil previa de 29 dias"
2020-06-10,88195.2945282814,13197,0.416776540122756,0,14.9292187618399,0,13043,101.180709959365,TRUE,FALSE,TRUE,"n_users >= 85.0% de la mediana movil previa de 29 dias"
2020-06-11,91626.8670335109,13212,0.742355434453529,0,14.583651226158,0,13055,101.202604366143,TRUE,FALSE,TRUE,"n_users >= 85.0% de la mediana movil previa de 29 dias"
2020-06-12,89048.1025276133,13229,1.12450676543955,0,13.9514702547435,0,13064,101.263012859767,TRUE,FALSE,TRUE,"n_users >= 85.0% de la mediana movil previa de 29 dias"
2020-06-13,84218.7565268649,13226,0,0,16.2440647210043,0,13082,101.10074912093,TRUE,FALSE,TRUE,"n_users >= 85.0% de la mediana movil previa de 29 dias"
2020-06-14,82356.8955303236,13226,0,0,16.797731740511,0,13082,101.10074912093,TRUE,FALSE,TRUE,"n_users >= 85.0% de la mediana movil previa de 29 dias"
2020-06-15,87974.8110088236,13235,0,0,17.6945976577257,0,13084,101.154081320697,TRUE,FALSE,TRUE,"n_users >= 85.0% de la mediana movil previa de 29 dias"
2020-06-16,90185.3620355552,13241,0,0,16.9531983989124,0,13102,101.060906731797,TRUE,FALSE,TRUE,"n_users >= 85.0% de la mediana movil previa de 29 dias"
2020-06-17,88622.6150281704,13253,0,0,16.1628763298875,0,13114,101.059935946317,TRUE,FALSE,TRUE,"n_users >= 85.0% de la mediana movil previa de 29 dias"
2020-06-18,87682.3735238761,13274,0.0403570890462561,0,16.1222841645321,0,13137,101.042856055416,TRUE,FALSE,TRUE,"n_users >= 85.0% de la mediana movil previa de 29 dias"
2020-06-19,85764.0360379331,13282,0,0.0239873513025147,16.3762987501883,0,13155,100.965412390726,TRUE,FALSE,TRUE,"n_users >= 85.0% de la mediana movil previa de 29 dias"
2020-06-20,80550.1115391264,13281,0,0.0559747007002484,18.0457570966042,0,13168,100.858140947752,TRUE,FALSE,TRUE,"n_users >= 85.0% de la mediana movil previa de 29 dias"
2020-06-21,80242.926527752,13282,0,0.120162626110526,18.2230688149375,0,13172,100.835104767689,TRUE,FALSE,TRUE,"n_users >= 85.0% de la mediana movil previa de 29 dias"
2020-06-22,86292.2800198518,13287,0,0.212606306916535,20.0004590953566,0,13173,100.865406513323,TRUE,FALSE,TRUE,"n_users >= 85.0% de la mediana movil previa de 29 dias"
2020-06-23,85434.2365302023,13294,0,0.809116894839773,22.3449977433429,0,13181,100.857294590699,TRUE,FALSE,TRUE,"n_users >= 85.0% de la mediana movil previa de 29 dias"
2020-06-24,87020.5040128686,13300,0,1.18652631578949,23.1865263157897,0,13188,100.849256900212,TRUE,FALSE,TRUE,"n_users >= 85.0% de la mediana movil previa de 29 dias"
2020-06-25,89047.1380282984,13309,0,0.516019235104066,20.912142159441,0,13197,100.848677729787,TRUE,FALSE,TRUE,"n_users >= 85.0% de la mediana movil previa de 29 dias"
2020-06-26,86171.5925326368,13311,0,0.240943580497333,18.3025242280822,0,13212,100.74931880109,TRUE,FALSE,TRUE,"n_users >= 85.0% de la mediana movil previa de 29 dias"
2020-06-27,78673.108530924,13310,0,0.119909842223892,20.7972051089407,0,13226,100.635112656888,TRUE,FALSE,TRUE,"n_users >= 85.0% de la mediana movil previa de 29 dias"
2020-06-28,79526.1740276654,13318,0,0.352545427241328,21.3949419075228,0,13226,100.695599576592,TRUE,FALSE,TRUE,"n_users >= 85.0% de la mediana movil previa de 29 dias"
2020-06-29,87414.614542487,13327,0,0.243963382606738,18.3767614616942,0,13229,100.740796734447,TRUE,FALSE,TRUE,"n_users >= 85.0% de la mediana movil previa de 29 dias"
2020-06-30,85039.1825270249,13338,0,0.421157594841806,20.3591093117408,0,13235,100.778239516434,TRUE,FALSE,TRUE,"n_users >= 85.0% de la mediana movil previa de 29 dias"
2020-07-01,88276.698535655,13364,0,0.239299610894942,19.9924648308888,0,13241,100.928932860056,TRUE,FALSE,TRUE,"n_users >= 85.0% de la mediana movil previa de 29 dias"
2020-07-02,88114.7835322549,13371,0,0.15176127439982,17.132510657393,0,13253,100.890364445786,TRUE,FALSE,TRUE,"n_users >= 85.0% de la mediana movil previa de 29 dias"
2020-07-03,83434.3915244939,13386,0.0121246077991931,0.108314657104438,17.098969072165,0,13274,100.843754708453,TRUE,FALSE,TRUE,"n_users >= 85.0% de la mediana movil previa de 29 dias"
2020-07-04,76214.9785221256,13383,0,0.152477023088993,18.006695060898,0,13281,100.768014456743,TRUE,FALSE,TRUE,"n_users >= 85.0% de la mediana movil previa de 29 dias"
2020-07-05,76290.6325183513,13382,0,0.228732625915409,19.9409281123897,0,13282,100.75289865984,TRUE,FALSE,TRUE,"n_users >= 85.0% de la mediana movil previa de 29 dias"
2020-07-06,86529.9830364422,13387,0,0.280794800926272,17.9569881228056,0,13282,100.790543592832,TRUE,FALSE,TRUE,"n_users >= 85.0% de la mediana movil previa de 29 dias"
2020-07-07,84298.1600371177,13396,0,0.317273813078531,19.0863690653928,0,13287,100.820350718748,TRUE,FALSE,TRUE,"n_users >= 85.0% de la mediana movil previa de 29 dias"
2020-07-08,83775.3890294525,13406,0,0.425928688646876,20.4676711920033,0,13294,100.842485331729,TRUE,FALSE,TRUE,"n_users >= 85.0% de la mediana movil previa de 29 dias"
2020-07-09,84375.4845208578,13408,0,0.600044749403343,21.1470241646776,0,13300,100.812030075188,TRUE,FALSE,TRUE,"n_users >= 85.0% de la mediana movil previa de 29 dias"
2020-07-10,84417.8700351919,13415,0,0.156697726425643,19.6623704808052,0,13309,100.796453527688,TRUE,FALSE,TRUE,"n_users >= 85.0% de la mediana movil previa de 29 dias"
2020-07-11,78416.3825275861,13413,0,0.281294266756132,20.2515097293671,0,13310,100.773854244929,TRUE,FALSE,TRUE,"n_users >= 85.0% de la mediana movil previa de 29 dias"
2020-07-12,81169.6270387162,13412,0,0.233089770354906,20.9444229048611,0,13311,100.758770941327,TRUE,FALSE,TRUE,"n_users >= 85.0% de la mediana movil previa de 29 dias"
2020-07-13,84839.9235242491,13416,0,0.168738819320215,20.1525566487776,0,13318,100.735846223157,TRUE,FALSE,TRUE,"n_users >= 85.0% de la mediana movil previa de 29 dias"
2020-07-14,84239.1985247716,13424,0,0.201132300357569,18.4214615613828,0,13327,100.72784572672,TRUE,FALSE,TRUE,"n_users >= 85.0% de la mediana movil previa de 29 dias"
2020-07-15,85477.0990322354,13436,0,0.154138136350104,17.8264662101817,0,13338,100.734742840006,TRUE,FALSE,TRUE,"n_users >= 85.0% de la mediana movil previa de 29 dias"
2020-07-16,84022.0330384185,13443,0,0.211202856505244,19.1059659302239,0,13364,100.591140377133,TRUE,FALSE,TRUE,"n_users >= 85.0% de la mediana movil previa de 29 dias"
2020-07-17,82446.0650154239,13446,0,0.259883980365908,19.6444890673806,0,13371,100.560915413956,TRUE,FALSE,TRUE,"n_users >= 85.0% de la mediana movil previa de 29 dias"
2020-07-18,76843.9570530516,13445,0,0.336273707698028,21.47150613611,0,13382,100.470781646988,TRUE,FALSE,TRUE,"n_users >= 85.0% de la mediana movil previa de 29 dias"
2020-07-19,77525.5735230788,13445,0,0.590048345109704,22.4045816288583,0,13383,100.463274303221,TRUE,FALSE,TRUE,"n_users >= 85.0% de la mediana movil previa de 29 dias"
2020-07-20,85480.4150388144,13454,0,0.751270997472872,22.0656161736287,0,13386,100.507993425967,TRUE,FALSE,TRUE,"n_users >= 85.0% de la mediana movil previa de 29 dias"
2020-07-21,85334.7435293921,13457,0,0.796106115776174,21.7166530430259,0,13387,100.522895346231,TRUE,FALSE,TRUE,"n_users >= 85.0% de la mediana movil previa de 29 dias"
2020-07-22,85973.3565246143,13462,0,1.5470063883524,23.2246174416879,0,13396,100.492684383398,TRUE,FALSE,TRUE,"n_users >= 85.0% de la mediana movil previa de 29 dias"
2020-07-23,85728.8360180066,13469,0,0.625495582448583,22.2744672952706,0,13406,100.469938833358,TRUE,FALSE,TRUE,"n_users >= 85.0% de la mediana movil previa de 29 dias"
2020-07-24,83787.5090337519,13475,0,0.302040816326531,20.5554434137292,0,13408,100.499701670644,TRUE,FALSE,TRUE,"n_users >= 85.0% de la mediana movil previa de 29 dias"
2020-07-25,77493.8935205375,13472,0,0.465573040380049,21.1276796318289,1,13412,100.447360572622,TRUE,FALSE,TRUE,"n_users >= 85.0% de la mediana movil previa de 29 dias"
2020-07-26,78084.9085145865,13472,0,0.443289786223278,21.392309976247,0,13413,100.439871766197,TRUE,FALSE,TRUE,"n_users >= 85.0% de la mediana movil previa de 29 dias"
2020-07-27,85887.8605266776,13484,0,1.86377929397803,23.7025808365467,0,13415,100.514349608647,TRUE,FALSE,TRUE,"n_users >= 85.0% de la mediana movil previa de 29 dias"
2020-07-28,87580.8360297241,13492,0,0.824369997035277,21.9771271864807,0,13416,100.56648777579,TRUE,FALSE,TRUE,"n_users >= 85.0% de la mediana movil previa de 29 dias"
2020-07-29,85782.6330228222,13506,0,0.956360136235746,21.8869983710944,0,13424,100.61084624553,TRUE,FALSE,TRUE,"n_users >= 85.0% de la mediana movil previa de 29 dias"
2020-07-30,86405.5040410152,13511,0,6.35756050625409,28.3575605062545,0,13436,100.558201845787,TRUE,FALSE,TRUE,"n_users >= 85.0% de la mediana movil previa de 29 dias"
2020-07-31,81582.2210416924,13516,0,2.40452796685411,24.4045279668543,0,13443,100.543033549059,TRUE,FALSE,TRUE,"n_users >= 85.0% de la mediana movil previa de 29 dias"
2020-08-01,80279.3845228394,13520,0,0.420266272189349,21.2093565088755,0,13445,100.557828188918,TRUE,FALSE,TRUE,"n_users >= 85.0% de la mediana movil previa de 29 dias"
2020-08-02,79603.2450248346,13521,0,0.271400044375416,19.7475630500704,0,13445,100.565265898103,TRUE,FALSE,TRUE,"n_users >= 85.0% de la mediana movil previa de 29 dias"
2020-08-03,81470.2060341586,13530,0,0.180813008130081,19.3373096821877,0,13446,100.624721106649,TRUE,FALSE,TRUE,"n_users >= 85.0% de la mediana movil previa de 29 dias"
2020-08-04,80667.1020254664,13536,0,0.160771276595745,19.9105274822695,0,13454,100.609484168277,TRUE,FALSE,TRUE,"n_users >= 85.0% de la mediana movil previa de 29 dias"
2020-08-05,79295.8670283617,13543,0,0.448482610942922,21.2463560510964,0,13457,100.63907260162,TRUE,FALSE,TRUE,"n_users >= 85.0% de la mediana movil previa de 29 dias"
2020-08-06,80251.8755309982,13547,0,3.65292684727242,25.6529268472729,0,13462,100.631406923191,TRUE,FALSE,TRUE,"n_users >= 85.0% de la mediana movil previa de 29 dias"
2020-08-07,82360.1560285845,13558,0,4.27148546983333,26.2714854698335,0,13469,100.660776598114,TRUE,FALSE,TRUE,"n_users >= 85.0% de la mediana movil previa de 29 dias"
2020-08-08,77475.2465435166,13558,0,1.9041820327482,23.5816565865174,0,13472,100.638361045131,TRUE,FALSE,TRUE,"n_users >= 85.0% de la mediana movil previa de 29 dias"
2020-08-09,78079.7265306165,13558,0,2.43061661011949,24.4306166101195,0,13472,100.638361045131,TRUE,FALSE,TRUE,"n_users >= 85.0% de la mediana movil previa de 29 dias"
2020-08-10,82290.5190390876,13566,0,1.75128261831047,23.2673374613,0,13475,100.675324675325,TRUE,FALSE,TRUE,"n_users >= 85.0% de la mediana movil previa de 29 dias"
2020-08-11,82110.1065257458,13571,0,3.0323262839879,25.011767740034,0,13484,100.645209136755,TRUE,FALSE,TRUE,"n_users >= 85.0% de la mediana movil previa de 29 dias"
2020-08-12,81739.2330178968,13580,0,2.23007363770251,24.1811487481591,0,13492,100.652238363475,TRUE,FALSE,TRUE,"n_users >= 85.0% de la mediana movil previa de 29 dias"
2020-08-13,79686.3015217152,13587,0,0.176816074188563,20.5934054611025,0,13506,100.599733451799,TRUE,FALSE,TRUE,"n_users >= 85.0% de la mediana movil previa de 29 dias"
2020-08-14,78456.9745358311,13595,0,0.378756895917618,20.5867157043031,0,13511,100.621715639109,TRUE,FALSE,TRUE,"n_users >= 85.0% de la mediana movil previa de 29 dias"
2020-08-15,76397.7260323749,13595,0,0.58003677822729,21.2796322177271,1,13516,100.584492453389,TRUE,FALSE,TRUE,"n_users >= 85.0% de la mediana movil previa de 29 dias"
2020-08-16,74857.3535193307,13595,0,0,19.4555571901434,0,13520,100.554733727811,TRUE,FALSE,TRUE,"n_users >= 85.0% de la mediana movil previa de 29 dias"
2020-08-17,79633.3665309798,13599,0,0,20.3998970512539,0,13521,100.576880408254,TRUE,FALSE,TRUE,"n_users >= 85.0% de la mediana movil previa de 29 dias"
2020-08-18,78966.4900309455,13606,0,0.612942819344406,21.9288108187565,0,13530,100.561714708056,TRUE,FALSE,TRUE,"n_users >= 85.0% de la mediana movil previa de 29 dias"
2020-08-19,79269.8720407144,13610,0,5.3576047024247,27.3576047024246,0,13536,100.546690307329,TRUE,FALSE,TRUE,"n_users >= 85.0% de la mediana movil previa de 29 dias"
2020-08-20,80603.2880421748,13613,0,5.02735620362887,27.027356203629,0,13543,100.516872184893,TRUE,FALSE,TRUE,"n_users >= 85.0% de la mediana movil previa de 29 dias"
2020-08-21,82102.9140393698,13624,0,0.622188784497946,21.6955005871992,0,13547,100.568391525799,TRUE,FALSE,TRUE,"n_users >= 85.0% de la mediana movil previa de 29 dias"
2020-08-22,77087.8920215453,13625,0,0.176418348623853,19.7005577981653,0,13558,100.494173181885,TRUE,FALSE,TRUE,"n_users >= 85.0% de la mediana movil previa de 29 dias"
2020-08-23,77376.1835214568,13625,0,0.192829357798165,20.0438458715598,0,13558,100.494173181885,TRUE,FALSE,TRUE,"n_users >= 85.0% de la mediana movil previa de 29 dias"
2020-08-24,81921.2625187315,13637,0,0.180362249761678,20.1623670895357,0,13558,100.582681811477,TRUE,FALSE,TRUE,"n_users >= 85.0% de la mediana movil previa de 29 dias"
2020-08-25,81751.5580319939,13641,0,0.32347335239352,21.8242577523642,0,13566,100.552852720035,TRUE,FALSE,TRUE,"n_users >= 85.0% de la mediana movil previa de 29 dias"
2020-08-26,83156.8195260172,13647,0,1.15256100241811,22.9271341686817,0,13571,100.560017684769,TRUE,FALSE,TRUE,"n_users >= 85.0% de la mediana movil previa de 29 dias"
2020-08-27,83902.5930206403,13657,0,1.68422786849235,23.6842278684923,0,13580,100.567010309278,TRUE,FALSE,TRUE,"n_users >= 85.0% de la mediana movil previa de 29 dias"
2020-08-28,86413.0260357579,13664,0,0.16364168618267,17.9432669789226,0,13587,100.566718186502,TRUE,FALSE,TRUE,"n_users >= 85.0% de la mediana movil previa de 29 dias"
2020-08-29,84268.9200276233,13664,0.0723653395784544,0,15.9840456674471,0,13595,100.507539536594,TRUE,FALSE,TRUE,"n_users >= 85.0% de la mediana movil previa de 29 dias"
2020-08-30,84792.1070363401,13664,0.346750585480093,0,15.6642857142857,0,13595,100.507539536594,TRUE,FALSE,TRUE,"n_users >= 85.0% de la mediana movil previa de 29 dias"
2020-08-31,86976.3215323773,13683,0.145231308923482,0,16.3524080976394,0,13595,100.647296800294,TRUE,FALSE,TRUE,"n_users >= 85.0% de la mediana movil previa de 29 dias"
2020-09-01,87919.047522375,13703,0,0,17.7368751368315,0,13599,100.764762114861,TRUE,FALSE,TRUE,"n_users >= 85.0% de la mediana movil previa de 29 dias"
2020-09-02,87695.1615366403,13711,0,0.0411348552257312,18.4567135876303,0,13606,100.771718359547,TRUE,FALSE,TRUE,"n_users >= 85.0% de la mediana movil previa de 29 dias"
2020-09-03,87383.9010510122,13718,0,0.0411138649948972,19.5209651552702,0,13610,100.793534166054,TRUE,FALSE,TRUE,"n_users >= 85.0% de la mediana movil previa de 29 dias"
2020-09-04,86011.0515264894,13728,0,2.23399621212124,23.9427374708627,0,13613,100.844780724308,TRUE,FALSE,TRUE,"n_users >= 85.0% de la mediana movil previa de 29 dias"
2020-09-05,84641.1755154814,13729,0,0.169415106708427,20.1507975817615,0,13624,100.770698766882,TRUE,FALSE,TRUE,"n_users >= 85.0% de la mediana movil previa de 29 dias"
2020-09-06,87783.920009944,13729,0,0.11934591011727,18.3668074877995,0,13625,100.763302752294,TRUE,FALSE,TRUE,"n_users >= 85.0% de la mediana movil previa de 29 dias"
2020-09-07,91242.2490355266,13733,0,0,16.8039394160053,0,13625,100.792660550459,TRUE,FALSE,TRUE,"n_users >= 85.0% de la mediana movil previa de 29 dias"
2020-09-08,90422.852036559,13739,0,0,17.7484096368002,0,13637,100.747965094962,TRUE,FALSE,TRUE,"n_users >= 85.0% de la mediana movil previa de 29 dias"
2020-09-09,90445.2080310752,13746,0,0,18.8980212425434,0,13641,100.769738288982,TRUE,FALSE,TRUE,"n_users >= 85.0% de la mediana movil previa de 29 dias"
2020-09-10,90546.7265383903,13758,0,0.0740514609681639,19.6159034743421,0,13647,100.813365574852,TRUE,FALSE,TRUE,"n_users >= 85.0% de la mediana movil previa de 29 dias"
2020-09-11,88945.4435359493,13762,0,0.198779247202442,20.7688853364335,0,13657,100.768836494106,TRUE,FALSE,TRUE,"n_users >= 85.0% de la mediana movil previa de 29 dias"
2020-09-12,84900.0780153763,13764,0,0.106916594013368,20.5080790467887,0,13664,100.731850117096,TRUE,FALSE,TRUE,"n_users >= 85.0% de la mediana movil previa de 29 dias"
2020-09-13,86277.041525014,13764,0,2.36540249927348,24.1953356582389,0,13664,100.731850117096,TRUE,FALSE,TRUE,"n_users >= 85.0% de la mediana movil previa de 29 dias"
2020-09-14,94657.8200418159,13775,0,4.95393103448276,26.9539310344828,0,13664,100.812353629977,TRUE,FALSE,TRUE,"n_users >= 85.0% de la mediana movil previa de 29 dias"
2020-09-15,95460.4710291388,13786,0,2.19448716088783,24.1944871608876,0,13683,100.752758897903,TRUE,FALSE,TRUE,"n_users >= 85.0% de la mediana movil previa de 29 dias"
2020-09-16,94986.1525265354,13794,0,0.877055241409315,22.6358199217053,0,13703,100.664088155878,TRUE,FALSE,TRUE,"n_users >= 85.0% de la mediana movil previa de 29 dias"
2020-09-17,94923.439048614,13812,0,2.56929481610194,24.5610121633362,0,13711,100.736634818759,TRUE,FALSE,TRUE,"n_users >= 85.0% de la mediana movil previa de 29 dias"
2020-09-18,93517.2675267076,13816,0,1.60877243775334,23.1714244354373,0,13718,100.714389852748,TRUE,FALSE,TRUE,"n_users >= 85.0% de la mediana movil previa de 29 dias"
2020-09-19,91223.7950245771,13814,0,0,19.2445634863182,0,13728,100.626456876457,TRUE,FALSE,TRUE,"n_users >= 85.0% de la mediana movil previa de 29 dias"
2020-09-20,90413.708544408,13812,0,0,18.8279973935709,0,13729,100.604559691165,TRUE,FALSE,TRUE,"n_users >= 85.0% de la mediana movil previa de 29 dias"
2020-09-21,95143.4985351225,13816,0,0,18.3796974522294,0,13729,100.633695097968,TRUE,FALSE,TRUE,"n_users >= 85.0% de la mediana movil previa de 29 dias"
2020-09-22,93919.2620328784,13833,0,0,18.7672811393046,0,13733,100.728173013908,TRUE,FALSE,TRUE,"n_users >= 85.0% de la mediana movil previa de 29 dias"
2020-09-23,95342.0390393875,13837,0,0,19.9888848738888,0,13739,100.713297911056,TRUE,FALSE,TRUE,"n_users >= 85.0% de la mediana movil previa de 29 dias"
2020-09-24,95100.0970182604,13854,0,0,16.7819618882634,0,13746,100.785683107813,TRUE,FALSE,TRUE,"n_users >= 85.0% de la mediana movil previa de 29 dias"
2020-09-25,95853.7250349333,13861,2.29210013707524,0,12.736938171849,0,13758,100.748655327809,TRUE,FALSE,TRUE,"n_users >= 85.0% de la mediana movil previa de 29 dias"
2020-09-26,96337.3645273692,13862,0.948672630212096,0,14.1316620978214,0,13762,100.726638569975,TRUE,FALSE,TRUE,"n_users >= 85.0% de la mediana movil previa de 29 dias"
2020-09-27,95080.358016361,13862,2.38565142115133,0,12.6475905352763,0,13764,100.712002324906,TRUE,FALSE,TRUE,"n_users >= 85.0% de la mediana movil previa de 29 dias"
2020-09-28,97331.6645203497,13878,0.822777057212852,0,14.3518014123074,0,13764,100.828247602441,TRUE,FALSE,TRUE,"n_users >= 85.0% de la mediana movil previa de 29 dias"
2020-09-29,97053.3925272708,13885,0.649989196975153,0,14.748786460209,0,13775,100.798548094374,TRUE,FALSE,TRUE,"n_users >= 85.0% de la mediana movil previa de 29 dias"
2020-09-30,98060.4115380067,13932,0,0,15.7209158771176,0,13786,101.059045408385,TRUE,FALSE,TRUE,"n_users >= 85.0% de la mediana movil previa de 29 dias"
2020-10-01,100506.351551077,13945,0.192757260666906,0,15.7303908210829,0,13794,101.094678845875,TRUE,FALSE,TRUE,"n_users >= 85.0% de la mediana movil previa de 29 dias"
2020-10-02,101967.01954722,13954,1.55502364913287,0,13.5900601977928,0,13812,101.028091514625,TRUE,FALSE,TRUE,"n_users >= 85.0% de la mediana movil previa de 29 dias"
2020-10-03,105214.323513616,13957,3.08201619259155,0,11.9179838074086,0,13812,101.049811757892,TRUE,FALSE,TRUE,"n_users >= 85.0% de la mediana movil previa de 29 dias"
2020-10-04,106509.660031435,13959,2.57987678200447,0,12.4201232179957,0,13814,101.049659765455,TRUE,FALSE,TRUE,"n_users >= 85.0% de la mediana movil previa de 29 dias"
2020-10-05,105897.54602877,13971,0.893751342065705,0,14.3383293966072,0,13816,101.121887666474,TRUE,FALSE,TRUE,"n_users >= 85.0% de la mediana movil previa de 29 dias"
2020-10-06,105408.361034155,13977,0.100765543392717,0,17.0586606567933,0,13816,101.165315576144,TRUE,FALSE,TRUE,"n_users >= 85.0% de la mediana movil previa de 29 dias"
2020-10-07,105390.349024546,13982,0,0,16.4548920040051,0,13833,101.07713438878,TRUE,FALSE,TRUE,"n_users >= 85.0% de la mediana movil previa de 29 dias"
2020-10-08,101576.267047869,13996,0,0,16.911803372392,0,13837,101.149093011491,TRUE,FALSE,TRUE,"n_users >= 85.0% de la mediana movil previa de 29 dias"
2020-10-09,100593.618054125,14004,0.120465581262496,0,16.0143887460726,0,13854,101.082719792118,TRUE,FALSE,TRUE,"n_users >= 85.0% de la mediana movil previa de 29 dias"
2020-10-10,98164.9370239696,14004,1.11838046272493,0,14.0813339045987,0,13861,101.031671596566,TRUE,FALSE,TRUE,"n_users >= 85.0% de la mediana movil previa de 29 dias"
2020-10-11,98503.8175411598,14004,3.24364467295057,0,11.7563553270494,0,13862,101.024383205887,TRUE,FALSE,TRUE,"n_users >= 85.0% de la mediana movil previa de 29 dias"
2020-10-12,102943.841520401,14004,1.773343330477,0,13.4006926592403,1,13862,101.024383205887,TRUE,FALSE,TRUE,"n_users >= 85.0% de la mediana movil previa de 29 dias"
2020-10-13,109006.210535483,14013,2.10697923356886,0,12.8930207664314,0,13878,100.972762645914,TRUE,FALSE,TRUE,"n_users >= 85.0% de la mediana movil previa de 29 dias"
2020-10-14,113388.667547606,14020,4.61379457917262,0,10.3862054208275,0,13885,100.972272236226,TRUE,FALSE,TRUE,"n_users >= 85.0% de la mediana movil previa de 29 dias"
2020-10-15,115881.317510855,14029,5.95949105424484,0,9.04050894575517,0,13932,100.696238874533,TRUE,FALSE,TRUE,"n_users >= 85.0% de la mediana movil previa de 29 dias"
2020-10-16,113310.2885298,14038,5.44087476848552,0,9.5591252315145,0,13945,100.666905700968,TRUE,FALSE,TRUE,"n_users >= 85.0% de la mediana movil previa de 29 dias"
2020-10-17,107869.478543865,14041,4.57270137454597,0,10.427298625454,0,13954,100.623477139172,TRUE,FALSE,TRUE,"n_users >= 85.0% de la mediana movil previa de 29 dias"
2020-10-18,107417.592531381,14041,1.78763620824728,0,13.3863257602736,0,13957,100.601848534785,TRUE,FALSE,TRUE,"n_users >= 85.0% de la mediana movil previa de 29 dias"
2020-10-19,110449.057526077,14048,0.758072323462413,0,16.6214834851938,0,13959,100.637581488645,TRUE,FALSE,TRUE,"n_users >= 85.0% de la mediana movil previa de 29 dias"
2020-10-20,109961.9735291,14058,0,0,18.3493669085219,0,13971,100.622718488297,TRUE,FALSE,TRUE,"n_users >= 85.0% de la mediana movil previa de 29 dias"
2020-10-21,104630.329037274,14065,0.120583007465339,0,18.3514966228224,0,13977,100.629605780926,TRUE,FALSE,TRUE,"n_users >= 85.0% de la mediana movil previa de 29 dias"
2020-10-22,105410.188524159,14078,0.20240090922006,0,17.8543116920019,0,13982,100.686597053354,TRUE,FALSE,TRUE,"n_users >= 85.0% de la mediana movil previa de 29 dias"
2020-10-23,103846.526520625,14085,1.04883919062832,0,13.9801490947818,0,13996,100.635895970277,TRUE,FALSE,TRUE,"n_users >= 85.0% de la mediana movil previa de 29 dias"
2020-10-24,101210.560027823,14084,1.60818659471742,0,13.3918134052824,0,14004,100.571265352756,TRUE,FALSE,TRUE,"n_users >= 85.0% de la mediana movil previa de 29 dias"
2020-10-25,110841.069012353,14086,1.49241090444413,0,13.5075890955557,0,14004,100.585546986575,TRUE,FALSE,TRUE,"n_users >= 85.0% de la mediana movil previa de 29 dias"
2020-10-26,114184.623539223,14086,4.64187136163565,0,10.3581286383642,0,14004,100.585546986575,TRUE,FALSE,TRUE,"n_users >= 85.0% de la mediana movil previa de 29 dias"
2020-10-27,114617.184540269,14089,2.59430761587052,0,12.4056923841294,0,14004,100.606969437304,TRUE,FALSE,TRUE,"n_users >= 85.0% de la mediana movil previa de 29 dias"
2020-10-28,113551.671530063,14100,1.48971631205674,0,13.5102836879433,0,14013,100.620852065939,TRUE,FALSE,TRUE,"n_users >= 85.0% de la mediana movil previa de 29 dias"
2020-10-29,110448.799029508,14120,1.01842776203966,0,14.1267209631728,0,14020,100.713266761769,TRUE,FALSE,TRUE,"n_users >= 85.0% de la mediana movil previa de 29 dias"
2020-10-30,106938.673030863,14133,2.03090638930164,0,12.9690936106982,0,14029,100.741321548222,TRUE,FALSE,TRUE,"n_users >= 85.0% de la mediana movil previa de 29 dias"
2020-10-31,104756.331031492,14136,0.692572156196946,0,17.1399759479343,0,14038,100.698105143183,TRUE,FALSE,TRUE,"n_users >= 85.0% de la mediana movil previa de 29 dias"
2020-11-01,105321.824522179,14136,0.0546264855687606,0,19.6432937181665,0,14041,100.676589986468,TRUE,FALSE,TRUE,"n_users >= 85.0% de la mediana movil previa de 29 dias"
2020-11-02,108331.699018931,14143,0.0377996181856749,0,17.3950364137737,0,14041,100.726443985471,TRUE,FALSE,TRUE,"n_users >= 85.0% de la mediana movil previa de 29 dias"
2020-11-03,113584.514539304,14149,4.51509647324896,0,10.484903526751,0,14048,100.718963553531,TRUE,FALSE,TRUE,"n_users >= 85.0% de la mediana movil previa de 29 dias"
2020-11-04,116847.432035825,14158,5.70825681593447,0,9.29174318406553,0,14058,100.711338739508,TRUE,FALSE,TRUE,"n_users >= 85.0% de la mediana movil previa de 29 dias"
2020-11-05,114646.953015964,14166,3.27845545672738,0,11.7215445432726,0,14065,100.718094560967,TRUE,FALSE,TRUE,"n_users >= 85.0% de la mediana movil previa de 29 dias"
2020-11-06,107701.351018738,14166,0.0293519695044472,0,17.5542566709023,0,14078,100.625088791021,TRUE,FALSE,TRUE,"n_users >= 85.0% de la mediana movil previa de 29 dias"
2020-11-07,112365.594022531,14172,0.553224668360146,0,16.1139218176687,0,14084,100.62482249361,TRUE,FALSE,TRUE,"n_users >= 85.0% de la mediana movil previa de 29 dias"
2020-11-08,108659.443040084,14173,1.09455302335426,0,15.7261976998519,0,14085,100.624778132765,TRUE,FALSE,TRUE,"n_users >= 85.0% de la mediana movil previa de 29 dias"
2020-11-09,109435.239014284,14177,0.970423926077445,0,15.4860760386543,1,14086,100.646031520659,TRUE,FALSE,TRUE,"n_users >= 85.0% de la mediana movil previa de 29 dias"
2020-11-10,112115.219528586,14185,2.36709199859006,0,12.6329080014098,0,14086,100.702825500497,TRUE,FALSE,TRUE,"n_users >= 85.0% de la mediana movil previa de 29 dias"
2020-11-11,112491.791532546,14190,2.22274136715998,0,12.9222551092319,0,14089,100.71687131805,TRUE,FALSE,TRUE,"n_users >= 85.0% de la mediana movil previa de 29 dias"
2020-11-12,111246.475017421,14198,1.33045499366108,0,14.486357233413,0,14100,100.695035460993,TRUE,FALSE,TRUE,"n_users >= 85.0% de la mediana movil previa de 29 dias"
2020-11-13,108434.970527334,14199,1.70063384745405,0,14.5009014719346,0,14120,100.559490084986,TRUE,FALSE,TRUE,"n_users >= 85.0% de la mediana movil previa de 29 dias"
2020-11-14,109252.264038334,14202,1.79645824531755,0,14.2214828897337,0,14133,100.48821906177,TRUE,FALSE,TRUE,"n_users >= 85.0% de la mediana movil previa de 29 dias"
2020-11-15,112096.725035818,14202,0.75970990001408,0,15.7092240529504,0,14136,100.466893039049,TRUE,FALSE,TRUE,"n_users >= 85.0% de la mediana movil previa de 29 dias"
2020-11-16,113396.964517001,14202,3.41225179552175,0,11.5877482044782,0,14136,100.466893039049,TRUE,FALSE,TRUE,"n_users >= 85.0% de la mediana movil previa de 29 dias"
2020-11-17,114117.601515079,14206,2.5460720822188,0,12.4539279177813,0,14143,100.445450045959,TRUE,FALSE,TRUE,"n_users >= 85.0% de la mediana movil previa de 29 dias"
2020-11-18,111714.444520135,14216,1.28149268429938,0,15.7028629712999,0,14149,100.473531698353,TRUE,FALSE,TRUE,"n_users >= 85.0% de la mediana movil previa de 29 dias"
2020-11-19,116720.891020191,14221,3.45647282188312,0,11.5435271781169,0,14158,100.444978104252,TRUE,FALSE,TRUE,"n_users >= 85.0% de la mediana movil previa de 29 dias"
2020-11-20,115594.371034324,14228,6.05784368850151,0,8.94215631149848,0,14166,100.437667654948,TRUE,FALSE,TRUE,"n_users >= 85.0% de la mediana movil previa de 29 dias"
2020-11-21,119213.206522636,14230,7.01194659170764,0,7.98805340829236,0,14166,100.451785966398,TRUE,FALSE,TRUE,"n_users >= 85.0% de la mediana movil previa de 29 dias"
2020-11-22,121230.2775332,14230,6.33542515811669,0,8.66457484188331,0,14172,100.409257691222,TRUE,FALSE,TRUE,"n_users >= 85.0% de la mediana movil previa de 29 dias"
2020-11-23,127952.75903282,14232,6.40444069702084,0,8.59555930297912,0,14173,100.416284484583,TRUE,FALSE,TRUE,"n_users >= 85.0% de la mediana movil previa de 29 dias"
2020-11-24,128166.318024473,14242,4.83241117820527,0,10.1675888217947,0,14177,100.458489102067,TRUE,FALSE,TRUE,"n_users >= 85.0% de la mediana movil previa de 29 dias"
2020-11-25,125238.254515953,14251,4.41060978176972,0,10.5893902182304,0,14185,100.46528022559,TRUE,FALSE,TRUE,"n_users >= 85.0% de la mediana movil previa de 29 dias"
2020-11-26,121721.396513936,14260,1.32893408134643,0,14.0770266479662,0,14190,100.493305144468,TRUE,FALSE,TRUE,"n_users >= 85.0% de la mediana movil previa de 29 dias"
2020-11-27,118234.423027946,14263,2.38945523382177,0,12.6105447661782,0,14198,100.45781095929,TRUE,FALSE,TRUE,"n_users >= 85.0% de la mediana movil previa de 29 dias"
2020-11-28,117376.242511814,14269,3.60238278786184,0,11.3976172121383,0,14199,100.492992464258,TRUE,FALSE,TRUE,"n_users >= 85.0% de la mediana movil previa de 29 dias"
2020-11-29,117531.496534582,14273,2.890261332586,0,12.109738667414,0,14202,100.499929587382,TRUE,FALSE,TRUE,"n_users >= 85.0% de la mediana movil previa de 29 dias"
2020-11-30,127774.45402267,14284,6.35103612433495,0,8.64896387566505,0,14202,100.577383467117,TRUE,FALSE,TRUE,"n_users >= 85.0% de la mediana movil previa de 29 dias"
2020-12-01,130377.141013284,14301,6.23560590168518,0,8.76439409831482,0,14202,100.697084917617,TRUE,FALSE,TRUE,"n_users >= 85.0% de la mediana movil previa de 29 dias"
2020-12-02,134600.914524016,14329,7.89403307976825,0,7.10596692023174,0,14206,100.865831338871,TRUE,FALSE,TRUE,"n_users >= 85.0% de la mediana movil previa de 29 dias"
2020-12-03,132816.51352496,14333,6.78593455661753,0,8.2140654433825,1,14216,100.82301631964,TRUE,FALSE,TRUE,"n_users >= 85.0% de la mediana movil previa de 29 dias"
2020-12-04,134378.996518084,14344,9.39899609592861,0,5.60100390407143,0,14221,100.864918078897,TRUE,FALSE,TRUE,"n_users >= 85.0% de la mediana movil previa de 29 dias"
2020-12-05,142279.299033626,14350,10.8862578397214,0,4.11374216027877,0,14228,100.857464155187,TRUE,FALSE,TRUE,"n_users >= 85.0% de la mediana movil previa de 29 dias"
2020-12-06,142555.558510301,14354,9.69443360735687,0,5.30556639264319,0,14230,100.87139845397,TRUE,FALSE,TRUE,"n_users >= 85.0% de la mediana movil previa de 29 dias"
2020-12-07,143595.552535206,14354,7.42736519437083,0,7.57263480562917,0,14230,100.87139845397,TRUE,FALSE,TRUE,"n_users >= 85.0% de la mediana movil previa de 29 dias"
2020-12-08,142327.912525497,14358,8.30059200445746,0,6.69940799554254,1,14232,100.885328836425,TRUE,FALSE,TRUE,"n_users >= 85.0% de la mediana movil previa de 29 dias"
2020-12-09,146405.780525864,14360,8.52823119777154,0,6.47176880222844,0,14242,100.828535318073,TRUE,FALSE,TRUE,"n_users >= 85.0% de la mediana movil previa de 29 dias"
2020-12-10,142840.915034302,14360,5.03310584958217,0,9.9668941504178,0,14251,100.764858606414,TRUE,FALSE,TRUE,"n_users >= 85.0% de la mediana movil previa de 29 dias"
2020-12-11,135607.586528497,14370,2.47491997216424,0,12.5250800278358,0,14260,100.771388499299,TRUE,FALSE,TRUE,"n_users >= 85.0% de la mediana movil previa de 29 dias"
2020-12-12,132843.702020214,14376,5.67376182526433,0,9.32623817473558,0,14263,100.792259692912,TRUE,FALSE,TRUE,"n_users >= 85.0% de la mediana movil previa de 29 dias"
2020-12-13,126104.308513161,14377,3.25845447589899,0,11.741545524101,0,14269,100.756885556101,TRUE,FALSE,TRUE,"n_users >= 85.0% de la mediana movil previa de 29 dias"
2020-12-14,129567.903521074,14377,2.25110245531055,0,12.8068233984836,0,14273,100.728648497162,TRUE,FALSE,TRUE,"n_users >= 85.0% de la mediana movil previa de 29 dias"
2020-12-15,128595.178543324,14391,4.20378708915293,0,10.796212910847,0,14284,100.749089890787,TRUE,FALSE,TRUE,"n_users >= 85.0% de la mediana movil previa de 29 dias"
2020-12-16,130377.646029902,14397,3.56510384107796,0,11.4348961589219,0,14301,100.67128172855,TRUE,FALSE,TRUE,"n_users >= 85.0% de la mediana movil previa de 29 dias"
2020-12-17,128437.018000887,14406,5.13590170762187,0,9.86409829237822,0,14329,100.537371763556,TRUE,FALSE,TRUE,"n_users >= 85.0% de la mediana movil previa de 29 dias"
2020-12-18,128347.676036377,14414,5.1815457194394,0,9.81845428056057,0,14333,100.565129421614,TRUE,FALSE,TRUE,"n_users >= 85.0% de la mediana movil previa de 29 dias"
2020-12-19,126500.409035056,14423,4.53532552173609,0,10.4646744782639,0,14344,100.550752928054,TRUE,FALSE,TRUE,"n_users >= 85.0% de la mediana movil previa de 29 dias"
2020-12-20,125230.810029176,14425,5.37856499133449,0,9.6214350086654,0,14350,100.522648083624,TRUE,FALSE,TRUE,"n_users >= 85.0% de la mediana movil previa de 29 dias"
2020-12-21,129609.247525406,14425,2.8496083188908,0,12.4398890814557,0,14354,100.494635641633,TRUE,FALSE,TRUE,"n_users >= 85.0% de la mediana movil previa de 29 dias"
2020-12-22,125067.185021594,14441,1.60119105325117,0,14.5443944325183,0,14354,100.60610282848,TRUE,FALSE,TRUE,"n_users >= 85.0% de la mediana movil previa de 29 dias"
2020-12-23,128262.691538765,14450,3.02033217993081,0,11.9796678200692,0,14358,100.640757765706,TRUE,FALSE,TRUE,"n_users >= 85.0% de la mediana movil previa de 29 dias"
2020-12-24,130372.620545882,14461,6.54685014867579,0,8.45314985132419,0,14360,100.703342618384,TRUE,FALSE,TRUE,"n_users >= 85.0% de la mediana movil previa de 29 dias"
2020-12-25,122913.642532353,14468,9.4848838816699,0,5.51511611833015,1,14360,100.75208913649,TRUE,FALSE,TRUE,"n_users >= 85.0% de la mediana movil previa de 29 dias"
2020-12-26,128825.113506035,14469,9.77167046789683,0,5.22832953210315,0,14370,100.688935281837,TRUE,FALSE,TRUE,"n_users >= 85.0% de la mediana movil previa de 29 dias"
2020-12-27,133420.325996392,14470,8.60004146510027,0,6.39995853489971,0,14376,100.65386755704,TRUE,FALSE,TRUE,"n_users >= 85.0% de la mediana movil previa de 29 dias"
2020-12-28,145022.933012487,14470,8.38882515549411,0,6.61117484450589,0,14377,100.646866522919,TRUE,FALSE,TRUE,"n_users >= 85.0% de la mediana movil previa de 29 dias"
2020-12-29,146411.690067457,14477,9.60811632244257,0,5.39188367755745,0,14377,100.695555400988,TRUE,FALSE,TRUE,"n_users >= 85.0% de la mediana movil previa de 29 dias"
2020-12-30,148453.882495553,14490,9.67724637681162,0,5.32275362318843,0,14391,100.687929956223,TRUE,FALSE,TRUE,"n_users >= 85.0% de la mediana movil previa de 29 dias"
2020-12-31,145270.92753348,14507,8.49971048459367,0,6.50028951540633,0,14397,100.764048065569,TRUE,FALSE,TRUE,"n_users >= 85.0% de la mediana movil previa de 29 dias"
2021-01-01,134028.938533479,14513,10.2978295321435,0,4.70217046785641,1,14406,100.742746078023,TRUE,FALSE,TRUE,"n_users >= 85.0% de la mediana movil previa de 29 dias"
2021-01-02,141732.295045347,14516,12.1482433177183,0,2.85175668228161,0,14414,100.707645344804,TRUE,FALSE,TRUE,"n_users >= 85.0% de la mediana movil previa de 29 dias"
2021-01-03,146180.008490696,14516,11.5589831909617,0,3.4410168090383,0,14423,100.644803438952,TRUE,FALSE,TRUE,"n_users >= 85.0% de la mediana movil previa de 29 dias"
2021-01-04,157129.422004529,14516,12.262338109672,0,2.73766189032791,0,14425,100.630849220104,TRUE,FALSE,TRUE,"n_users >= 85.0% de la mediana movil previa de 29 dias"
2021-01-05,155768.166536937,14521,12.4938158529029,0,2.50618414709733,0,14425,100.665511265165,TRUE,FALSE,TRUE,"n_users >= 85.0% de la mediana movil previa de 29 dias"
2021-01-06,145383.508537021,14530,12.3561734342741,0,2.64382656572612,1,14441,100.616300810193,TRUE,FALSE,TRUE,"n_users >= 85.0% de la mediana movil previa de 29 dias"
2021-01-07,160447.387005222,14531,14.0862363223453,0,0.913763677654671,0,14450,100.560553633218,TRUE,FALSE,TRUE,"n_users >= 85.0% de la mediana movil previa de 29 dias"
2021-01-08,159903.094005525,14541,13.9486692799671,0,1.051330720033,0,14461,100.553212087684,TRUE,FALSE,TRUE,"n_users >= 85.0% de la mediana movil previa de 29 dias"
2021-01-09,160445.81549798,14554,13.9148550226741,0,1.08514497732583,0,14468,100.594415261266,TRUE,FALSE,TRUE,"n_users >= 85.0% de la mediana movil previa de 29 dias"
2021-01-10,160204.809492313,14556,13.0827493816984,0,1.91725061830173,0,14469,100.601285506946,TRUE,FALSE,TRUE,"n_users >= 85.0% de la mediana movil previa de 29 dias"
2021-01-11,163650.947511376,14556,11.7589310250069,0,3.24106897499314,0,14470,100.594333102972,TRUE,FALSE,TRUE,"n_users >= 85.0% de la mediana movil previa de 29 dias"
2021-01-12,164200.722017855,14571,10.4469425571339,0,4.55305744286595,0,14470,100.69799585349,TRUE,FALSE,TRUE,"n_users >= 85.0% de la mediana movil previa de 29 dias"
2021-01-13,158346.064505382,14591,8.3601329586731,0,6.6398670413269,0,14477,100.787455964634,TRUE,FALSE,TRUE,"n_users >= 85.0% de la mediana movil previa de 29 dias"
2021-01-14,154113.605010133,14600,7.9308219178082,0,7.06917808219179,0,14490,100.759144237405,TRUE,FALSE,TRUE,"n_users >= 85.0% de la mediana movil previa de 29 dias"
2021-01-15,145974.728575282,14610,6.97303216974669,0,8.02696783025333,0,14507,100.710002067967,TRUE,FALSE,TRUE,"n_users >= 85.0% de la mediana movil previa de 29 dias"
2021-01-16,135784.171032909,14627,7.69219252068096,0,7.30780747931904,0,14513,100.785502652794,TRUE,FALSE,TRUE,"n_users >= 85.0% de la mediana movil previa de 29 dias"
2021-01-17,144178.117539983,14630,8.49473684210532,0,6.50526315789468,0,14516,100.785340314136,TRUE,FALSE,TRUE,"n_users >= 85.0% de la mediana movil previa de 29 dias"
2021-01-18,144993.551507505,14634,7.67753860871944,0,7.32246139128056,0,14516,100.812896114632,TRUE,FALSE,TRUE,"n_users >= 85.0% de la mediana movil previa de 29 dias"
2021-01-19,141970.763522128,14653,6.55931208626214,0,8.44068791373791,0,14516,100.943786166988,TRUE,FALSE,TRUE,"n_users >= 85.0% de la mediana movil previa de 29 dias"
2021-01-20,148734.583021131,14661,3.78409385444379,0,11.2159061455563,0,14521,100.964120928311,TRUE,FALSE,TRUE,"n_users >= 85.0% de la mediana movil previa de 29 dias"
2021-01-21,137195.514005528,14686,2.19396023423668,0,13.2958055290753,0,14530,101.07364074329,TRUE,FALSE,TRUE,"n_users >= 85.0% de la mediana movil previa de 29 dias"
2021-01-22,135407.492028137,14700,5.16955102040817,0,9.83044897959192,0,14531,101.16303076182,TRUE,FALSE,TRUE,"n_users >= 85.0% de la mediana movil previa de 29 dias"
2021-01-23,134827.942024468,14703,6.33425831462967,0,8.66574168537031,0,14541,101.114091190427,TRUE,FALSE,TRUE,"n_users >= 85.0% de la mediana movil previa de 29 dias"
2021-01-24,134807.077044735,14703,5.96077671223559,0,9.03922328776441,0,14554,101.023773533049,TRUE,FALSE,TRUE,"n_users >= 85.0% de la mediana movil previa de 29 dias"
2021-01-25,142627.781518579,14703,7.06173570019722,0,7.93826429980277,0,14556,101.0098928277,TRUE,FALSE,TRUE,"n_users >= 85.0% de la mediana movil previa de 29 dias"
2021-01-26,140872.275516675,14736,6.61953718783932,0,8.38046281216068,0,14556,101.23660346249,TRUE,FALSE,TRUE,"n_users >= 85.0% de la mediana movil previa de 29 dias"
2021-01-27,136994.709520294,14748,1.99372118253324,0,13.0062788174667,0,14571,101.214741610047,TRUE,FALSE,TRUE,"n_users >= 85.0% de la mediana movil previa de 29 dias"
2021-01-28,127045.163515993,14760,1.62966802168021,0,13.3703319783199,0,14591,101.158248235213,TRUE,FALSE,TRUE,"n_users >= 85.0% de la mediana movil previa de 29 dias"
2021-01-29,124330.186497301,14778,0.990918933549874,0,14.0667478684531,0,14600,101.219178082192,TRUE,FALSE,TRUE,"n_users >= 85.0% de la mediana movil previa de 29 dias"
2021-01-30,126963.312524113,14788,2.05534893156614,0,13.0023194482012,0,14610,101.218343600274,TRUE,FALSE,TRUE,"n_users >= 85.0% de la mediana movil previa de 29 dias"
2021-01-31,130105.149544073,14791,3.85108511932931,0,11.1489148806706,0,14627,101.121214192931,TRUE,FALSE,TRUE,"n_users >= 85.0% de la mediana movil previa de 29 dias"
2021-02-01,130316.933502483,14790,2.40504394861392,0,12.594956051386,0,14630,101.093643198906,TRUE,FALSE,TRUE,"n_users >= 85.0% de la mediana movil previa de 29 dias"
2021-02-02,125765.254041973,14810,1.2051384199865,0,14.3146725185685,0,14634,101.202678693454,TRUE,FALSE,TRUE,"n_users >= 85.0% de la mediana movil previa de 29 dias"
2021-02-03,122923.973054169,14828,1.19718775289992,0,14.3221270569193,0,14653,101.194294683683,TRUE,FALSE,TRUE,"n_users >= 85.0% de la mediana movil previa de 29 dias"
2021-02-04,124318.06654016,14843,2.74740955332479,0,12.2525904466752,0,14661,101.241388718368,TRUE,FALSE,TRUE,"n_users >= 85.0% de la mediana movil previa de 29 dias"
2021-02-05,124692.553525467,14862,4.39640021531421,0,10.6035997846857,0,14686,101.198420264197,TRUE,FALSE,TRUE,"n_users >= 85.0% de la mediana movil previa de 29 dias"
2021-02-06,131223.902492973,14868,6.80707559860103,0,8.19292440139896,0,14700,101.142857142857,TRUE,FALSE,TRUE,"n_users >= 85.0% de la mediana movil previa de 29 dias"
2021-02-07,130521.57302342,14869,6.51550205124756,0,8.48449794875245,0,14703,101.129021288172,TRUE,FALSE,TRUE,"n_users >= 85.0% de la mediana movil previa de 29 dias"
2021-02-08,133811.956023606,14869,4.71129194969396,0,10.2887080503059,0,14703,101.129021288172,TRUE,FALSE,TRUE,"n_users >= 85.0% de la mediana movil previa de 29 dias"
2021-02-09,135535.564027323,14885,4.78937185085658,0,10.2106281491434,0,14703,101.237842617153,TRUE,FALSE,TRUE,"n_users >= 85.0% de la mediana movil previa de 29 dias"
2021-02-10,136249.086012573,14892,6.33439430566746,0,8.66560569433255,0,14736,101.058631921824,TRUE,FALSE,TRUE,"n_users >= 85.0% de la mediana movil previa de 29 dias"
2021-02-11,131077.430527222,14904,3.85897745571663,0,11.1410225442835,0,14748,101.057770545159,TRUE,FALSE,TRUE,"n_users >= 85.0% de la mediana movil previa de 29 dias"
2021-02-12,131493.991538091,14909,3.07596753638738,0,11.9240324636125,0,14760,101.009485094851,TRUE,FALSE,TRUE,"n_users >= 85.0% de la mediana movil previa de 29 dias"
2021-02-13,124827.458518415,14927,4.95030481677495,0,10.0496951832251,0,14778,101.008255514955,TRUE,FALSE,TRUE,"n_users >= 85.0% de la mediana movil previa de 29 dias"
2021-02-14,122568.860512232,14927,3.93531185100823,0,11.0646881489918,0,14788,100.939951311874,TRUE,FALSE,TRUE,"n_users >= 85.0% de la mediana movil previa de 29 dias"
2021-02-15,127582.740517612,14931,2.59842609336278,0,12.57485098118,0,14790,100.953346855984,TRUE,FALSE,TRUE,"n_users >= 85.0% de la mediana movil previa de 29 dias"
2021-02-16,127675.690016316,14941,2.62669165383843,0,12.3733083461616,0,14791,101.01413021432,TRUE,FALSE,TRUE,"n_users >= 85.0% de la mediana movil previa de 29 dias"
2021-02-17,125152.270014471,14954,2.37621372208105,0,12.623786277919,0,14810,100.972316002701,TRUE,FALSE,TRUE,"n_users >= 85.0% de la mediana movil previa de 29 dias"
2021-02-18,122542.933030208,14959,2.46063239521357,0,12.5393676047863,0,14828,100.883463717292,TRUE,FALSE,TRUE,"n_users >= 85.0% de la mediana movil previa de 29 dias"
2021-02-19,116556.937530299,14972,0.75757413839167,0,14.3235239113011,0,14843,100.869096543825,TRUE,FALSE,TRUE,"n_users >= 85.0% de la mediana movil previa de 29 dias"
2021-02-20,111325.233510675,14981,0.256938789132902,0,17.6363994392897,0,14862,100.800699771229,TRUE,FALSE,TRUE,"n_users >= 85.0% de la mediana movil previa de 29 dias"
2021-02-21,117119.3140135,14982,2.66180750233611,0,12.3381924976638,0,14868,100.766747376917,TRUE,FALSE,TRUE,"n_users >= 85.0% de la mediana movil previa de 29 dias"
2021-02-22,127798.395512769,14984,6.93250133475706,0,8.06749866524294,0,14869,100.773421211917,TRUE,FALSE,TRUE,"n_users >= 85.0% de la mediana movil previa de 29 dias"
2021-02-23,122445.023045154,14993,3.44879610484894,0,11.5512038951511,0,14869,100.833949828502,TRUE,FALSE,TRUE,"n_users >= 85.0% de la mediana movil previa de 29 dias"
2021-02-24,117531.933513348,14999,0.909367291152747,0,15.5704646976464,0,14885,100.765871682902,TRUE,FALSE,TRUE,"n_users >= 85.0% de la mediana movil previa de 29 dias"
2021-02-25,117186.656018902,15004,2.50365235937081,0,12.4963476406291,0,14892,100.75208165458,TRUE,FALSE,TRUE,"n_users >= 85.0% de la mediana movil previa de 29 dias"
2021-02-26,117629.114529935,15012,3.94546362909669,0,11.0545363709032,0,14904,100.724637681159,TRUE,FALSE,TRUE,"n_users >= 85.0% de la mediana movil previa de 29 dias"
2021-02-27,117248.770051091,15029,5.56537361101862,0,9.43462638898136,0,14909,100.804882956603,TRUE,FALSE,TRUE,"n_users >= 85.0% de la mediana movil previa de 29 dias"
2021-02-28,123391.613536456,15033,6.79401317102374,0,8.20598682897628,0,14927,100.710122596637,TRUE,FALSE,TRUE,"n_users >= 85.0% de la mediana movil previa de 29 dias"
2021-03-01,125168.276996035,15033,2.91959688684891,0,12.080403113151,0,14927,100.710122596637,TRUE,FALSE,TRUE,"n_users >= 85.0% de la mediana movil previa de 29 dias"
2021-03-02,120716.864527082,15063,1.67670450773417,0,13.7552811524929,0,14931,100.884066706852,TRUE,FALSE,TRUE,"n_users >= 85.0% de la mediana movil previa de 29 dias"
2021-03-03,118217.760021131,15081,2.14736423314104,0,12.9102048935747,0,14941,100.937018941169,TRUE,FALSE,TRUE,"n_users >= 85.0% de la mediana movil previa de 29 dias"
2021-03-04,116754.221049175,15100,2.99101986754963,0,12.0089801324502,0,14954,100.976327404039,TRUE,FALSE,TRUE,"n_users >= 85.0% de la mediana movil previa de 29 dias"
2021-03-05,120184.068528035,15106,5.46976698000798,0,9.53023301999194,0,14959,100.982686008423,TRUE,FALSE,TRUE,"n_users >= 85.0% de la mediana movil previa de 29 dias"
2021-03-06,122391.645522261,15113,6.16265466816641,0,8.8373453318336,0,14972,100.94175794817,TRUE,FALSE,TRUE,"n_users >= 85.0% de la mediana movil previa de 29 dias"
2021-03-07,128333.540015804,15114,7.41075823739578,0,7.58924176260423,0,14981,100.887791202189,TRUE,FALSE,TRUE,"n_users >= 85.0% de la mediana movil previa de 29 dias"
2021-03-08,130798.069039822,15119,6.53883854752298,0,8.46116145247702,0,14982,100.914430650113,TRUE,FALSE,TRUE,"n_users >= 85.0% de la mediana movil previa de 29 dias"
2021-03-09,135842.9855163,15126,8.55277006478909,0,6.44722993521092,0,14984,100.947677522691,TRUE,FALSE,TRUE,"n_users >= 85.0% de la mediana movil previa de 29 dias"
2021-03-10,130335.506536163,15128,6.58203331570604,0,8.41796668429392,0,14993,100.900420196092,TRUE,FALSE,TRUE,"n_users >= 85.0% de la mediana movil previa de 29 dias"
2021-03-11,125139.483036206,15137,1.7360309176191,0,13.2639690823809,0,14999,100.920061337422,TRUE,FALSE,TRUE,"n_users >= 85.0% de la mediana movil previa de 29 dias"
2021-03-12,121813.669025323,15143,6.02717427194086,0,8.97282572805912,0,15004,100.926419621434,TRUE,FALSE,TRUE,"n_users >= 85.0% de la mediana movil previa de 29 dias"
2021-03-13,116756.871019899,15154,5.83586511812065,0,9.16413488187932,0,15012,100.945909938716,TRUE,FALSE,TRUE,"n_users >= 85.0% de la mediana movil previa de 29 dias"
2021-03-14,124897.082534646,15154,5.88346971096734,0,9.11653028903267,0,15029,100.831725331027,TRUE,FALSE,TRUE,"n_users >= 85.0% de la mediana movil previa de 29 dias"
2021-03-15,131088.448517615,15154,6.05423650521316,0,8.94576349478683,0,15033,100.804895895696,TRUE,FALSE,TRUE,"n_users >= 85.0% de la mediana movil previa de 29 dias"
2021-03-16,129307.735538808,15165,4.77275304978569,0,10.2272469502144,0,15033,100.87806824985,TRUE,FALSE,TRUE,"n_users >= 85.0% de la mediana movil previa de 29 dias"
2021-03-17,126096.862021236,15172,4.39008700237278,0,10.6099129976272,0,15063,100.723627431455,TRUE,FALSE,TRUE,"n_users >= 85.0% de la mediana movil previa de 29 dias"
2021-03-18,127693.486044438,15177,7.22090004612244,0,7.77909995387755,0,15081,100.636562562164,TRUE,FALSE,TRUE,"n_users >= 85.0% de la mediana movil previa de 29 dias"
2021-03-19,132935.25951428,15188,7.75337108243347,0,7.24662891756652,0,15100,100.582781456954,TRUE,FALSE,TRUE,"n_users >= 85.0% de la mediana movil previa de 29 dias"
2021-03-20,125437.679545762,15190,8.97803818301518,0,6.02196181698485,0,15106,100.556070435589,TRUE,FALSE,TRUE,"n_users >= 85.0% de la mediana movil previa de 29 dias"
2021-03-21,127175.51451618,15190,7.16922317314026,0,7.83077682685975,0,15113,100.509495136637,TRUE,FALSE,TRUE,"n_users >= 85.0% de la mediana movil previa de 29 dias"
2021-03-22,130327.276522428,15192,6.56660742496045,0,8.43339257503954,0,15114,100.516077808654,TRUE,FALSE,TRUE,"n_users >= 85.0% de la mediana movil previa de 29 dias"
2021-03-23,126039.924501113,15193,5.57340880668725,0,9.42659119331279,0,15119,100.489450360474,TRUE,FALSE,TRUE,"n_users >= 85.0% de la mediana movil previa de 29 dias"
2021-03-24,125741.358540543,15204,5.7343725335438,0,9.26562746645614,0,15126,100.515668385561,TRUE,FALSE,TRUE,"n_users >= 85.0% de la mediana movil previa de 29 dias"
2021-03-25,121161.673504987,15215,4.02855734472561,0,10.9714426552743,0,15128,100.575092543628,TRUE,FALSE,TRUE,"n_users >= 85.0% de la mediana movil previa de 29 dias"
2021-03-26,121087.736513253,15223,4.76058595546216,0,10.2394140445378,0,15137,100.568144282222,TRUE,FALSE,TRUE,"n_users >= 85.0% de la mediana movil previa de 29 dias"
2021-03-27,114678.914526127,15236,4.39164478865843,0,10.6083552113414,0,15143,100.614145149574,TRUE,FALSE,TRUE,"n_users >= 85.0% de la mediana movil previa de 29 dias"
2021-03-28,108634.477031296,15239,1.4649648927095,0,13.5350351072905,0,15154,100.560908011086,TRUE,FALSE,TRUE,"n_users >= 85.0% de la mediana movil previa de 29 dias"
2021-03-29,111185.446522597,15251,0.554678381745459,0,18.2955347190348,0,15154,100.640095024416,TRUE,FALSE,TRUE,"n_users >= 85.0% de la mediana movil previa de 29 dias"
2021-03-30,107794.022045776,15257,0.0537196041161434,0,19.7619322278298,0,15154,100.679688531081,TRUE,FALSE,TRUE,"n_users >= 85.0% de la mediana movil previa de 29 dias"
2021-03-31,105375.911029233,15265,0.111916148051098,0.409511955453655,20.1524271208645,0,15165,100.659413122321,TRUE,FALSE,TRUE,"n_users >= 85.0% de la mediana movil previa de 29 dias"
2021-04-01,98073.7920204657,15272,0.264006024096385,0,18.417960974332,1,15172,100.659108884788,TRUE,FALSE,TRUE,"n_users >= 85.0% de la mediana movil previa de 29 dias"
2021-04-02,97331.8260360208,15272,0.269925353588262,0,14.7872249869039,1,15177,100.625947156882,TRUE,FALSE,TRUE,"n_users >= 85.0% de la mediana movil previa de 29 dias"
2021-04-03,101610.481016231,15272,4.23088658983762,0,10.7691134101625,0,15188,100.553068211746,TRUE,FALSE,TRUE,"n_users >= 85.0% de la mediana movil previa de 29 dias"
2021-04-04,101147.682023598,15271,5.71818479470898,0,9.28181520529107,0,15190,100.533245556287,TRUE,FALSE,TRUE,"n_users >= 85.0% de la mediana movil previa de 29 dias"
2021-04-05,103434.961016897,15272,5.23642613933995,0,9.76357386066008,1,15190,100.53982883476,TRUE,FALSE,TRUE,"n_users >= 85.0% de la mediana movil previa de 29 dias"
2021-04-06,117235.104028899,15280,6.52472513089007,0,8.47527486910997,0,15192,100.57925223802,TRUE,FALSE,TRUE,"n_users >= 85.0% de la mediana movil previa de 29 dias"
2021-04-07,115583.028534752,15287,7.51184666710285,0,7.48815333289715,0,15193,100.618705983019,TRUE,FALSE,TRUE,"n_users >= 85.0% de la mediana movil previa de 29 dias"
2021-04-08,111908.553013585,15292,2.9367120062778,0,12.0632879937223,0,15204,100.578795053933,TRUE,FALSE,TRUE,"n_users >= 85.0% de la mediana movil previa de 29 dias"
2021-04-09,110752.55152616,15296,2.02987709205021,0,13.0276673640168,0,15215,100.53236937233,TRUE,FALSE,TRUE,"n_users >= 85.0% de la mediana movil previa de 29 dias"
2021-04-10,108618.246525347,15295,0.707178816606735,0,15.1116247139589,0,15223,100.472968534454,TRUE,FALSE,TRUE,"n_users >= 85.0% de la mediana movil previa de 29 dias"
2021-04-11,118163.172017665,15295,6.64610657077477,0,8.35389342922523,0,15236,100.387240745603,TRUE,FALSE,TRUE,"n_users >= 85.0% de la mediana movil previa de 29 dias"
2021-04-12,119289.953034177,15302,7.08098287805521,0,7.91901712194479,0,15239,100.413412953606,TRUE,FALSE,TRUE,"n_users >= 85.0% de la mediana movil previa de 29 dias"
2021-04-13,120067.965001751,15310,6.34928804702808,0,8.65071195297192,0,15251,100.386859878041,TRUE,FALSE,TRUE,"n_users >= 85.0% de la mediana movil previa de 29 dias"
2021-04-14,117343.693052891,15310,4.94140431090791,0,10.058595689092,0,15257,100.34738152979,TRUE,FALSE,TRUE,"n_users >= 85.0% de la mediana movil previa de 29 dias"
2021-04-15,117637.665021309,15311,6.66588727058973,0,8.33411272941025,0,15265,100.301342941369,TRUE,FALSE,TRUE,"n_users >= 85.0% de la mediana movil previa de 29 dias"
2021-04-16,117396.298527961,15315,8.08692784851463,0,6.91307215148538,0,15271,100.28812782398,TRUE,FALSE,TRUE,"n_users >= 85.0% de la mediana movil previa de 29 dias"
2021-04-17,119351.277039017,15321,7.80303504993146,0,7.19696495006854,0,15272,100.320848611839,TRUE,FALSE,TRUE,"n_users >= 85.0% de la mediana movil previa de 29 dias"
2021-04-18,114502.962027008,15322,4.89287299308182,0,10.1071270069181,0,15272,100.327396542693,TRUE,FALSE,TRUE,"n_users >= 85.0% de la mediana movil previa de 29 dias"
2021-04-19,118115.405033936,15324,4.36921169407464,0,10.6307883059254,0,15272,100.3404924044,TRUE,FALSE,TRUE,"n_users >= 85.0% de la mediana movil previa de 29 dias"
2021-04-20,116122.066043231,15347,2.60979996090444,0,12.3902000390957,0,15272,100.491094814039,TRUE,FALSE,TRUE,"n_users >= 85.0% de la mediana movil previa de 29 dias"
2021-04-21,113225.977027006,15357,2.58700918148076,0,12.4129908185193,0,15280,100.503926701571,TRUE,FALSE,TRUE,"n_users >= 85.0% de la mediana movil previa de 29 dias"
2021-04-22,111017.550019262,15366,0.677743069113628,0,15.5387478849406,0,15287,100.516778962517,TRUE,FALSE,TRUE,"n_users >= 85.0% de la mediana movil previa de 29 dias"
2021-04-23,105475.190529938,15376,0.45825962539022,0,17.2527185223726,0,15292,100.549306827099,TRUE,FALSE,TRUE,"n_users >= 85.0% de la mediana movil previa de 29 dias"
2021-04-24,103038.561012323,15374,0.115454663717965,0,18.9009301417977,0,15295,100.516508662962,TRUE,FALSE,TRUE,"n_users >= 85.0% de la mediana movil previa de 29 dias"
2021-04-25,107472.943029296,15374,0.545804605177572,0,16.6024717054768,0,15295,100.516508662962,TRUE,FALSE,TRUE,"n_users >= 85.0% de la mediana movil previa de 29 dias"
2021-04-26,111103.73803833,15383,0.78824676591043,0,14.2117532340894,0,15296,100.568776150628,TRUE,FALSE,TRUE,"n_users >= 85.0% de la mediana movil previa de 29 dias"
2021-04-27,112805.853018858,15390,2.1921117608837,0,12.8652631578948,0,15302,100.575088223762,TRUE,FALSE,TRUE,"n_users >= 85.0% de la mediana movil previa de 29 dias"
2021-04-28,113491.750016642,15402,2.96934164394232,0,12.0306583560575,0,15310,100.60091443501,TRUE,FALSE,TRUE,"n_users >= 85.0% de la mediana movil previa de 29 dias"
2021-04-29,116811.861520165,15404,5.27024149571545,0,9.72975850428452,0,15310,100.613977792293,TRUE,FALSE,TRUE,"n_users >= 85.0% de la mediana movil previa de 29 dias"
2021-04-30,116053.920539101,15436,5.36909821197198,0,9.63090178802803,0,15311,100.816406505127,TRUE,FALSE,TRUE,"n_users >= 85.0% de la mediana movil previa de 29 dias"
2021-05-01,114054.401524179,15445,4.79395273551309,0,10.2060472644869,1,15315,100.84884100555,TRUE,FALSE,TRUE,"n_users >= 85.0% de la mediana movil previa de 29 dias"
2021-05-02,111387.615533015,15445,5.11154418905793,0,9.88845581094215,1,15321,100.809346648391,TRUE,FALSE,TRUE,"n_users >= 85.0% de la mediana movil previa de 29 dias"
2021-05-03,114019.425518685,15456,3.88263457556933,0,11.1173654244306,0,15322,100.87455945699,TRUE,FALSE,TRUE,"n_users >= 85.0% de la mediana movil previa de 29 dias"
2021-05-04,110384.002534484,15469,2.14542633654406,0,12.8545736634561,0,15324,100.946228138867,TRUE,FALSE,TRUE,"n_users >= 85.0% de la mediana movil previa de 29 dias"
2021-05-05,111053.759545215,15473,0.971796031797324,0,14.3521359788018,0,15347,100.821007363003,TRUE,FALSE,TRUE,"n_users >= 85.0% de la mediana movil previa de 29 dias"
2021-05-06,107380.605543694,15481,0.320812609004586,0,14.9865964730961,0,15357,100.807449371622,TRUE,FALSE,TRUE,"n_users >= 85.0% de la mediana movil previa de 29 dias"
2021-05-07,103517.04053884,15481,0,0,16.4216394289774,0,15366,100.748405570741,TRUE,FALSE,TRUE,"n_users >= 85.0% de la mediana movil previa de 29 dias"
2021-05-08,98635.4325229772,15480,0,0,20.732034883721,0,15374,100.689475738259,TRUE,FALSE,TRUE,"n_users >= 85.0% de la mediana movil previa de 29 dias"
2021-05-09,105202.628525974,15480,0,0,16.1693863049096,0,15374,100.689475738259,TRUE,FALSE,TRUE,"n_users >= 85.0% de la mediana movil previa de 29 dias"
2021-05-10,104937.241551852,15508,0.90166365746712,0,14.1843629094659,0,15376,100.85848074922,TRUE,FALSE,TRUE,"n_users >= 85.0% de la mediana movil previa de 29 dias"
2021-05-11,105189.679037383,15505,3.32815220896487,0,11.6718477910352,0,15383,100.793083273744,TRUE,FALSE,TRUE,"n_users >= 85.0% de la mediana movil previa de 29 dias"
2021-05-12,107784.268048927,15528,0.605448222565692,0,14.4317490984027,0,15390,100.896686159844,TRUE,FALSE,TRUE,"n_users >= 85.0% de la mediana movil previa de 29 dias"
2021-05-13,108726.399016037,15533,2.50022532672375,0,12.4997746732763,0,15402,100.850538891053,TRUE,FALSE,TRUE,"n_users >= 85.0% de la mediana movil previa de 29 dias"
2021-05-14,104628.474523129,15549,2.76094282590522,0,12.3183227217186,0,15404,100.94131394443,TRUE,FALSE,TRUE,"n_users >= 85.0% de la mediana movil previa de 29 dias"
2021-05-15,100231.098029396,15517,0.348340529741576,0,15.0334665205904,1,15436,100.524747343871,TRUE,FALSE,TRUE,"n_users >= 85.0% de la mediana movil previa de 29 dias"
2021-05-16,105968.88552278,15517,1.05386350454341,0,14.1984404201841,0,15445,100.466170281645,TRUE,FALSE,TRUE,"n_users >= 85.0% de la mediana movil previa de 29 dias"
2021-05-17,105358.374021684,15528,2.4393740340031,0,12.7751030396703,0,15445,100.53739074134,TRUE,FALSE,TRUE,"n_users >= 85.0% de la mediana movil previa de 29 dias"
2021-05-18,107684.712531103,15538,0.644175569571369,0,14.8090616552968,0,15456,100.530538302277,TRUE,FALSE,TRUE,"n_users >= 85.0% de la mediana movil previa de 29 dias"
2021-05-19,105639.65053273,15540,2.22711711711712,0,12.940604890605,0,15469,100.458982481091,TRUE,FALSE,TRUE,"n_users >= 85.0% de la mediana movil previa de 29 dias"
2021-05-20,101158.009023109,15543,0.415145081387117,0,15.0658946149393,0,15473,100.452400956505,TRUE,FALSE,TRUE,"n_users >= 85.0% de la mediana movil previa de 29 dias"
2021-05-21,103701.010014772,15555,2.5897974927676,0,12.6991771134684,0,15480,100.484496124031,TRUE,FALSE,TRUE,"n_users >= 85.0% de la mediana movil previa de 29 dias"
2021-05-22,102217.226021126,15575,4.02516211878009,0,11.1519678972713,0,15480,100.613695090439,TRUE,FALSE,TRUE,"n_users >= 85.0% de la mediana movil previa de 29 dias"
2021-05-23,98866.3270134797,15576,2.80825629173088,0,12.1917437082692,0,15481,100.613655448614,TRUE,FALSE,TRUE,"n_users >= 85.0% de la mediana movil previa de 29 dias"
2021-05-24,109860.644009856,15587,2.66916019760057,0,12.3308398023995,0,15481,100.684710290033,TRUE,FALSE,TRUE,"n_users >= 85.0% de la mediana movil previa de 29 dias"
2021-05-25,106379.258508759,15592,2.73401103129814,0,12.4338442791177,0,15505,100.561109319574,TRUE,FALSE,TRUE,"n_users >= 85.0% de la mediana movil previa de 29 dias"
2021-05-26,104676.461539736,15595,2.57608207758895,0,12.6573260660467,0,15508,100.561000773794,TRUE,FALSE,TRUE,"n_users >= 85.0% de la mediana movil previa de 29 dias"
2021-05-27,101804.400024883,15600,0.649948717948723,0,15.509051282051,0,15517,100.534897209512,TRUE,FALSE,TRUE,"n_users >= 85.0% de la mediana movil previa de 29 dias"
2021-05-28,99255.0680552509,15600,0,0,17.9530897435898,0,15517,100.534897209512,TRUE,FALSE,TRUE,"n_users >= 85.0% de la mediana movil previa de 29 dias"
2021-05-29,95757.5345493561,15600,0,0,17.4212884615382,0,15528,100.463678516229,TRUE,FALSE,TRUE,"n_users >= 85.0% de la mediana movil previa de 29 dias"
2021-05-30,95327.3720259037,15600,0,0.121666666666667,17.8524487179487,0,15528,100.463678516229,TRUE,FALSE,TRUE,"n_users >= 85.0% de la mediana movil previa de 29 dias"
2021-05-31,100442.026532047,15600,0,0.159948717948718,20.7962435897438,0,15533,100.43133972832,TRUE,FALSE,TRUE,"n_users >= 85.0% de la mediana movil previa de 29 dias"
2021-06-01,103359.503540365,15648,0,0,18.456262781186,0,15538,100.707941820054,TRUE,FALSE,TRUE,"n_users >= 85.0% de la mediana movil previa de 29 dias"
2021-06-02,100847.592031999,15666,0,0,18.3763053746968,0,15540,100.810810810811,TRUE,FALSE,TRUE,"n_users >= 85.0% de la mediana movil previa de 29 dias"
2021-06-03,105302.515032175,15682,0.559482208901926,0.0279683713812014,15.4773498278279,0,15543,100.894293250981,TRUE,FALSE,TRUE,"n_users >= 85.0% de la mediana movil previa de 29 dias"
2021-06-04,101417.325542402,15700,1.99684076433121,0.0279363057324841,13.3570191082802,0,15549,100.971123544923,TRUE,FALSE,TRUE,"n_users >= 85.0% de la mediana movil previa de 29 dias"
2021-06-05,98555.7025269935,15710,0.303450031826862,0,15.1617313812857,0,15555,100.996464159434,TRUE,FALSE,TRUE,"n_users >= 85.0% de la mediana movil previa de 29 dias"
2021-06-06,97152.0715244041,15708,0,0,16.3017316017316,0,15575,100.85393258427,TRUE,FALSE,TRUE,"n_users >= 85.0% de la mediana movil previa de 29 dias"
2021-06-07,97604.5725451887,15716,0,0.0743191651819802,17.0104479511324,0,15576,100.898818695429,TRUE,FALSE,TRUE,"n_users >= 85.0% de la mediana movil previa de 29 dias"
2021-06-08,99102.6705263044,15749,0,0.111702330306686,18.000647660169,0,15587,101.039327644832,TRUE,FALSE,TRUE,"n_users >= 85.0% de la mediana movil previa de 29 dias"
2021-06-09,100427.218061589,15756,0,0.125780654988576,17.855610561056,0,15592,101.051821446896,TRUE,FALSE,TRUE,"n_users >= 85.0% de la mediana movil previa de 29 dias"
2021-06-10,99146.9330387046,15772,0,0.205046918589906,18.4516484909967,0,15595,101.134979159987,TRUE,FALSE,TRUE,"n_users >= 85.0% de la mediana movil previa de 29 dias"
2021-06-11,96565.6815475316,15784,0,0.204891028890015,17.9722250380132,0,15600,101.179487179487,TRUE,FALSE,TRUE,"n_users >= 85.0% de la mediana movil previa de 29 dias"
2021-06-12,94498.6110387334,15811,0,0.0744797925494909,19.8380431345266,0,15600,101.352564102564,TRUE,FALSE,TRUE,"n_users >= 85.0% de la mediana movil previa de 29 dias"
2021-06-13,95586.1990405298,15810,0,1.21116382036685,23.2111638203667,0,15600,101.346153846154,TRUE,FALSE,TRUE,"n_users >= 85.0% de la mediana movil previa de 29 dias"
2021-06-14,101322.199025823,15825,0,1.10384834123223,22.7784897314379,0,15600,101.442307692308,TRUE,FALSE,TRUE,"n_users >= 85.0% de la mediana movil previa de 29 dias"
2021-06-15,101550.805052951,15835,0,0.960606251973475,22.0380802020842,0,15600,101.50641025641,TRUE,FALSE,TRUE,"n_users >= 85.0% de la mediana movil previa de 29 dias"
2021-06-16,103985.036557385,15835,0,1.91628039153773,23.9162803915377,0,15648,101.195040899796,TRUE,FALSE,TRUE,"n_users >= 85.0% de la mediana movil previa de 29 dias"
2021-06-17,103381.508015178,15851,0,0,17.6865182007444,0,15666,101.18090131495,TRUE,FALSE,TRUE,"n_users >= 85.0% de la mediana movil previa de 29 dias"
2021-06-18,97543.3475266356,15866,0,0,19.4517584772469,0,15682,101.173319729626,TRUE,FALSE,TRUE,"n_users >= 85.0% de la mediana movil previa de 29 dias"
2021-06-19,97527.0785313958,15864,0,0,20.4616427130609,0,15700,101.044585987261,TRUE,FALSE,TRUE,"n_users >= 85.0% de la mediana movil previa de 29 dias"
2021-06-20,96079.5745424383,15865,0,0,19.7646265364011,0,15708,100.999490705373,TRUE,FALSE,TRUE,"n_users >= 85.0% de la mediana movil previa de 29 dias"
2021-06-21,98315.3805322412,15874,0,0,17.6202028474234,0,15710,101.043921069383,TRUE,FALSE,TRUE,"n_users >= 85.0% de la mediana movil previa de 29 dias"
2021-06-22,99948.1680323631,15876,0.0118795666414714,0,16.0907848324516,0,15716,101.018070755918,TRUE,FALSE,TRUE,"n_users >= 85.0% de la mediana movil previa de 29 dias"
2021-06-23,100857.143527613,15877,0.810159350003155,0,14.5385022359388,0,15749,100.812750015874,TRUE,FALSE,TRUE,"n_users >= 85.0% de la mediana movil previa de 29 dias"
2021-06-24,96800.9610380526,15900,0.0237232704402515,0,16.1676855345913,0,15756,100.913937547601,TRUE,FALSE,TRUE,"n_users >= 85.0% de la mediana movil previa de 29 dias"
2021-06-25,92791.0120169455,15910,0,0.0566436203645506,17.1183029541171,0,15772,100.87496829825,TRUE,FALSE,TRUE,"n_users >= 85.0% de la mediana movil previa de 29 dias"
2021-06-26,92009.0300485071,15922,0,0.160306494159025,18.9801720889335,0,15784,100.874303091738,TRUE,FALSE,TRUE,"n_users >= 85.0% de la mediana movil previa de 29 dias"
2021-06-27,97867.2135257199,15922,0.693857555583465,0.141502323828665,15.0037181258638,0,15810,100.708412397217,TRUE,FALSE,TRUE,"n_users >= 85.0% de la mediana movil previa de 29 dias"
2021-06-28,99055.3145433519,15940,0.165821831869511,0,15.4365934755333,0,15811,100.815887673139,TRUE,FALSE,TRUE,"n_users >= 85.0% de la mediana movil previa de 29 dias"
2021-06-29,97989.4905344428,15955,0,0,16.7782199937322,0,15825,100.821484992101,TRUE,FALSE,TRUE,"n_users >= 85.0% de la mediana movil previa de 29 dias"
2021-06-30,96417.0135321514,15978,0,0.113556139692077,18.259882338215,0,15835,100.903062835491,TRUE,FALSE,TRUE,"n_users >= 85.0% de la mediana movil previa de 29 dias"
2021-07-01,98045.4300239495,15995,0,0.198211941231635,19.2350359487339,0,15835,101.010419955794,TRUE,FALSE,TRUE,"n_users >= 85.0% de la mediana movil previa de 29 dias"
2021-07-02,94395.1525325897,16000,0,0.824406249999994,21.5202062499999,0,15851,100.94000378525,TRUE,FALSE,TRUE,"n_users >= 85.0% de la mediana movil previa de 29 dias"
2021-07-03,92746.0020330567,15998,0,0.372821602700337,20.8398237279662,0,15864,100.844679778114,TRUE,FALSE,TRUE,"n_users >= 85.0% de la mediana movil previa de 29 dias"
2021-07-04,93148.1080398604,15998,0,0.274459307413427,21.259657457182,0,15865,100.838323353293,TRUE,FALSE,TRUE,"n_users >= 85.0% de la mediana movil previa de 29 dias"
2021-07-05,95552.3025286229,15999,0,1.71700731295707,23.7170073129572,0,15866,100.838270515568,TRUE,FALSE,TRUE,"n_users >= 85.0% de la mediana movil previa de 29 dias"
2021-07-06,99163.0315230985,16015,0,0,17.1261130190447,0,15874,100.888244928814,TRUE,FALSE,TRUE,"n_users >= 85.0% de la mediana movil previa de 29 dias"
2021-07-07,97089.5740465042,16028,0,0,16.6480908410283,0,15876,100.957420005039,TRUE,FALSE,TRUE,"n_users >= 85.0% de la mediana movil previa de 29 dias"
2021-07-08,95532.7230402748,16036,0.0354514841606386,0.0189074582190072,16.6775505113495,0,15877,101.001448636392,TRUE,FALSE,TRUE,"n_users >= 85.0% de la mediana movil previa de 29 dias"
2021-07-09,91684.0515431875,16041,0,0.113409388442117,17.3392743594538,0,15900,100.88679245283,TRUE,FALSE,TRUE,"n_users >= 85.0% de la mediana movil previa de 29 dias"
2021-07-10,90042.1865223241,16042,0,0.250760503677846,19.3655342226654,0,15910,100.829666876179,TRUE,FALSE,TRUE,"n_users >= 85.0% de la mediana movil previa de 29 dias"
2021-07-11,92504.4100426789,16044,0,0.618605086013463,20.6488157566692,0,15922,100.766235397563,TRUE,FALSE,TRUE,"n_users >= 85.0% de la mediana movil previa de 29 dias"
2021-07-12,97578.4145364771,16054,0,0.0425501432664756,16.4749532826712,0,15922,100.829041577691,TRUE,FALSE,TRUE,"n_users >= 85.0% de la mediana movil previa de 29 dias"
2021-07-13,97876.5295348226,16067,0,0,16.0099894193066,0,15940,100.796737766625,TRUE,FALSE,TRUE,"n_users >= 85.0% de la mediana movil previa de 29 dias"
2021-07-14,96848.5405337097,16070,0,0,16.5700248911016,0,15955,100.720777185835,TRUE,FALSE,TRUE,"n_users >= 85.0% de la mediana movil previa de 29 dias"
2021-07-15,94944.6465400252,16076,0,0.056879820850958,17.6229161482955,0,15978,100.613343347102,TRUE,FALSE,TRUE,"n_users >= 85.0% de la mediana movil previa de 29 dias"
2021-07-16,92681.4715468159,16082,0,0.189528665588857,18.7322596691955,0,15995,100.543919974992,TRUE,FALSE,TRUE,"n_users >= 85.0% de la mediana movil previa de 29 dias"
2021-07-17,90215.724047563,16084,0,0.279520019895548,20.1553966674959,0,15998,100.537567195899,TRUE,FALSE,TRUE,"n_users >= 85.0% de la mediana movil previa de 29 dias"
2021-07-18,91322.1880364321,16084,0,0.350161651330514,20.6323675702561,0,15998,100.537567195899,TRUE,FALSE,TRUE,"n_users >= 85.0% de la mediana movil previa de 29 dias"
2021-07-19,95079.4105312279,16094,0,0.561439045607058,21.907673667205,0,15999,100.593787111694,TRUE,FALSE,TRUE,"n_users >= 85.0% de la mediana movil previa de 29 dias"
2021-07-20,96117.6730389007,16105,0,0.744613474076376,21.7747718099966,0,16000,100.65625,TRUE,FALSE,TRUE,"n_users >= 85.0% de la mediana movil previa de 29 dias"
2021-07-21,97989.2695494735,16115,0,1.41107663667391,22.3101334160719,0,16015,100.624414611302,TRUE,FALSE,TRUE,"n_users >= 85.0% de la mediana movil previa de 29 dias"
2021-07-22,98173.1795348991,16123,0,1.85134280220802,22.6935495875455,0,16028,100.592712752683,TRUE,FALSE,TRUE,"n_users >= 85.0% de la mediana movil previa de 29 dias"
2021-07-23,96746.8675322455,16138,0,1.1031044739125,20.7873280456065,0,16036,100.636068845099,TRUE,FALSE,TRUE,"n_users >= 85.0% de la mediana movil previa de 29 dias"
2021-07-24,91431.9025391774,16136,0,0.0853371343579573,19.233558502727,0,16041,100.592232404464,TRUE,FALSE,TRUE,"n_users >= 85.0% de la mediana movil previa de 29 dias"
2021-07-25,92387.2605417067,16136,0,0.0474095190877541,19.5871033713436,1,16042,100.585961850143,TRUE,FALSE,TRUE,"n_users >= 85.0% de la mediana movil previa de 29 dias"
2021-07-26,93997.5245409587,16148,0,0.0569977706217489,19.1495045826108,0,16044,100.648217402144,TRUE,FALSE,TRUE,"n_users >= 85.0% de la mediana movil previa de 29 dias"
2021-07-27,94734.003523154,16159,0,0.170876910699919,18.4258679373724,0,16054,100.654042606204,TRUE,FALSE,TRUE,"n_users >= 85.0% de la mediana movil previa de 29 dias"
2021-07-28,95664.1855271149,16172,0,0.219020529309918,18.8778135048231,0,16067,100.653513412585,TRUE,FALSE,TRUE,"n_users >= 85.0% de la mediana movil previa de 29 dias"
2021-07-29,95738.4090406258,16187,0,0.321439178808001,19.4205866428223,0,16070,100.728064716864,TRUE,FALSE,TRUE,"n_users >= 85.0% de la mediana movil previa de 29 dias"
2021-07-30,93684.0770359316,16198,0,0.26179157920731,20.1478886282257,0,16076,100.758895247574,TRUE,FALSE,TRUE,"n_users >= 85.0% de la mediana movil previa de 29 dias"
2021-07-31,95242.3780488867,16272,0.188593903638151,0,15.6266961651919,0,16082,101.181445093894,TRUE,FALSE,TRUE,"n_users >= 85.0% de la mediana movil previa de 29 dias"
2021-08-01,90700.0055275323,16274,0,0,16.7923989185202,0,16084,101.181298184531,TRUE,FALSE,TRUE,"n_users >= 85.0% de la mediana movil previa de 29 dias"
2021-08-02,91176.7510531747,16279,0,0,17.4213649487069,0,16084,101.212384978861,TRUE,FALSE,TRUE,"n_users >= 85.0% de la mediana movil previa de 29 dias"
2021-08-03,92027.137038065,16284,0,0.0994288872512895,18.9420719724882,0,16094,101.180564185411,TRUE,FALSE,TRUE,"n_users >= 85.0% de la mediana movil previa de 29 dias"
2021-08-04,93539.1715296977,16291,0,0.198772328279418,19.547860782027,0,16105,101.15492083204,TRUE,FALSE,TRUE,"n_users >= 85.0% de la mediana movil previa de 29 dias"
2021-08-05,91253.1535419183,16295,0,0.297845965019948,22.0929671678427,0,16115,101.116971765436,TRUE,FALSE,TRUE,"n_users >= 85.0% de la mediana movil previa de 29 dias"
2021-08-06,91599.0050403387,16303,0,0.14679506839232,19.0323069373734,0,16123,101.11641754016,TRUE,FALSE,TRUE,"n_users >= 85.0% de la mediana movil previa de 29 dias"
2021-08-07,90082.8465353213,16302,0,0.108778064041222,17.9190283400809,0,16136,101.02875557759,TRUE,FALSE,TRUE,"n_users >= 85.0% de la mediana movil previa de 29 dias"
2021-08-08,87199.2030444128,16302,0,0.0141884431358116,18.4547785547782,0,16136,101.02875557759,TRUE,FALSE,TRUE,"n_users >= 85.0% de la mediana movil previa de 29 dias"
2021-08-09,88261.9750429315,16304,0,0.348920510304221,20.4120215897935,0,16138,101.028628082786,TRUE,FALSE,TRUE,"n_users >= 85.0% de la mediana movil previa de 29 dias"
2021-08-10,89800.8125369916,16310,0,0.789012875536483,21.115131820969,0,16148,101.003220213029,TRUE,FALSE,TRUE,"n_users >= 85.0% de la mediana movil previa de 29 dias"
2021-08-11,90286.6045428293,16315,0,1.2877719889672,22.5500091939934,0,16159,100.965406275141,TRUE,FALSE,TRUE,"n_users >= 85.0% de la mediana movil previa de 29 dias"
2021-08-12,91383.7725481765,16333,0,1.4764525806649,22.2295597869343,0,16172,100.9955478605,TRUE,FALSE,TRUE,"n_users >= 85.0% de la mediana movil previa de 29 dias"
2021-08-13,90551.2580510176,16342,0,1.33412678986661,22.3088544853752,0,16187,100.957558534627,TRUE,FALSE,TRUE,"n_users >= 85.0% de la mediana movil previa de 29 dias"
2021-08-14,91059.5620328011,16342,0,2.23486721331538,23.742809937584,0,16198,100.888998641808,TRUE,FALSE,TRUE,"n_users >= 85.0% de la mediana movil previa de 29 dias"
2021-08-15,91803.424034684,16342,0,0.416252600660874,20.1115346958755,0,16272,100.430186823992,TRUE,FALSE,TRUE,"n_users >= 85.0% de la mediana movil previa de 29 dias"
2021-08-16,91293.8080461298,16352,0,0.245499021526419,19.2611240215265,1,16274,100.479292122404,TRUE,FALSE,TRUE,"n_users >= 85.0% de la mediana movil previa de 29 dias"
2021-08-17,90567.2590291291,16362,0,0.141914191419142,18.5449211587826,0,16279,100.509859327969,TRUE,FALSE,TRUE,"n_users >= 85.0% de la mediana movil previa de 29 dias"
2021-08-18,90433.5295463305,16380,0,0.161074481074481,17.6828327228327,0,16284,100.589535740604,TRUE,FALSE,TRUE,"n_users >= 85.0% de la mediana movil previa de 29 dias"
2021-08-19,90446.50553179,16389,0,0.189395326133382,17.7016291414973,0,16291,100.601559143085,TRUE,FALSE,TRUE,"n_users >= 85.0% de la mediana movil previa de 29 dias"
2021-08-20,88524.1820415837,16397,0,0.510843446972006,21.5202354089163,0,16295,100.625958883093,TRUE,FALSE,TRUE,"n_users >= 85.0% de la mediana movil previa de 29 dias"
2021-08-21,89514.2670394483,16399,0,0.577126654064271,21.4648637112017,0,16302,100.595019016072,TRUE,FALSE,TRUE,"n_users >= 85.0% de la mediana movil previa de 29 dias"
2021-08-22,91375.6700343841,16401,0,0.203975367355649,19.8346198402534,0,16302,100.607287449393,TRUE,FALSE,TRUE,"n_users >= 85.0% de la mediana movil previa de 29 dias"
2021-08-23,93548.0985349306,16404,0,0.375158497927334,19.9882833455257,0,16303,100.619517880145,TRUE,FALSE,TRUE,"n_users >= 85.0% de la mediana movil previa de 29 dias"
2021-08-24,92989.5060128076,16411,0,0.18987264639571,19.6962890744011,0,16304,100.656280667321,TRUE,FALSE,TRUE,"n_users >= 85.0% de la mediana movil previa de 29 dias"
2021-08-25,93214.0620335554,16413,0,0.185103271796747,20.2964662158043,0,16310,100.631514408338,TRUE,FALSE,TRUE,"n_users >= 85.0% de la mediana movil previa de 29 dias"
2021-08-26,92963.5365402254,16421,0,0.367431946897265,21.4106083673344,0,16315,100.64970885688,TRUE,FALSE,TRUE,"n_users >= 85.0% de la mediana movil previa de 29 dias"
2021-08-27,92621.1495364551,16427,0,0.219260972788701,20.3166798563341,0,16333,100.575521949428,TRUE,FALSE,TRUE,"n_users >= 85.0% de la mediana movil previa de 29 dias"
2021-08-28,92029.8075417719,16427,0,0.133463200827905,18.6701893224571,0,16342,100.520132174764,TRUE,FALSE,TRUE,"n_users >= 85.0% de la mediana movil previa de 29 dias"
2021-08-29,93872.5720509642,16426,0,0.104870327529526,18.1111956654086,0,16342,100.514012972708,TRUE,FALSE,TRUE,"n_users >= 85.0% de la mediana movil previa de 29 dias"
2021-08-30,97670.5355374845,16435,0,0.1335686035899,18.3485123212654,0,16342,100.569085791213,TRUE,FALSE,TRUE,"n_users >= 85.0% de la mediana movil previa de 29 dias"
2021-08-31,99681.495533595,16443,0,0.114431673052363,19.190512680168,0,16352,100.556506849315,TRUE,FALSE,TRUE,"n_users >= 85.0% de la mediana movil previa de 29 dias"
2021-09-01,104038.368046287,16467,0,0,20.0484241209693,0,16362,100.641730839751,TRUE,FALSE,TRUE,"n_users >= 85.0% de la mediana movil previa de 29 dias"
2021-09-02,104346.943521831,16472,0,0,20.0884774162217,0,16380,100.561660561661,TRUE,FALSE,TRUE,"n_users >= 85.0% de la mediana movil previa de 29 dias"
2021-09-03,100829.853041878,16485,0,0,19.9158265089475,0,16389,100.585758740619,TRUE,FALSE,TRUE,"n_users >= 85.0% de la mediana movil previa de 29 dias"
2021-09-04,97855.0565460412,16485,0,0.315232029117379,20.3704458598728,0,16397,100.536683539672,TRUE,FALSE,TRUE,"n_users >= 85.0% de la mediana movil previa de 29 dias"
2021-09-05,99628.8315403957,16485,0,2.36624203821659,24.3662420382166,0,16399,100.524422220867,TRUE,FALSE,TRUE,"n_users >= 85.0% de la mediana movil previa de 29 dias"
2021-09-06,105473.364038222,16488,0,4.97968219311014,26.9796821931101,0,16401,100.530455460033,TRUE,FALSE,TRUE,"n_users >= 85.0% de la mediana movil previa de 29 dias"
2021-09-07,109482.311030303,16499,0,3.75710043032913,25.7571004303291,0,16404,100.579127042185,TRUE,FALSE,TRUE,"n_users >= 85.0% de la mediana movil previa de 29 dias"
2021-09-08,107248.363532857,16508,0,1.29844923673369,22.8891325417977,0,16411,100.591066967278,TRUE,FALSE,TRUE,"n_users >= 85.0% de la mediana movil previa de 29 dias"
2021-09-09,106967.349542078,16512,0,0.0902919089147292,20.8850169573647,0,16413,100.603180405776,TRUE,FALSE,TRUE,"n_users >= 85.0% de la mediana movil previa de 29 dias"
2021-09-10,102879.353548714,16528,0,0.0286423039690223,19.363843175218,0,16421,100.651604652579,TRUE,FALSE,TRUE,"n_users >= 85.0% de la mediana movil previa de 29 dias"
2021-09-11,99942.6910340273,16528,0,0,19.3358543078416,0,16426,100.620966760015,TRUE,FALSE,TRUE,"n_users >= 85.0% de la mediana movil previa de 29 dias"
2021-09-12,101698.640534281,16528,0,0.643707647628265,21.9587971926429,0,16427,100.614841419614,TRUE,FALSE,TRUE,"n_users >= 85.0% de la mediana movil previa de 29 dias"
2021-09-13,106675.289551786,16541,0,2.03733147935435,23.9901275618164,0,16427,100.693979424119,TRUE,FALSE,TRUE,"n_users >= 85.0% de la mediana movil previa de 29 dias"
2021-09-14,107897.995034687,16550,0,0.74661027190333,22.3028217522662,0,16435,100.699726194098,TRUE,FALSE,TRUE,"n_users >= 85.0% de la mediana movil previa de 29 dias"
2021-09-15,107854.010532375,16563,0,0.0568496045402406,20.5608283523516,0,16443,100.729793833242,TRUE,FALSE,TRUE,"n_users >= 85.0% de la mediana movil previa de 29 dias"
2021-09-16,107044.469545763,16569,0,0,17.7672279558212,0,16467,100.619420659501,TRUE,FALSE,TRUE,"n_users >= 85.0% de la mediana movil previa de 29 dias"
2021-09-17,102154.527031448,16572,0,0,18.4022387159063,0,16472,100.607090820787,TRUE,FALSE,TRUE,"n_users >= 85.0% de la mediana movil previa de 29 dias"
2021-09-18,103861.911528256,16573,0.0707777710734327,0,16.5940022928861,0,16485,100.533818622991,TRUE,FALSE,TRUE,"n_users >= 85.0% de la mediana movil previa de 29 dias"
2021-09-19,104962.143035867,16573,0.0943703614312434,0,16.2582875761782,0,16485,100.533818622991,TRUE,FALSE,TRUE,"n_users >= 85.0% de la mediana movil previa de 29 dias"
2021-09-20,107158.209039691,16599,0.225242484487016,0,15.3262244713536,0,16485,100.691537761601,TRUE,FALSE,TRUE,"n_users >= 85.0% de la mediana movil previa de 29 dias"
2021-09-21,107569.443034925,16607,0.230216173902572,0,15.3076112482689,0,16488,100.721737020864,TRUE,FALSE,TRUE,"n_users >= 85.0% de la mediana movil previa de 29 dias"
2021-09-22,107379.056534125,16621,0,0,16.2981649720232,0,16499,100.739438753864,TRUE,FALSE,TRUE,"n_users >= 85.0% de la mediana movil previa de 29 dias"
2021-09-23,106216.753541855,16638,0,0,17.221102295949,0,16508,100.787496971165,TRUE,FALSE,TRUE,"n_users >= 85.0% de la mediana movil previa de 29 dias"
2021-09-24,103840.124517908,16653,0,0,18.8274064733081,0,16512,100.853924418605,TRUE,FALSE,TRUE,"n_users >= 85.0% de la mediana movil previa de 29 dias"
2021-09-25,103495.89455145,16652,0,0,20.856323564737,0,16528,100.750242013553,TRUE,FALSE,TRUE,"n_users >= 85.0% de la mediana movil previa de 29 dias"
2021-09-26,104596.432027351,16652,0,0,18.6562995435984,0,16528,100.750242013553,TRUE,FALSE,TRUE,"n_users >= 85.0% de la mediana movil previa de 29 dias"
2021-09-27,108400.747525386,16674,0,0,18.7336811802807,0,16528,100.88334946757,TRUE,FALSE,TRUE,"n_users >= 85.0% de la mediana movil previa de 29 dias"
2021-09-28,109215.595026598,16683,0,0,16.8604387700053,0,16541,100.858472885557,TRUE,FALSE,TRUE,"n_users >= 85.0% de la mediana movil previa de 29 dias"
2021-09-29,109479.393546703,16686,0.082392424787247,0,16.38284789644,0,16550,100.821752265861,TRUE,FALSE,TRUE,"n_users >= 85.0% de la mediana movil previa de 29 dias"
2021-09-30,106900.293017515,16693,0.457059845444202,0,15.2965135086564,0,16563,100.784881965827,TRUE,FALSE,TRUE,"n_users >= 85.0% de la mediana movil previa de 29 dias"
2021-10-01,104225.44001823,16696,0.082343076185913,0,15.8128174413032,0,16569,100.766491641016,TRUE,FALSE,TRUE,"n_users >= 85.0% de la mediana movil previa de 29 dias"
2021-10-02,104633.485041235,16699,0.0706030301215641,0,18.3979280196419,0,16572,100.766352884383,TRUE,FALSE,TRUE,"n_users >= 85.0% de la mediana movil previa de 29 dias"
2021-10-03,114322.860538936,16701,0.259912580085025,0,17.0014250643676,0,16573,100.772340553913,TRUE,FALSE,TRUE,"n_users >= 85.0% de la mediana movil previa de 29 dias"
2021-10-04,108153.673026007,16704,0.824293582375488,0,14.1757064176243,0,16573,100.790442285645,TRUE,FALSE,TRUE,"n_users >= 85.0% de la mediana movil previa de 29 dias"
2021-10-05,112883.521549358,16717,0.421367470239876,0,15.4023090267392,0,16599,100.710886197964,TRUE,FALSE,TRUE,"n_users >= 85.0% de la mediana movil previa de 29 dias"
2021-10-06,110889.530536539,16725,0.840239162929735,0,14.3227264573994,0,16607,100.710543746613,TRUE,FALSE,TRUE,"n_users >= 85.0% de la mediana movil previa de 29 dias"
2021-10-07,109802.729542274,16741,0.994289468968409,0,14.0924795412459,0,16621,100.721978220324,TRUE,FALSE,TRUE,"n_users >= 85.0% de la mediana movil previa de 29 dias"
2021-10-08,106252.093028184,16756,1.24539866316544,0,13.8703330150391,0,16638,100.709219858156,TRUE,FALSE,TRUE,"n_users >= 85.0% de la mediana movil previa de 29 dias"
2021-10-09,104490.220034894,16759,2.25118443821232,0,12.7970284623189,0,16652,100.642565457603,TRUE,FALSE,TRUE,"n_users >= 85.0% de la mediana movil previa de 29 dias"
2021-10-10,100709.0100316,16759,0.630795393519892,0,14.6076436541561,0,16652,100.642565457603,TRUE,FALSE,TRUE,"n_users >= 85.0% de la mediana movil previa de 29 dias"
2021-10-11,100523.469040426,16772,1.76696279513475,0,13.2813916050561,0,16653,100.714585960488,TRUE,FALSE,TRUE,"n_users >= 85.0% de la mediana movil previa de 29 dias"
2021-10-12,108054.970035481,16774,2.43279480147849,0,12.6349767497318,1,16674,100.599736116109,TRUE,FALSE,TRUE,"n_users >= 85.0% de la mediana movil previa de 29 dias"
2021-10-13,112627.313538207,16786,2.05231740736328,0,12.9863815083998,0,16683,100.617394952946,TRUE,FALSE,TRUE,"n_users >= 85.0% de la mediana movil previa de 29 dias"
2021-10-14,113165.039033608,16791,1.34224882377464,0,13.8281638973259,0,16686,100.629270046746,TRUE,FALSE,TRUE,"n_users >= 85.0% de la mediana movil previa de 29 dias"
2021-10-15,108990.73603665,16807,0.517326114119118,0,14.6950258820728,0,16693,100.682920984844,TRUE,FALSE,TRUE,"n_users >= 85.0% de la mediana movil previa de 29 dias"
2021-10-16,108699.207518536,16808,0.640201094716804,0,14.6438303188957,0,16696,100.67081935793,TRUE,FALSE,TRUE,"n_users >= 85.0% de la mediana movil previa de 29 dias"
2021-10-17,112287.865531388,16808,0.267158495954307,0,16.8019098048549,0,16699,100.652733696629,TRUE,FALSE,TRUE,"n_users >= 85.0% de la mediana movil previa de 29 dias"
2021-10-18,110754.8335152,16813,0.164206268958544,0,18.6098614167609,0,16701,100.670618525837,TRUE,FALSE,TRUE,"n_users >= 85.0% de la mediana movil previa de 29 dias"
2021-10-19,110439.839550248,16825,0,1.12294799405645,21.9353580980681,0,16704,100.724377394636,TRUE,FALSE,TRUE,"n_users >= 85.0% de la mediana movil previa de 29 dias"
2021-10-20,111370.924044469,16840,0,0.369156769596202,20.8284857482182,0,16717,100.735777950589,TRUE,FALSE,TRUE,"n_users >= 85.0% de la mediana movil previa de 29 dias"
2021-10-21,112384.823022878,16853,0.934955200854452,0,14.1135821515456,0,16725,100.765321375187,TRUE,FALSE,TRUE,"n_users >= 85.0% de la mediana movil previa de 29 dias"
2021-10-22,111457.300025379,16861,2.40442441136348,0,12.5955755886363,0,16741,100.71680305836,TRUE,FALSE,TRUE,"n_users >= 85.0% de la mediana movil previa de 29 dias"
2021-10-23,110178.304529018,16860,2.88893238434159,0,12.1110676156582,0,16756,100.620673191693,TRUE,FALSE,TRUE,"n_users >= 85.0% de la mediana movil previa de 29 dias"
2021-10-24,113204.832025487,16860,1.68985765124557,0,13.3101423487544,0,16759,100.602661256638,TRUE,FALSE,TRUE,"n_users >= 85.0% de la mediana movil previa de 29 dias"
2021-10-25,115680.033026324,16873,2.22473774669591,0,12.7752622533041,0,16759,100.680231517394,TRUE,FALSE,TRUE,"n_users >= 85.0% de la mediana movil previa de 29 dias"
2021-10-26,116432.262536593,16882,1.38146546617701,0,13.618534533823,0,16772,100.655854996423,TRUE,FALSE,TRUE,"n_users >= 85.0% de la mediana movil previa de 29 dias"
2021-10-27,117124.437522749,16892,1.83570921146106,0,13.1642907885388,0,16774,100.703469655419,TRUE,FALSE,TRUE,"n_users >= 85.0% de la mediana movil previa de 29 dias"
2021-10-28,114910.658027518,16890,1.06910597986975,0,15.2994671403196,0,16786,100.619563922316,TRUE,FALSE,TRUE,"n_users >= 85.0% de la mediana movil previa de 29 dias"
2021-10-29,115068.005538926,16910,0.507557658190421,0,15.830159668835,0,16791,100.708713001012,TRUE,FALSE,TRUE,"n_users >= 85.0% de la mediana movil previa de 29 dias"
2021-10-30,115405.78951532,16910,0.222808988764045,0,15.5225369603785,0,16807,100.612839888142,TRUE,FALSE,TRUE,"n_users >= 85.0% de la mediana movil previa de 29 dias"
2021-10-31,112350.90653331,16910,0.0726670609107037,0,17.0298048492017,0,16808,100.606853879105,TRUE,FALSE,TRUE,"n_users >= 85.0% de la mediana movil previa de 29 dias"
2021-11-01,116384.650536957,16908,2.23047078306129,0,12.7695292169389,1,16808,100.594954783436,TRUE,FALSE,TRUE,"n_users >= 85.0% de la mediana movil previa de 29 dias"
2021-11-02,120106.431021362,16910,1.75393849793023,0,13.2744707273803,0,16813,100.576934514959,TRUE,FALSE,TRUE,"n_users >= 85.0% de la mediana movil previa de 29 dias"
2021-11-03,127986.030029888,16907,5.94974271012004,0,9.05025728987995,0,16825,100.487369985141,TRUE,FALSE,TRUE,"n_users >= 85.0% de la mediana movil previa de 29 dias"
2021-11-04,131233.816023408,16927,6.11807171973775,0,8.88192828026225,0,16840,100.516627078385,TRUE,FALSE,TRUE,"n_users >= 85.0% de la mediana movil previa de 29 dias"
2021-11-05,130848.88302162,16938,5.62078757822654,0,9.37921242177342,0,16853,100.504361241322,TRUE,FALSE,TRUE,"n_users >= 85.0% de la mediana movil previa de 29 dias"
2021-11-06,131707.703048674,16952,6.91094856064182,0,8.0890514393582,0,16860,100.545670225386,TRUE,FALSE,TRUE,"n_users >= 85.0% de la mediana movil previa de 29 dias"
2021-11-07,140079.929516903,16954,6.02448389760539,0,8.97551610239474,0,16860,100.55753262159,TRUE,FALSE,TRUE,"n_users >= 85.0% de la mediana movil previa de 29 dias"
2021-11-08,133142.229534302,16954,3.32624159490385,0,11.6737584050961,0,16861,100.551568708855,TRUE,FALSE,TRUE,"n_users >= 85.0% de la mediana movil previa de 29 dias"
2021-11-09,133249.241530015,16961,5.99026000825431,0,9.0097399917457,1,16873,100.52154329402,TRUE,FALSE,TRUE,"n_users >= 85.0% de la mediana movil previa de 29 dias"
2021-11-10,135108.860513396,16976,6.5866988689914,0,8.41330113100856,0,16882,100.556806065632,TRUE,FALSE,TRUE,"n_users >= 85.0% de la mediana movil previa de 29 dias"
2021-11-11,134623.105506841,16984,4.91678049929351,0,10.0832195007065,0,16890,100.556542332741,TRUE,FALSE,TRUE,"n_users >= 85.0% de la mediana movil previa de 29 dias"
2021-11-12,129818.425531051,17004,3.2332215949189,0,11.7667784050814,0,16892,100.663035756571,TRUE,FALSE,TRUE,"n_users >= 85.0% de la mediana movil previa de 29 dias"
2021-11-13,130061.810528459,17018,2.31942648959925,0,12.6805735104008,0,16907,100.656532797066,TRUE,FALSE,TRUE,"n_users >= 85.0% de la mediana movil previa de 29 dias"
2021-11-14,134075.652026053,17022,4.02816355304896,0,10.9718364469509,0,16908,100.674237047551,TRUE,FALSE,TRUE,"n_users >= 85.0% de la mediana movil previa de 29 dias"
2021-11-15,135369.083030757,17021,3.9382916407877,0,11.0617083592126,0,16910,100.656416321703,TRUE,FALSE,TRUE,"n_users >= 85.0% de la mediana movil previa de 29 dias"
2021-11-16,138701.299521753,17024,5.7621828007518,0,9.23781719924812,0,16910,100.674157303371,TRUE,FALSE,TRUE,"n_users >= 85.0% de la mediana movil previa de 29 dias"
2021-11-17,140805.3905235,17039,6.52234872938554,0,8.4776512706145,0,16910,100.762862211709,TRUE,FALSE,TRUE,"n_users >= 85.0% de la mediana movil previa de 29 dias"
2021-11-18,138538.650505971,17052,5.9148604269294,0,9.08513957307061,0,16910,100.839739798936,TRUE,FALSE,TRUE,"n_users >= 85.0% de la mediana movil previa de 29 dias"
2021-11-19,135011.413998545,17062,5.28499003633809,0,9.71500996366185,0,16927,100.797542387901,TRUE,FALSE,TRUE,"n_users >= 85.0% de la mediana movil previa de 29 dias"
2021-11-20,132698.307021827,17070,3.26291739894547,0,11.7370826010543,0,16938,100.779312787814,TRUE,FALSE,TRUE,"n_users >= 85.0% de la mediana movil previa de 29 dias"
2021-11-21,141682.395015189,17071,5.3480756839084,0,9.65192431609147,0,16952,100.701982067013,TRUE,FALSE,TRUE,"n_users >= 85.0% de la mediana movil previa de 29 dias"
2021-11-22,143560.132535549,17071,6.96658660886886,0,8.03341339113115,0,16954,100.690102630648,TRUE,FALSE,TRUE,"n_users >= 85.0% de la mediana movil previa de 29 dias"
2021-11-23,149605.697531032,17067,8.39298646510811,0,6.60701353489195,0,16954,100.666509378318,TRUE,FALSE,TRUE,"n_users >= 85.0% de la mediana movil previa de 29 dias"
2021-11-24,146501.108038323,17084,7.04992390540856,0,7.95007609459144,0,16961,100.72519309003,TRUE,FALSE,TRUE,"n_users >= 85.0% de la mediana movil previa de 29 dias"
2021-11-25,152361.493030006,17095,7.54005264697282,0,7.45994735302718,0,16976,100.700989632422,TRUE,FALSE,TRUE,"n_users >= 85.0% de la mediana movil previa de 29 dias"
2021-11-26,147677.025011318,17099,7.77934382127608,0,7.22065617872391,0,16984,100.677107866227,TRUE,FALSE,TRUE,"n_users >= 85.0% de la mediana movil previa de 29 dias"
2021-11-27,155586.319525786,17110,8.88953243717136,0,6.11046756282868,0,17004,100.623382733474,TRUE,FALSE,TRUE,"n_users >= 85.0% de la mediana movil previa de 29 dias"
2021-11-28,160641.848055449,17113,9.50387424764814,0,5.49612575235193,0,17018,100.558232459748,TRUE,FALSE,TRUE,"n_users >= 85.0% de la mediana movil previa de 29 dias"
2021-11-29,154629.329531347,17114,7.5751665303261,0,7.4248334696739,0,17021,100.546383878738,TRUE,FALSE,TRUE,"n_users >= 85.0% de la mediana movil previa de 29 dias"
2021-11-30,148490.510573403,17125,5.76254014598536,0,9.23745985401462,0,17022,100.60509928328,TRUE,FALSE,TRUE,"n_users >= 85.0% de la mediana movil previa de 29 dias"
2021-12-01,154865.479519441,17138,7.00864745011092,0,7.99135254988909,0,17024,100.669642857143,TRUE,FALSE,TRUE,"n_users >= 85.0% de la mediana movil previa de 29 dias"
2021-12-02,154968.64652244,17137,7.91077784909837,0,7.0892221509016,0,17039,100.575151123892,TRUE,FALSE,TRUE,"n_users >= 85.0% de la mediana movil previa de 29 dias"
2021-12-03,148860.415517988,17157,6.32529579763365,0,8.67470420236639,1,17052,100.615763546798,TRUE,FALSE,TRUE,"n_users >= 85.0% de la mediana movil previa de 29 dias"
2021-12-04,145108.831539491,17165,5.63144771337028,0,9.36855228662981,0,17062,100.60368069394,TRUE,FALSE,TRUE,"n_users >= 85.0% de la mediana movil previa de 29 dias"
2021-12-05,144272.081532481,17164,7.69544395245853,0,7.30455604754147,0,17067,100.568348274448,TRUE,FALSE,TRUE,"n_users >= 85.0% de la mediana movil previa de 29 dias"
2021-12-06,141337.788552237,17164,5.38919832206943,0,9.61080167793057,1,17070,100.550673696544,TRUE,FALSE,TRUE,"n_users >= 85.0% de la mediana movil previa de 29 dias"
2021-12-07,140760.278504032,17164,4.03032509904449,0,10.9696749009555,0,17071,100.544783551051,TRUE,FALSE,TRUE,"n_users >= 85.0% de la mediana movil previa de 29 dias"
2021-12-08,153969.723051606,17168,9.09101817334578,0,5.9089818266542,1,17071,100.568215101634,TRUE,FALSE,TRUE,"n_users >= 85.0% de la mediana movil previa de 29 dias"
2021-12-09,159433.999994427,17168,6.80786346691528,0,8.19213653308473,0,17084,100.491688129244,TRUE,FALSE,TRUE,"n_users >= 85.0% de la mediana movil previa de 29 dias"
2021-12-10,150751.938003078,17180,4.30672875436558,0,10.6932712456345,0,17095,100.497221409769,TRUE,FALSE,TRUE,"n_users >= 85.0% de la mediana movil previa de 29 dias"
2021-12-11,148473.737023041,17187,4.6327805899808,0,10.3672194100192,0,17099,100.514649979531,TRUE,FALSE,TRUE,"n_users >= 85.0% de la mediana movil previa de 29 dias"
2021-12-12,141535.805556625,17186,4.76963225881536,0,10.2303677411847,0,17110,100.444184687317,TRUE,FALSE,TRUE,"n_users >= 85.0% de la mediana movil previa de 29 dias"
2021-12-13,144504.080559071,17185,4.4457841140529,0,10.5542158859469,0,17113,100.420732776252,TRUE,FALSE,TRUE,"n_users >= 85.0% de la mediana movil previa de 29 dias"
2021-12-14,149045.027034804,17193,7.70464142383528,0,7.29535857616471,0,17114,100.461610377469,TRUE,FALSE,TRUE,"n_users >= 85.0% de la mediana movil previa de 29 dias"
2021-12-15,153327.906015425,17202,9.25901058016506,0,5.74098941983493,0,17125,100.449635036496,TRUE,FALSE,TRUE,"n_users >= 85.0% de la mediana movil previa de 29 dias"
2021-12-16,154335.16201362,17209,8.403742227904,0,6.59625777209595,0,17137,100.420143549046,TRUE,FALSE,TRUE,"n_users >= 85.0% de la mediana movil previa de 29 dias"
2021-12-17,151282.557559752,17218,7.36465326983376,0,7.63534673016624,0,17138,100.466798926362,TRUE,FALSE,TRUE,"n_users >= 85.0% de la mediana movil previa de 29 dias"
2021-12-18,150730.241034122,17225,6.23417126269964,0,8.76582873730032,0,17157,100.396339686425,TRUE,FALSE,TRUE,"n_users >= 85.0% de la mediana movil previa de 29 dias"
2021-12-19,151983.422536168,17225,6.18674600870822,0,8.81325399129187,0,17164,100.355395012818,TRUE,FALSE,TRUE,"n_users >= 85.0% de la mediana movil previa de 29 dias"
2021-12-20,155595.632009359,17224,7.03906758012074,0,7.9609324198793,0,17164,100.349568865066,TRUE,FALSE,TRUE,"n_users >= 85.0% de la mediana movil previa de 29 dias"
2021-12-21,150726.355515543,17230,3.84630295995355,0,11.1536970400463,0,17164,100.384525751573,TRUE,FALSE,TRUE,"n_users >= 85.0% de la mediana movil previa de 29 dias"
2021-12-22,146654.236043211,17244,3.25547436789605,0,11.9427047088842,0,17165,100.460238858142,TRUE,FALSE,TRUE,"n_users >= 85.0% de la mediana movil previa de 29 dias"
2021-12-23,145205.256041747,17251,2.96787432612601,0,12.0321256738739,0,17168,100.483457595527,TRUE,FALSE,TRUE,"n_users >= 85.0% de la mediana movil previa de 29 dias"
2021-12-24,141835.092039152,17257,2.12462768731529,0,13.0169670278728,0,17168,100.518406337372,TRUE,FALSE,TRUE,"n_users >= 85.0% de la mediana movil previa de 29 dias"
2021-12-25,128966.186038123,17259,2.98021901616546,0,12.0197809838344,1,17180,100.45983701979,TRUE,FALSE,TRUE,"n_users >= 85.0% de la mediana movil previa de 29 dias"
2021-12-26,132346.299026163,17259,3.93099831971721,0,11.0690016802827,0,17185,100.430608088449,TRUE,FALSE,TRUE,"n_users >= 85.0% de la mediana movil previa de 29 dias"
2021-12-27,132128.460511785,17259,1.05329393359986,0,14.0599918882901,0,17186,100.42476434307,TRUE,FALSE,TRUE,"n_users >= 85.0% de la mediana movil previa de 29 dias"
2021-12-28,128961.07303263,17262,1.08003128258603,0,14.7271173676282,0,17187,100.436376330948,TRUE,FALSE,TRUE,"n_users >= 85.0% de la mediana movil previa de 29 dias"
2021-12-29,126952.403038242,17279,1.34938364488686,0,14.5711325886913,0,17193,100.500203571221,TRUE,FALSE,TRUE,"n_users >= 85.0% de la mediana movil previa de 29 dias"
2021-12-30,128508.521040974,17288,1.97851110596946,0,14.1939322073115,0,17202,100.499941867225,TRUE,FALSE,TRUE,"n_users >= 85.0% de la mediana movil previa de 29 dias"
2021-12-31,130617.832033588,17296,1.98211725254393,0,15.2889280758557,0,17209,100.505549421814,TRUE,FALSE,TRUE,"n_users >= 85.0% de la mediana movil previa de 29 dias"
2022-01-01,121990.4480219,17299,1.90070524307763,0,16.2910283831436,1,17218,100.470437913811,TRUE,FALSE,TRUE,"n_users >= 85.0% de la mediana movil previa de 29 dias"
2022-01-02,121634.534031525,17300,2.07369942196533,0,13.5606127167632,0,17224,100.441244774733,TRUE,FALSE,TRUE,"n_users >= 85.0% de la mediana movil previa de 29 dias"
2022-01-03,126360.548541112,17300,2.49705202312137,0,12.5440057803468,0,17225,100.435413642961,TRUE,FALSE,TRUE,"n_users >= 85.0% de la mediana movil previa de 29 dias"
2022-01-04,132090.079024011,17314,2.6014496938893,0,12.3985503061104,0,17225,100.516690856314,TRUE,FALSE,TRUE,"n_users >= 85.0% de la mediana movil previa de 29 dias"
2022-01-05,137979.87553021,17330,9.03399884593184,0,5.96600115406808,0,17230,100.580383052815,TRUE,FALSE,TRUE,"n_users >= 85.0% de la mediana movil previa de 29 dias"
2022-01-06,137330.282045265,17338,10.1161148921443,0,4.88388510785561,1,17244,100.545117142194,TRUE,FALSE,TRUE,"n_users >= 85.0% de la mediana movil previa de 29 dias"
2022-01-07,143599.402012697,17339,7.58946306015352,0,7.41053693984649,0,17251,100.510115355632,TRUE,FALSE,TRUE,"n_users >= 85.0% de la mediana movil previa de 29 dias"
2022-01-08,140543.597527658,17339,6.69531691562376,0,8.30468308437626,0,17257,100.475169496436,TRUE,FALSE,TRUE,"n_users >= 85.0% de la mediana movil previa de 29 dias"
2022-01-09,153646.141025982,17340,4.92455594002308,0,10.0754440599769,0,17259,100.469320354598,TRUE,FALSE,TRUE,"n_users >= 85.0% de la mediana movil previa de 29 dias"
2022-01-10,149622.783533372,17340,3.62025374855829,0,11.3797462514418,0,17259,100.469320354598,TRUE,FALSE,TRUE,"n_users >= 85.0% de la mediana movil previa de 29 dias"
2022-01-11,147393.729029885,17352,6.0533944213923,0,8.9466055786078,0,17259,100.538849296019,TRUE,FALSE,TRUE,"n_users >= 85.0% de la mediana movil previa de 29 dias"
2022-01-12,151854.495537416,17361,8.86309544381079,0,6.13690455618913,0,17262,100.573514077164,TRUE,FALSE,TRUE,"n_users >= 85.0% de la mediana movil previa de 29 dias"
2022-01-13,154740.627503969,17370,9.75608520437537,0,5.2439147956247,0,17279,100.52665084785,TRUE,FALSE,TRUE,"n_users >= 85.0% de la mediana movil previa de 29 dias"
2022-01-14,153132.506008877,17368,7.46555734684476,0,7.53444265315524,0,17288,100.462748727441,TRUE,FALSE,TRUE,"n_users >= 85.0% de la mediana movil previa de 29 dias"
2022-01-15,153251.684028864,17387,9.58594927244481,0,5.41405072755511,0,17296,100.526133209991,TRUE,FALSE,TRUE,"n_users >= 85.0% de la mediana movil previa de 29 dias"
2022-01-16,157493.893046718,17387,9.48519583596929,0,5.51480416403062,0,17299,100.508699924851,TRUE,FALSE,TRUE,"n_users >= 85.0% de la mediana movil previa de 29 dias"
2022-01-17,163224.42501405,17388,10.2082125603864,0,4.79178743961348,0,17300,100.508670520231,TRUE,FALSE,TRUE,"n_users >= 85.0% de la mediana movil previa de 29 dias"
2022-01-18,167304.61998944,17389,10.4945770314567,0,4.50542296854331,0,17300,100.514450867052,TRUE,FALSE,TRUE,"n_users >= 85.0% de la mediana movil previa de 29 dias"
2022-01-19,168174.812020386,17400,9.33519540229883,0,5.66480459770117,0,17314,100.496707866466,TRUE,FALSE,TRUE,"n_users >= 85.0% de la mediana movil previa de 29 dias"
2022-01-20,163928.336554659,17410,8.46835152211372,0,6.53164847788629,0,17330,100.461627236007,TRUE,FALSE,TRUE,"n_users >= 85.0% de la mediana movil previa de 29 dias"
2022-01-21,159405.38054683,17423,10.739097744361,0,4.26090225563911,0,17338,100.490252624293,TRUE,FALSE,TRUE,"n_users >= 85.0% de la mediana movil previa de 29 dias"
2022-01-22,158441.110529879,17434,11.7913846506826,0,3.20861534931743,0,17339,100.547897802641,TRUE,FALSE,TRUE,"n_users >= 85.0% de la mediana movil previa de 29 dias"
2022-01-23,162037.410034557,17434,10.615727888035,0,4.38427211196511,0,17339,100.547897802641,TRUE,FALSE,TRUE,"n_users >= 85.0% de la mediana movil previa de 29 dias"
2022-01-24,162737.039035202,17434,6.71641046231499,0,8.28358953768501,0,17340,100.542099192618,TRUE,FALSE,TRUE,"n_users >= 85.0% de la mediana movil previa de 29 dias"
2022-01-25,161126.18803142,17439,7.17035380469065,0,7.82964619530936,0,17340,100.570934256055,TRUE,FALSE,TRUE,"n_users >= 85.0% de la mediana movil previa de 29 dias"
2022-01-26,161618.251050308,17443,8.3952072464599,0,6.60479275354009,0,17352,100.524435223605,TRUE,FALSE,TRUE,"n_users >= 85.0% de la mediana movil previa de 29 dias"
2022-01-27,161500.458513648,17451,8.898962810154,0,6.1010371898459,0,17361,100.518403317781,TRUE,FALSE,TRUE,"n_users >= 85.0% de la mediana movil previa de 29 dias"
2022-01-28,156966.150531395,17460,9.16994845360829,0,5.83005154639179,0,17368,100.529709811147,TRUE,FALSE,TRUE,"n_users >= 85.0% de la mediana movil previa de 29 dias"
2022-01-29,154298.465532507,17461,9.19704484279258,0,5.8029551572075,0,17370,100.523891767415,TRUE,FALSE,TRUE,"n_users >= 85.0% de la mediana movil previa de 29 dias"
2022-01-30,158033.146515316,17461,9.74761468415327,0,5.25238531584668,0,17387,100.425605337321,TRUE,FALSE,TRUE,"n_users >= 85.0% de la mediana movil previa de 29 dias"
2022-01-31,163200.386020364,17461,8.51383655002587,0,6.4861634499742,0,17387,100.425605337321,TRUE,FALSE,TRUE,"n_users >= 85.0% de la mediana movil previa de 29 dias"
2022-02-01,159701.131519043,17468,7.99580375543857,0,7.0041962445614,0,17388,100.460087416609,TRUE,FALSE,TRUE,"n_users >= 85.0% de la mediana movil previa de 29 dias"
2022-02-02,153640.984529066,17481,5.44782335106689,0,9.55217664893308,0,17389,100.529070101788,TRUE,FALSE,TRUE,"n_users >= 85.0% de la mediana movil previa de 29 dias"
2022-02-03,151782.090028245,17486,5.88084181631028,0,9.11915818368975,0,17400,100.494252873563,TRUE,FALSE,TRUE,"n_users >= 85.0% de la mediana movil previa de 29 dias"
2022-02-04,150542.276515136,17494,6.78681833771566,0,8.21318166228428,0,17410,100.482481332567,TRUE,FALSE,TRUE,"n_users >= 85.0% de la mediana movil previa de 29 dias"
2022-02-05,145521.23105634,17504,8.63242116087751,0,6.36757883912249,0,17423,100.464902714802,TRUE,FALSE,TRUE,"n_users >= 85.0% de la mediana movil previa de 29 dias"
2022-02-06,150396.578526237,17503,9.07383305719002,0,5.92616694280988,0,17434,100.395778364116,TRUE,FALSE,TRUE,"n_users >= 85.0% de la mediana movil previa de 29 dias"
2022-02-07,154805.090040949,17503,7.07516425755577,0,7.92483574244423,0,17434,100.395778364116,TRUE,FALSE,TRUE,"n_users >= 85.0% de la mediana movil previa de 29 dias"
2022-02-08,147529.559542705,17512,4.86325376884421,0,10.136746231156,0,17434,100.447401629001,TRUE,FALSE,TRUE,"n_users >= 85.0% de la mediana movil previa de 29 dias"
2022-02-09,140909.948021627,17522,2.84077160141534,0,12.4051934710649,0,17439,100.475944721601,TRUE,FALSE,TRUE,"n_users >= 85.0% de la mediana movil previa de 29 dias"
2022-02-10,140221.95852673,17530,4.7316143753566,0,10.2683856246435,0,17443,100.498767413862,TRUE,FALSE,TRUE,"n_users >= 85.0% de la mediana movil previa de 29 dias"
2022-02-11,141376.135508784,17536,6.51382299270077,0,8.48617700729916,0,17451,100.487078104407,TRUE,FALSE,TRUE,"n_users >= 85.0% de la mediana movil previa de 29 dias"
2022-02-12,139542.118530787,17552,6.68392206016414,0,8.31607793983593,0,17460,100.526918671249,TRUE,FALSE,TRUE,"n_users >= 85.0% de la mediana movil previa de 29 dias"
2022-02-13,140347.33451969,17552,4.48539197812224,0,10.514608021878,0,17461,100.521161445507,TRUE,FALSE,TRUE,"n_users >= 85.0% de la mediana movil previa de 29 dias"
2022-02-14,147239.130032975,17551,7.0147854823087,0,7.98521451769129,0,17461,100.515434396655,TRUE,FALSE,TRUE,"n_users >= 85.0% de la mediana movil previa de 29 dias"
2022-02-15,144848.008540248,17553,6.1411097818037,0,8.85889021819621,0,17461,100.526888494359,TRUE,FALSE,TRUE,"n_users >= 85.0% de la mediana movil previa de 29 dias"
2022-02-16,143051.716029101,17561,3.9254028813849,0,11.0745971186152,0,17468,100.532402106709,TRUE,FALSE,TRUE,"n_users >= 85.0% de la mediana movil previa de 29 dias"
2022-02-17,136538.805032578,17570,3.3496642003415,0,11.6503357996585,0,17481,100.50912419198,TRUE,FALSE,TRUE,"n_users >= 85.0% de la mediana movil previa de 29 dias"
2022-02-18,134957.979064113,17577,3.5782329180179,0,11.4217670819822,0,17486,100.520416333066,TRUE,FALSE,TRUE,"n_users >= 85.0% de la mediana movil previa de 29 dias"
2022-02-19,136552.426507211,17581,7.65854046982533,0,7.34145953017468,0,17494,100.497313364582,TRUE,FALSE,TRUE,"n_users >= 85.0% de la mediana movil previa de 29 dias"
2022-02-20,144172.941518801,17581,7.0352994710198,0,7.96470052898024,0,17503,100.445637890647,TRUE,FALSE,TRUE,"n_users >= 85.0% de la mediana movil previa de 29 dias"
2022-02-21,144919.512541935,17580,5.3145733788396,0,9.68542662116034,0,17503,100.439924584357,TRUE,FALSE,TRUE,"n_users >= 85.0% de la mediana movil previa de 29 dias"
2022-02-22,139086.012535804,17584,4.59726455868977,0,10.4027354413104,0,17504,100.457038391225,TRUE,FALSE,TRUE,"n_users >= 85.0% de la mediana movil previa de 29 dias"
2022-02-23,138594.616546454,17595,5.55939755612385,0,9.44060244387614,0,17512,100.473960712654,TRUE,FALSE,TRUE,"n_users >= 85.0% de la mediana movil previa de 29 dias"
2022-02-24,141596.425035969,17590,6.66383740761788,0,8.33616259238206,0,17522,100.388083552106,TRUE,FALSE,TRUE,"n_users >= 85.0% de la mediana movil previa de 29 dias"
2022-02-25,136524.190042237,17592,8.32394838562985,0,6.67605161437005,0,17530,100.353679406731,TRUE,FALSE,TRUE,"n_users >= 85.0% de la mediana movil previa de 29 dias"
2022-02-26,131447.928555886,17598,6.38904420956926,0,8.61095579043076,0,17536,100.353558394161,TRUE,FALSE,TRUE,"n_users >= 85.0% de la mediana movil previa de 29 dias"
2022-02-27,127712.199530557,17597,4.11633801216113,0,10.8836619878388,0,17551,100.262093328015,TRUE,FALSE,TRUE,"n_users >= 85.0% de la mediana movil previa de 29 dias"
2022-02-28,131642.66904185,17597,3.45923168721948,0,11.5407683127808,0,17552,100.256381039198,TRUE,FALSE,TRUE,"n_users >= 85.0% de la mediana movil previa de 29 dias"
2022-03-01,131342.34853087,17598,2.63673712921927,0,12.363262870781,0,17552,100.262078395624,TRUE,FALSE,TRUE,"n_users >= 85.0% de la mediana movil previa de 29 dias"
2022-03-02,134641.644528018,17597,4.43631300789907,0,10.5636869921011,0,17553,100.250669401242,TRUE,FALSE,TRUE,"n_users >= 85.0% de la mediana movil previa de 29 dias"
2022-03-03,138595.353524944,17602,5.93952959890926,0,9.06047040109085,0,17561,100.233471897956,TRUE,FALSE,TRUE,"n_users >= 85.0% de la mediana movil previa de 29 dias"
2022-03-04,135860.492028769,17598,7.22991249005559,0,7.77008750994438,0,17570,100.159362549801,TRUE,FALSE,TRUE,"n_users >= 85.0% de la mediana movil previa de 29 dias"
2022-03-05,137829.690530067,17606,8.12528683403396,0,6.87471316596606,0,17577,100.164988337031,TRUE,FALSE,TRUE,"n_users >= 85.0% de la mediana movil previa de 29 dias"
2022-03-06,142144.538543481,17609,8.3950707024817,0,6.60492929751825,0,17580,100.164960182025,TRUE,FALSE,TRUE,"n_users >= 85.0% de la mediana movil previa de 29 dias"
2022-03-07,140821.598051257,17609,7.04351184053609,0,7.95648815946393,0,17581,100.159262840567,TRUE,FALSE,TRUE,"n_users >= 85.0% de la mediana movil previa de 29 dias"
2022-03-08,136011.801549226,17620,5.43629965947792,0,9.563700340522,0,17581,100.221830385075,TRUE,FALSE,TRUE,"n_users >= 85.0% de la mediana movil previa de 29 dias"
2022-03-09,136396.483555203,17622,5.36755192373168,0,9.63244807626836,0,17584,100.2161055505,TRUE,FALSE,TRUE,"n_users >= 85.0% de la mediana movil previa de 29 dias"
2022-03-10,131873.489549618,17615,2.86664774340046,0,12.1333522565993,0,17590,100.142126208073,TRUE,FALSE,TRUE,"n_users >= 85.0% de la mediana movil previa de 29 dias"
2022-03-11,125499.41854978,17614,2.7708470534802,0,12.2291529465199,0,17592,100.12505684402,TRUE,FALSE,TRUE,"n_users >= 85.0% de la mediana movil previa de 29 dias"
2022-03-12,122055.010030219,17606,4.62009542201515,0,10.3799045779847,0,17595,100.062517760727,TRUE,FALSE,TRUE,"n_users >= 85.0% de la mediana movil previa de 29 dias"
2022-03-13,124625.567034718,17606,4.60105077814378,0,10.3989492218561,0,17597,100.051145081548,TRUE,FALSE,TRUE,"n_users >= 85.0% de la mediana movil previa de 29 dias"
2022-03-14,132315.138039276,17605,3.51089463220678,0,11.4891053677933,0,17597,100.045462294709,TRUE,FALSE,TRUE,"n_users >= 85.0% de la mediana movil previa de 29 dias"
2022-03-15,124443.343036796,17608,0.123222398909586,0,16.9213028169015,0,17597,100.062510655225,TRUE,FALSE,TRUE,"n_users >= 85.0% de la mediana movil previa de 29 dias"
2022-03-16,125234.869018643,17602,2.16508351323712,0,12.8349164867627,0,17598,100.022729855665,TRUE,FALSE,TRUE,"n_users >= 85.0% de la mediana movil previa de 29 dias"
2022-03-17,131062.916051801,17617,5.69647499574276,0,9.30352500425719,0,17598,100.107966814411,TRUE,FALSE,TRUE,"n_users >= 85.0% de la mediana movil previa de 29 dias"
2022-03-18,128364.403049398,17619,5.98779158862595,0,9.01220841137411,0,17598,100.119331742243,TRUE,FALSE,TRUE,"n_users >= 85.0% de la mediana movil previa de 29 dias"
2022-03-19,121699.559533514,17618,3.27201725507999,0,11.7279827449198,0,17602,100.090898761504,TRUE,FALSE,TRUE,"n_users >= 85.0% de la mediana movil previa de 29 dias"
2022-03-20,121806.732033964,17619,1.26440774164254,0,14.017730858732,0,17602,100.096579934098,TRUE,FALSE,TRUE,"n_users >= 85.0% de la mediana movil previa de 29 dias"
2022-03-21,123935.182531307,17617,1.16974513254243,0,14.0559913719701,0,17605,100.068162453848,TRUE,FALSE,TRUE,"n_users >= 85.0% de la mediana movil previa de 29 dias"
2022-03-22,125052.633527373,17619,3.13387252397985,0,11.8661274760204,0,17606,100.07383846416,TRUE,FALSE,TRUE,"n_users >= 85.0% de la mediana movil previa de 29 dias"
2022-03-23,121890.685038333,17627,2.79577920235999,0,12.2042207976399,0,17606,100.119277519028,TRUE,FALSE,TRUE,"n_users >= 85.0% de la mediana movil previa de 29 dias"
2022-03-24,120821.681537032,17638,3.46223494727294,0,11.5377650527271,0,17606,100.181756219471,TRUE,FALSE,TRUE,"n_users >= 85.0% de la mediana movil previa de 29 dias"
2022-03-25,116160.998513284,17639,1.24261579454619,0,13.9829752253527,0,17608,100.176056338028,TRUE,FALSE,TRUE,"n_users >= 85.0% de la mediana movil previa de 29 dias"
2022-03-26,114078.832535609,17640,1.74786848072561,0,13.5340476190478,0,17609,100.17604633994,TRUE,FALSE,TRUE,"n_users >= 85.0% de la mediana movil previa de 29 dias"
2022-03-27,114341.106034001,17640,1.48787414965988,0,14.0759580498864,0,17609,100.17604633994,TRUE,FALSE,TRUE,"n_users >= 85.0% de la mediana movil previa de 29 dias"
2022-03-28,116180.974515484,17652,1.0576365284387,0,15.004515069114,0,17614,100.215737481549,TRUE,FALSE,TRUE,"n_users >= 85.0% de la mediana movil previa de 29 dias"
2022-03-29,118692.02854957,17658,2.33340129119946,0,12.6665987088005,0,17615,100.244110133409,TRUE,FALSE,TRUE,"n_users >= 85.0% de la mediana movil previa de 29 dias"
2022-03-30,123835.362029753,17656,5.06608518350702,0,9.93391481649305,0,17617,100.221377078958,TRUE,FALSE,TRUE,"n_users >= 85.0% de la mediana movil previa de 29 dias"
2022-03-31,126525.125537601,17665,6.84357203509765,0,8.15642796490235,0,17617,100.272464097179,TRUE,FALSE,TRUE,"n_users >= 85.0% de la mediana movil previa de 29 dias"
2022-04-01,131301.186533689,17675,10.0470155586988,0,4.95298444130128,0,17618,100.323532750596,TRUE,FALSE,TRUE,"n_users >= 85.0% de la mediana movil previa de 29 dias"
2022-04-02,134042.965538532,17666,10.2112475942488,0,4.78875240575118,0,17619,100.266757477723,TRUE,FALSE,TRUE,"n_users >= 85.0% de la mediana movil previa de 29 dias"
2022-04-03,136142.535034373,17666,10.7446790444921,0,4.25532095550769,0,17619,100.266757477723,TRUE,FALSE,TRUE,"n_users >= 85.0% de la mediana movil previa de 29 dias"
2022-04-04,137310.087034423,17678,10.1863672361125,0,4.81363276388735,0,17619,100.334865769907,TRUE,FALSE,TRUE,"n_users >= 85.0% de la mediana movil previa de 29 dias"
2022-04-05,135176.00904062,17682,8.49110960298606,0,6.50889039701394,0,17620,100.351872871737,TRUE,FALSE,TRUE,"n_users >= 85.0% de la mediana movil previa de 29 dias"
2022-04-06,133588.190547083,17688,6.55586838534599,0,8.44413161465399,0,17622,100.374531835206,TRUE,FALSE,TRUE,"n_users >= 85.0% de la mediana movil previa de 29 dias"
2022-04-07,125411.379518737,17699,2.11524379908468,0,12.8847562009153,0,17627,100.40846428774,TRUE,FALSE,TRUE,"n_users >= 85.0% de la mediana movil previa de 29 dias"
2022-04-08,121059.09803069,17709,1.30341069512679,0,13.6965893048731,0,17638,100.402539970518,TRUE,FALSE,TRUE,"n_users >= 85.0% de la mediana movil previa de 29 dias"
2022-04-09,118284.66303423,17703,4.84991244421857,0,10.1500875557816,0,17639,100.362832360111,TRUE,FALSE,TRUE,"n_users >= 85.0% de la mediana movil previa de 29 dias"
2022-04-10,110742.33905038,17703,1.36026662147659,0,13.7260520815682,0,17640,100.357142857143,TRUE,FALSE,TRUE,"n_users >= 85.0% de la mediana movil previa de 29 dias"
2022-04-11,112228.999533595,17732,0.0808594631175278,0,18.5087976539587,0,17640,100.521541950113,TRUE,FALSE,TRUE,"n_users >= 85.0% de la mediana movil previa de 29 dias"
2022-04-12,111055.239535024,17744,0.438041027953112,0,16.5145964833181,0,17652,100.521187400861,TRUE,FALSE,TRUE,"n_users >= 85.0% de la mediana movil previa de 29 dias"
2022-04-13,109728.233553584,17762,2.13486656908006,0,12.8651334309199,0,17656,100.600362483009,TRUE,FALSE,TRUE,"n_users >= 85.0% de la mediana movil previa de 29 dias"
2022-04-14,100716.557541601,17759,1.49464496874824,0,13.6981192634721,1,17658,100.571978706535,TRUE,FALSE,TRUE,"n_users >= 85.0% de la mediana movil previa de 29 dias"
2022-04-15,93121.0905551614,17769,1.34225899037649,0,13.7488097248018,1,17665,100.588734786301,TRUE,FALSE,TRUE,"n_users >= 85.0% de la mediana movil previa de 29 dias"
2022-04-16,91529.5060370959,17769,1.59861556643591,0,13.5079858179977,0,17666,100.583040869467,TRUE,FALSE,TRUE,"n_users >= 85.0% de la mediana movil previa de 29 dias"
2022-04-17,91621.6200307279,17769,1.70840227362262,0,13.3400529011201,0,17666,100.583040869467,TRUE,FALSE,TRUE,"n_users >= 85.0% de la mediana movil previa de 29 dias"
2022-04-18,99454.3990365767,17770,2.0074282498593,0,13.1186944288127,1,17675,100.537482319661,TRUE,FALSE,TRUE,"n_users >= 85.0% de la mediana movil previa de 29 dias"
2022-04-19,113168.208546628,17774,5.58606391358165,0,9.41393608641829,0,17678,100.543047856092,TRUE,FALSE,TRUE,"n_users >= 85.0% de la mediana movil previa de 29 dias"
2022-04-20,118383.668044408,17773,5.73947560907,0,9.26052439093008,0,17682,100.514647664291,TRUE,FALSE,TRUE,"n_users >= 85.0% de la mediana movil previa de 29 dias"
2022-04-21,119109.696033053,17797,6.00260156206093,0,8.9973984379389,0,17688,100.616236996834,TRUE,FALSE,TRUE,"n_users >= 85.0% de la mediana movil previa de 29 dias"
2022-04-22,114259.37304156,17802,3.57062689585435,0,11.4293731041455,0,17699,100.5819537827,TRUE,FALSE,TRUE,"n_users >= 85.0% de la mediana movil previa de 29 dias"
2022-04-23,119313.620541572,17822,4.42616429132537,0,10.5738357086747,0,17703,100.672202451562,TRUE,FALSE,TRUE,"n_users >= 85.0% de la mediana movil previa de 29 dias"
2022-04-24,121246.642520534,17822,2.65460666591852,0,12.3453933340814,0,17703,100.672202451562,TRUE,FALSE,TRUE,"n_users >= 85.0% de la mediana movil previa de 29 dias"
2022-04-25,115791.52253678,17832,1.88652422611036,0,13.2256561238223,0,17709,100.694562087074,TRUE,FALSE,TRUE,"n_users >= 85.0% de la mediana movil previa de 29 dias"
2022-04-26,114282.743545013,17835,0.22533221194281,0,15.9010653209981,0,17732,100.580870742161,TRUE,FALSE,TRUE,"n_users >= 85.0% de la mediana movil previa de 29 dias"
2022-04-27,118277.53203455,17834,1.12144218907705,0,13.907760457553,0,17744,100.507213706041,TRUE,FALSE,TRUE,"n_users >= 85.0% de la mediana movil previa de 29 dias"
2022-04-28,117971.582533731,17831,2.70771128932755,0,12.2922887106723,0,17759,100.405428233572,TRUE,FALSE,TRUE,"n_users >= 85.0% de la mediana movil previa de 29 dias"
2022-04-29,111896.266545142,17839,1.23895397724089,0,13.7707326643871,0,17762,100.433509739894,TRUE,FALSE,TRUE,"n_users >= 85.0% de la mediana movil previa de 29 dias"
2022-04-30,109062.71552407,17833,1.15520663937645,0,13.987966130208,0,17769,100.360177837807,TRUE,FALSE,TRUE,"n_users >= 85.0% de la mediana movil previa de 29 dias"
2022-05-01,110512.389552833,17830,2.14595064498039,0,12.960532809871,0,17769,100.34329450166,TRUE,FALSE,TRUE,"n_users >= 85.0% de la mediana movil previa de 29 dias"
2022-05-02,116304.446040353,17833,2.09276061234788,0,12.9072393876521,1,17769,100.360177837807,TRUE,FALSE,TRUE,"n_users >= 85.0% de la mediana movil previa de 29 dias"
2022-05-03,116387.706533725,17846,1.54149949568532,0,13.5145242631402,0,17770,100.427687113112,TRUE,FALSE,TRUE,"n_users >= 85.0% de la mediana movil previa de 29 dias"
2022-05-04,116102.329028944,17849,1.75224942573813,0,13.271897585299,0,17773,100.42761492151,TRUE,FALSE,TRUE,"n_users >= 85.0% de la mediana movil previa de 29 dias"
2022-05-05,113847.564020212,17852,1.88229890208381,0,13.1321868698187,0,17774,100.438843254192,TRUE,FALSE,TRUE,"n_users >= 85.0% de la mediana movil previa de 29 dias"
2022-05-06,109989.903543341,17848,2.27234984311964,0,12.74696884805,0,17797,100.28656515143,TRUE,FALSE,TRUE,"n_users >= 85.0% de la mediana movil previa de 29 dias"
2022-05-07,106595.46802645,17849,1.26086615496666,0,13.937094515099,0,17802,100.264015279182,TRUE,FALSE,TRUE,"n_users >= 85.0% de la mediana movil previa de 29 dias"
2022-05-08,106850.504037996,17848,0.339701927386818,0,15.1526501568802,0,17822,100.145887105824,TRUE,FALSE,TRUE,"n_users >= 85.0% de la mediana movil previa de 29 dias"
2022-05-09,108746.777532409,17852,0.0469415191575173,0,16.5519661662559,0,17822,100.168331275951,TRUE,FALSE,TRUE,"n_users >= 85.0% de la mediana movil previa de 29 dias"
2022-05-10,108291.727527363,17876,0,0,17.4499608413515,0,17830,100.257992148065,TRUE,FALSE,TRUE,"n_users >= 85.0% de la mediana movil previa de 29 dias"
2022-05-11,109695.824028714,17883,0.0814516579992178,0,16.6890790135881,0,17831,100.291626941843,TRUE,FALSE,TRUE,"n_users >= 85.0% de la mediana movil previa de 29 dias"
2022-05-12,108921.632031384,17887,0,0,16.7977637390282,0,17832,100.30843427546,TRUE,FALSE,TRUE,"n_users >= 85.0% de la mediana movil previa de 29 dias"
2022-05-13,106407.206035611,17893,0,0,17.9858548035546,0,17833,100.336454887007,TRUE,FALSE,TRUE,"n_users >= 85.0% de la mediana movil previa de 29 dias"
2022-05-14,105722.278551875,17891,0,0,20.7657313733162,0,17833,100.325239724107,TRUE,FALSE,TRUE,"n_users >= 85.0% de la mediana movil previa de 29 dias"
2022-05-15,106154.213544019,17891,0,0.524084735341797,21.8211614778379,1,17834,100.319614220029,TRUE,FALSE,TRUE,"n_users >= 85.0% de la mediana movil previa de 29 dias"
2022-05-16,106830.829034021,17895,0,0.167912824811399,20.7263257893264,0,17835,100.336417157275,TRUE,FALSE,TRUE,"n_users >= 85.0% de la mediana movil previa de 29 dias"
2022-05-17,107690.30653342,17896,0,0.529324988824323,21.9518439874834,0,17839,100.319524637031,TRUE,FALSE,TRUE,"n_users >= 85.0% de la mediana movil previa de 29 dias"
2022-05-18,109117.813031819,17897,0,1.48215343353633,23.2474772308206,0,17846,100.285778325675,TRUE,FALSE,TRUE,"n_users >= 85.0% de la mediana movil previa de 29 dias"
2022-05-19,108341.678015963,17905,0,0.233163920692544,19.0898855068415,0,17848,100.319363514119,TRUE,FALSE,TRUE,"n_users >= 85.0% de la mediana movil previa de 29 dias"
2022-05-20,107105.714048905,17906,0,0.365592538813807,18.9204679995532,0,17848,100.324966382788,TRUE,FALSE,TRUE,"n_users >= 85.0% de la mediana movil previa de 29 dias"
2022-05-21,103783.592541424,17901,0,0.424479079381041,21.4427573878554,0,17849,100.291332847779,TRUE,FALSE,TRUE,"n_users >= 85.0% de la mediana movil previa de 29 dias"
2022-05-22,107630.373029086,17899,0,0.836884742164373,22.4299905022627,0,17849,100.280127738249,TRUE,FALSE,TRUE,"n_users >= 85.0% de la mediana movil previa de 29 dias"
2022-05-23,109708.584533321,17907,0.226821913218294,0,15.7610375830679,0,17852,100.308088729554,TRUE,FALSE,TRUE,"n_users >= 85.0% de la mediana movil previa de 29 dias"
2022-05-24,109366.872024197,17916,1.77228175932126,0,13.3189216342934,0,17852,100.358503248936,TRUE,FALSE,TRUE,"n_users >= 85.0% de la mediana movil previa de 29 dias"
2022-05-25,108569.251040254,17919,0.948546235839055,0,14.1922763547072,0,17876,100.240545983441,TRUE,FALSE,TRUE,"n_users >= 85.0% de la mediana movil previa de 29 dias"
2022-05-26,108179.948042305,17932,0.211197858576846,0,15.1739906312737,0,17883,100.274003243304,TRUE,FALSE,TRUE,"n_users >= 85.0% de la mediana movil previa de 29 dias"
2022-05-27,105127.439549452,17934,0,0.00960187353629973,16.4041262406602,0,17887,100.26276066417,TRUE,FALSE,TRUE,"n_users >= 85.0% de la mediana movil previa de 29 dias"
2022-05-28,102584.338049644,17932,0,0.0480147222841847,17.3080526433192,0,17891,100.229165502208,TRUE,FALSE,TRUE,"n_users >= 85.0% de la mediana movil previa de 29 dias"
2022-05-29,103055.098555085,17929,0,0.02881365385688,17.288515812371,0,17891,100.212397294729,TRUE,FALSE,TRUE,"n_users >= 85.0% de la mediana movil previa de 29 dias"
2022-05-30,106654.514031385,17934,0,0,17.3289784766365,0,17893,100.229139887107,TRUE,FALSE,TRUE,"n_users >= 85.0% de la mediana movil previa de 29 dias"
2022-05-31,106030.940031786,17935,0,0,17.5595929746306,0,17895,100.223526124616,TRUE,FALSE,TRUE,"n_users >= 85.0% de la mediana movil previa de 29 dias"
2022-06-01,107121.702543386,17940,0,0.186856187290969,20.7004124860648,0,17896,100.245864997765,TRUE,FALSE,TRUE,"n_users >= 85.0% de la mediana movil previa de 29 dias"
2022-06-02,106904.125029605,17946,0,0.265997993981947,20.0611111111111,0,17897,100.273788903168,TRUE,FALSE,TRUE,"n_users >= 85.0% de la mediana movil previa de 29 dias"
2022-06-03,105302.52604076,17948,0,0.443280588366392,20.3026409627816,0,17899,100.27375831052,TRUE,FALSE,TRUE,"n_users >= 85.0% de la mediana movil previa de 29 dias"
2022-06-04,103942.119531932,17949,0,0.14775196389771,18.6710513120506,0,17901,100.268141444612,TRUE,FALSE,TRUE,"n_users >= 85.0% de la mediana movil previa de 29 dias"
2022-06-05,104314.417548304,17949,0,0,18.1018218285142,0,17905,100.245741413013,TRUE,FALSE,TRUE,"n_users >= 85.0% de la mediana movil previa de 29 dias"
2022-06-06,106333.208543611,17961,0,0,18.6937698346417,0,17906,100.307159611303,TRUE,FALSE,TRUE,"n_users >= 85.0% de la mediana movil previa de 29 dias"
2022-06-07,107208.417537098,17967,0,0.0958423776924361,19.0827739745089,0,17907,100.335064499916,TRUE,FALSE,TRUE,"n_users >= 85.0% de la mediana movil previa de 29 dias"
2022-06-08,109339.780548045,17967,0,0.0431791617966271,17.9315689875884,0,17916,100.284661754856,TRUE,FALSE,TRUE,"n_users >= 85.0% de la mediana movil previa de 29 dias"
2022-06-09,106370.776036723,17970,0,0.201702838063439,18.2636950473011,0,17919,100.284614096769,TRUE,FALSE,TRUE,"n_users >= 85.0% de la mediana movil previa de 29 dias"
2022-06-10,103007.992536863,17971,0,0.225702520727839,19.2974514495575,0,17929,100.23425734843,TRUE,FALSE,TRUE,"n_users >= 85.0% de la mediana movil previa de 29 dias"
2022-06-11,103425.355025981,17967,0,0.56358880169199,20.0972393833135,0,17932,100.195181797903,TRUE,FALSE,TRUE,"n_users >= 85.0% de la mediana movil previa de 29 dias"
2022-06-12,107117.624535388,17966,0,0.754079928754318,21.6652677279304,0,17932,100.189605175106,TRUE,FALSE,TRUE,"n_users >= 85.0% de la mediana movil previa de 29 dias"
2022-06-13,109683.484024349,17975,0,0.577941585535465,21.1143421418635,0,17934,100.228616036579,TRUE,FALSE,TRUE,"n_users >= 85.0% de la mediana movil previa de 29 dias"
2022-06-14,111387.514052691,17978,0,1.8588552675492,23.8588552675489,0,17934,100.245344039255,TRUE,FALSE,TRUE,"n_users >= 85.0% de la mediana movil previa de 29 dias"
2022-06-15,111803.257033675,17984,0,2.42827513345194,24.4282751334523,0,17935,100.27320880959,TRUE,FALSE,TRUE,"n_users >= 85.0% de la mediana movil previa de 29 dias"
2022-06-16,113453.254037282,17992,0,4.99085148955085,26.9908514895512,0,17940,100.289855072464,TRUE,FALSE,TRUE,"n_users >= 85.0% de la mediana movil previa de 29 dias"
2022-06-17,112744.109034478,17989,0,6.92747790316299,28.9274779031632,0,17946,100.239607712025,TRUE,FALSE,TRUE,"n_users >= 85.0% de la mediana movil previa de 29 dias"
2022-06-18,109495.194022626,17982,0,7.02601490379272,29.0260149037925,0,17948,100.189436148875,TRUE,FALSE,TRUE,"n_users >= 85.0% de la mediana movil previa de 29 dias"
2022-06-19,105721.718044631,17980,0,0.848748609566186,21.7081090100112,0,17949,100.172711571675,TRUE,FALSE,TRUE,"n_users >= 85.0% de la mediana movil previa de 29 dias"
2022-06-20,109786.004037864,17983,0,0.50131791136073,18.8179280431519,0,17949,100.189425594741,TRUE,FALSE,TRUE,"n_users >= 85.0% de la mediana movil previa de 29 dias"
2022-06-21,108154.033033563,17986,0,0.280785055042811,19.848343155788,0,17961,100.139190468237,TRUE,FALSE,TRUE,"n_users >= 85.0% de la mediana movil previa de 29 dias"
2022-06-22,108019.36704811,17987,0,0,18.6746872741426,0,17966,100.11688745408,TRUE,FALSE,TRUE,"n_users >= 85.0% de la mediana movil previa de 29 dias"
2022-06-23,105582.21353378,17986,0,0,19.5960469253868,0,17967,100.10574942951,TRUE,FALSE,TRUE,"n_users >= 85.0% de la mediana movil previa de 29 dias"
2022-06-24,102971.401051225,17987,0,0,18.7960360260189,0,17967,100.111315188958,TRUE,FALSE,TRUE,"n_users >= 85.0% de la mediana movil previa de 29 dias"
2022-06-25,104111.557540698,17986,0.203491604581341,0,16.0225397531413,0,17967,100.10574942951,TRUE,FALSE,TRUE,"n_users >= 85.0% de la mediana movil previa de 29 dias"
2022-06-26,104320.835535226,17984,0.323431939501779,0,15.214162588968,0,17970,100.077907623817,TRUE,FALSE,TRUE,"n_users >= 85.0% de la mediana movil previa de 29 dias"
2022-06-27,106752.608039978,17989,0.434098615820777,0.0287175496136529,15.0151870587581,0,17971,100.100161371098,TRUE,FALSE,TRUE,"n_users >= 85.0% de la mediana movil previa de 29 dias"
2022-06-28,103541.049042818,17995,0,0.0286412892470131,17.7526979716587,0,17975,100.111265646732,TRUE,FALSE,TRUE,"n_users >= 85.0% de la mediana movil previa de 29 dias"
2022-06-29,105649.694031183,17994,0.0940758030454594,0.0620595754140268,16.8029287540292,0,17978,100.088997663811,TRUE,FALSE,TRUE,"n_users >= 85.0% de la mediana movil previa de 29 dias"
2022-06-30,105048.762029629,17996,0.75240609024227,0.0476772616136919,14.8528395198933,0,17980,100.088987764182,TRUE,FALSE,TRUE,"n_users >= 85.0% de la mediana movil previa de 29 dias"
2022-07-01,100238.787062288,17999,0.0588366020334463,0.100105561420079,16.3930218345463,0,17982,100.094538983428,TRUE,FALSE,TRUE,"n_users >= 85.0% de la mediana movil previa de 29 dias"
2022-07-02,96419.6285396609,17996,0,0.532629473216272,19.6269504334297,0,17983,100.07229049658,TRUE,FALSE,TRUE,"n_users >= 85.0% de la mediana movil previa de 29 dias"
2022-07-03,100612.217032967,17994,0,0.487217961542738,19.2991997332442,0,17984,100.055604982206,TRUE,FALSE,TRUE,"n_users >= 85.0% de la mediana movil previa de 29 dias"
2022-07-04,104243.081530305,18001,0,0.228787289595023,18.1901394366981,0,17984,100.094528469751,TRUE,FALSE,TRUE,"n_users >= 85.0% de la mediana movil previa de 29 dias"
2022-07-05,105927.105038743,18004,0,0.302871584092424,20.0784103532546,0,17986,100.100077838319,TRUE,FALSE,TRUE,"n_users >= 85.0% de la mediana movil previa de 29 dias"
2022-07-06,105681.113045809,18005,0,0.180871980005554,19.1199666759232,0,17986,100.105637718225,TRUE,FALSE,TRUE,"n_users >= 85.0% de la mediana movil previa de 29 dias"
2022-07-07,102458.506533426,18005,0,0.147381282976951,18.9027270202721,0,17986,100.105637718225,TRUE,FALSE,TRUE,"n_users >= 85.0% de la mediana movil previa de 29 dias"
2022-07-08,100812.445052204,18003,0,0.237738154751986,19.7027828695215,0,17987,100.088953132818,TRUE,FALSE,TRUE,"n_users >= 85.0% de la mediana movil previa de 29 dias"
2022-07-09,97267.1085417622,17999,0,0.481960108894938,20.9341630090561,0,17987,100.066714849614,TRUE,FALSE,TRUE,"n_users >= 85.0% de la mediana movil previa de 29 dias"
2022-07-10,98841.0745532117,17999,0,1.20511695094172,22.7213345185842,0,17989,100.055589526933,TRUE,FALSE,TRUE,"n_users >= 85.0% de la mediana movil previa de 29 dias"
2022-07-11,104403.752535489,18005,0,2.23753401832822,24.2375340183279,0,17989,100.088943243093,TRUE,FALSE,TRUE,"n_users >= 85.0% de la mediana movil previa de 29 dias"
2022-07-12,106323.598527222,18013,0,3.31845889080105,25.3184588908009,0,17992,100.116718541574,TRUE,FALSE,TRUE,"n_users >= 85.0% de la mediana movil previa de 29 dias"
2022-07-13,107458.364031545,18009,0,4.18116497306904,26.1811649730688,0,17994,100.083361120373,TRUE,FALSE,TRUE,"n_users >= 85.0% de la mediana movil previa de 29 dias"
2022-07-14,107551.817026397,18012,0,3.2905896069287,25.2905896069286,0,17994,100.100033344448,TRUE,FALSE,TRUE,"n_users >= 85.0% de la mediana movil previa de 29 dias"
2022-07-15,106568.201559146,18009,0,3.23067355211285,25.2306735521126,0,17995,100.077799388719,TRUE,FALSE,TRUE,"n_users >= 85.0% de la mediana movil previa de 29 dias"
2022-07-16,103310.15053163,18006,0,5.47881817172047,27.4788181717209,0,17996,100.055567903979,TRUE,FALSE,TRUE,"n_users >= 85.0% de la mediana movil previa de 29 dias"
2022-07-17,104639.90103181,18005,0,7.02407664537625,29.0240766453764,0,17996,100.050011113581,TRUE,FALSE,TRUE,"n_users >= 85.0% de la mediana movil previa de 29 dias"
2022-07-18,112302.614558195,18009,0,7.27684491087787,29.276844910878,0,17999,100.055558642147,TRUE,FALSE,TRUE,"n_users >= 85.0% de la mediana movil previa de 29 dias"
2022-07-19,108628.951031371,18008,0,1.95474233673922,23.5074855619726,0,17999,100.050002777932,TRUE,FALSE,TRUE,"n_users >= 85.0% de la mediana movil previa de 29 dias"
2022-07-20,106954.775534204,18006,0,0.428157280906361,21.15944685105,0,17999,100.038891049503,TRUE,FALSE,TRUE,"n_users >= 85.0% de la mediana movil previa de 29 dias"
2022-07-21,105537.616530377,18008,0,1.99966681474898,23.3492003553975,0,18001,100.038886728515,TRUE,FALSE,TRUE,"n_users >= 85.0% de la mediana movil previa de 29 dias"
2022-07-22,105430.167547138,18009,0,0.402565383974679,20.2316175245708,0,18003,100.033327778704,TRUE,FALSE,TRUE,"n_users >= 85.0% de la mediana movil previa de 29 dias"
2022-07-23,97241.6455374737,18006,0,0.53372209263579,21.2300011107407,0,18004,100.011108642524,TRUE,FALSE,TRUE,"n_users >= 85.0% de la mediana movil previa de 29 dias"
2022-07-24,94678.0820312831,18001,0,2.40723848675071,24.4072384867506,0,18005,99.9777839489031,TRUE,FALSE,TRUE,"n_users >= 85.0% de la mediana movil previa de 29 dias"
2022-07-25,97685.5525329594,18001,0,0.492650408310649,21.6916171323814,1,18005,99.9777839489031,TRUE,FALSE,TRUE,"n_users >= 85.0% de la mediana movil previa de 29 dias"
2022-07-26,102383.343069942,18002,0,0.30574380624375,20.3043161870902,0,18005,99.9833379616773,TRUE,FALSE,TRUE,"n_users >= 85.0% de la mediana movil previa de 29 dias"
2022-07-27,101483.92303743,18001,0,0.295861341036609,19.5660241097716,0,18005,99.9777839489031,TRUE,FALSE,TRUE,"n_users >= 85.0% de la mediana movil previa de 29 dias"
2022-07-28,101242.771537426,18004,0,0.366285269940015,20.4098033770273,0,18005,99.9944459872258,TRUE,FALSE,TRUE,"n_users >= 85.0% de la mediana movil previa de 29 dias"
2022-07-29,100735.989053392,18001,0,0.307049608355091,20.968401755458,0,18005,99.9777839489031,TRUE,FALSE,TRUE,"n_users >= 85.0% de la mediana movil previa de 29 dias"
2022-07-30,98168.8525492152,17994,0,0.600711348227189,21.6514393686782,0,18005,99.9389058594835,TRUE,FALSE,TRUE,"n_users >= 85.0% de la mediana movil previa de 29 dias"
2022-07-31,97591.6980471748,17986,0,1.04786500611587,22.5598854664736,0,18005,99.8944737572896,TRUE,FALSE,TRUE,"n_users >= 85.0% de la mediana movil previa de 29 dias"
2022-08-01,100805.280039522,17991,0,0.996920682563504,22.5090100605857,0,18005,99.9222438211608,TRUE,FALSE,TRUE,"n_users >= 85.0% de la mediana movil previa de 29 dias"
2022-08-02,99613.331544895,17989,0,2.08218355661794,24.0415253766193,0,18005,99.9111357956123,TRUE,FALSE,TRUE,"n_users >= 85.0% de la mediana movil previa de 29 dias"
2022-08-03,101560.66603655,17998,0,2.9495999555506,24.9495999555505,0,18005,99.9611219105804,TRUE,FALSE,TRUE,"n_users >= 85.0% de la mediana movil previa de 29 dias"
2022-08-04,101335.2445368,17993,0,1.53639748791197,23.0891957983662,0,18005,99.9333518467092,TRUE,FALSE,TRUE,"n_users >= 85.0% de la mediana movil previa de 29 dias"
2022-08-05,98101.5770302598,18001,0,0.497544580856619,21.577640131104,0,18004,99.9833370362142,TRUE,FALSE,TRUE,"n_users >= 85.0% de la mediana movil previa de 29 dias"
2022-08-06,92938.0090265417,17998,0,1.05280031114568,22.6057228580954,0,18003,99.9722268510804,TRUE,FALSE,TRUE,"n_users >= 85.0% de la mediana movil previa de 29 dias"
2022-08-07,92652.5280330357,17998,0,1.37298588732083,23.2104122680298,0,18002,99.9777802466393,TRUE,FALSE,TRUE,"n_users >= 85.0% de la mediana movil previa de 29 dias"
2022-08-08,95490.2865486559,18001,0,1.60413310371648,23.2789956113553,0,18002,99.9944450616598,TRUE,FALSE,TRUE,"n_users >= 85.0% de la mediana movil previa de 29 dias"
2022-08-09,96310.4485395723,18002,0,2.82926897011442,24.829268970114,0,18002,100,TRUE,FALSE,TRUE,"n_users >= 85.0% de la mediana movil previa de 29 dias"
2022-08-10,98184.7955472,18003,0,5.75093595511867,27.7509359551182,0,18002,100.00555493834,TRUE,FALSE,TRUE,"n_users >= 85.0% de la mediana movil previa de 29 dias"
2022-08-11,100116.319033205,18002,0,6.89021775358299,28.8902177535827,0,18002,100,TRUE,FALSE,TRUE,"n_users >= 85.0% de la mediana movil previa de 29 dias"
2022-08-12,98928.7995582544,18004,0,2.78824150188846,24.7882415018884,0,18002,100.01110987668,TRUE,FALSE,TRUE,"n_users >= 85.0% de la mediana movil previa de 29 dias"
2022-08-13,95492.9835190375,18002,0,1.66252083101877,23.2562326408176,0,18002,100,TRUE,FALSE,TRUE,"n_users >= 85.0% de la mediana movil previa de 29 dias"
2022-08-14,92298.6415475905,18000,0,0.342511111111112,21.1491166666669,0,18002,99.9888901233196,TRUE,FALSE,TRUE,"n_users >= 85.0% de la mediana movil previa de 29 dias"
2022-08-15,90972.1860483594,17999,0,0.0574031890660593,20.8601922329017,1,18001,99.9888895061385,TRUE,FALSE,TRUE,"n_users >= 85.0% de la mediana movil previa de 29 dias"
2022-08-16,95454.4445422887,18002,0,0.441784246194866,20.7833240751027,0,18001,100.005555246931,TRUE,FALSE,TRUE,"n_users >= 85.0% de la mediana movil previa de 29 dias"
2022-08-17,95605.6720316844,18002,0,0,18.8311909787799,0,18001,100.005555246931,TRUE,FALSE,TRUE,"n_users >= 85.0% de la mediana movil previa de 29 dias"
2022-08-18,97540.8985537526,18003,0,0,17.4042992834526,0,18001,100.011110493861,TRUE,FALSE,TRUE,"n_users >= 85.0% de la mediana movil previa de 29 dias"
2022-08-19,92472.3305471126,18004,0,0.0861808487002888,19.8371250833146,0,18001,100.016665740792,TRUE,FALSE,TRUE,"n_users >= 85.0% de la mediana movil previa de 29 dias"
2022-08-20,91248.0540408829,18002,0,0.627052549716701,21.8481613154095,0,18001,100.005555246931,TRUE,FALSE,TRUE,"n_users >= 85.0% de la mediana movil previa de 29 dias"
2022-08-21,93493.4915452381,17999,0,0.920895605311404,22.5720540030002,0,18001,99.9888895061385,TRUE,FALSE,TRUE,"n_users >= 85.0% de la mediana movil previa de 29 dias"
2022-08-22,98395.0985454343,18001,0,0.296894616965724,20.6461752124884,0,18001,100,TRUE,FALSE,TRUE,"n_users >= 85.0% de la mediana movil previa de 29 dias"
2022-08-23,97217.8255345683,18005,0,1.73486253818383,23.2468647597886,0,18001,100.022220987723,TRUE,FALSE,TRUE,"n_users >= 85.0% de la mediana movil previa de 29 dias"
2022-08-24,98855.7950443932,18007,0,3.25947687010609,25.259476870106,0,18001,100.033331481584,TRUE,FALSE,TRUE,"n_users >= 85.0% de la mediana movil previa de 29 dias"
2022-08-25,100402.814035795,18007,0,0.875376242572328,22.4741489420781,0,18001,100.033331481584,TRUE,FALSE,TRUE,"n_users >= 85.0% de la mediana movil previa de 29 dias"
2022-08-26,97588.2920337784,18006,0,0.210396534488504,21.0467233144505,0,18001,100.027776234654,TRUE,FALSE,TRUE,"n_users >= 85.0% de la mediana movil previa de 29 dias"
2022-08-27,95090.0900514262,18000,0,0.187516666666666,21.2224166666666,0,18001,99.9944447530693,TRUE,FALSE,TRUE,"n_users >= 85.0% de la mediana movil previa de 29 dias"
2022-08-28,97377.9985272051,17998,0,3.19266585176125,25.1926658517617,0,18001,99.9833342592078,TRUE,FALSE,TRUE,"n_users >= 85.0% de la mediana movil previa de 29 dias"
2022-08-29,104797.637538546,18002,0,3.70944895011668,25.7094489501164,0,18001,100.005555246931,TRUE,FALSE,TRUE,"n_users >= 85.0% de la mediana movil previa de 29 dias"
2022-08-30,104779.759537645,18008,0,0.806113949355835,22.5620890715237,0,18002,100.033329630041,TRUE,FALSE,TRUE,"n_users >= 85.0% de la mediana movil previa de 29 dias"
2022-08-31,108582.175540539,18008,0,0.369369169258106,21.5067303420701,0,18002,100.033329630041,TRUE,FALSE,TRUE,"n_users >= 85.0% de la mediana movil previa de 29 dias"
2022-09-01,106535.39453078,18008,0,0.790920701910263,22.3030042203464,0,18002,100.033329630041,TRUE,FALSE,TRUE,"n_users >= 85.0% de la mediana movil previa de 29 dias"
2022-09-02,104399.237034069,18013,0,0.156997723866097,20.8442624770998,0,18002,100.061104321742,TRUE,FALSE,TRUE,"n_users >= 85.0% de la mediana movil previa de 29 dias"
2022-09-03,100147.603536884,18005,0,0,20.3343071369067,0,18002,100.016664815021,TRUE,FALSE,TRUE,"n_users >= 85.0% de la mediana movil previa de 29 dias"
2022-09-04,98816.2940519813,18002,0,0.876991445394959,22.1766803688477,0,18002,100,TRUE,FALSE,TRUE,"n_users >= 85.0% de la mediana movil previa de 29 dias"
2022-09-05,102279.52454829,18007,0,2.43884045093575,24.1252846115403,0,18002,100.027774691701,TRUE,FALSE,TRUE,"n_users >= 85.0% de la mediana movil previa de 29 dias"
2022-09-06,102879.970542294,18003,0,0.694706437815919,22.3040826528912,0,18002,100.00555493834,TRUE,FALSE,TRUE,"n_users >= 85.0% de la mediana movil previa de 29 dias"
2022-09-07,106783.834031713,17997,0,0,19.8650386175474,0,18003,99.9666722212964,TRUE,FALSE,TRUE,"n_users >= 85.0% de la mediana movil previa de 29 dias"
2022-09-08,104599.974042652,17997,0,0.0863143857309551,19.7159193198863,0,18003,99.9666722212964,TRUE,FALSE,TRUE,"n_users >= 85.0% de la mediana movil previa de 29 dias"
2022-09-09,102039.855052094,17994,0,0.172657552517506,19.3911915082804,0,18002,99.9555604932785,TRUE,FALSE,TRUE,"n_users >= 85.0% de la mediana movil previa de 29 dias"
2022-09-10,98476.4975450586,17987,0,0.31165841996998,20.8296714293656,0,18002,99.9166759248972,TRUE,FALSE,TRUE,"n_users >= 85.0% de la mediana movil previa de 29 dias"
2022-09-11,103183.510043588,17986,0,3.9058601134215,25.9058601134216,0,18002,99.9111209865571,TRUE,FALSE,TRUE,"n_users >= 85.0% de la mediana movil previa de 29 dias"
2022-09-12,111641.925562476,17991,0,5.30490800956038,27.3049080095602,0,18002,99.938895678258,TRUE,FALSE,TRUE,"n_users >= 85.0% de la mediana movil previa de 29 dias"
2022-09-13,111614.622037305,17985,0,3.83340005560189,25.8238142896859,0,18002,99.9055660482169,TRUE,FALSE,TRUE,"n_users >= 85.0% de la mediana movil previa de 29 dias"
2022-09-14,109639.429519923,17974,0,1.97279403582954,23.8209580505177,0,18002,99.8444617264748,TRUE,FALSE,TRUE,"n_users >= 85.0% de la mediana movil previa de 29 dias"
2022-09-15,108807.758545678,17980,0,0.428197997775306,21.6052947719687,0,18002,99.8777913565159,TRUE,FALSE,TRUE,"n_users >= 85.0% de la mediana movil previa de 29 dias"
2022-09-16,105789.485546384,17969,0,0,19.1983694139909,0,18002,99.8166870347739,TRUE,FALSE,TRUE,"n_users >= 85.0% de la mediana movil previa de 29 dias"
2022-09-17,100541.788027969,17958,0,0.00480565764561762,16.7179585699966,0,18002,99.7555827130319,TRUE,FALSE,TRUE,"n_users >= 85.0% de la mediana movil previa de 29 dias"
2022-09-18,102386.425046587,17958,0,0.0432509188105579,17.1455340238334,0,18001,99.7611243819788,TRUE,FALSE,TRUE,"n_users >= 85.0% de la mediana movil previa de 29 dias"
2022-09-19,105401.066546981,17964,0,0.0864729458917835,17.9226898240927,0,18000,99.8,TRUE,FALSE,TRUE,"n_users >= 85.0% de la mediana movil previa de 29 dias"
2022-09-20,105268.386029569,17962,0.163912704598597,0.057655049549048,16.4738837545931,0,18000,99.7888888888889,TRUE,FALSE,TRUE,"n_users >= 85.0% de la mediana movil previa de 29 dias"
2022-09-21,105136.580039637,17955,0.246081871345029,0.0144193817878029,15.5249178501811,0,17998,99.7610845649517,TRUE,FALSE,TRUE,"n_users >= 85.0% de la mediana movil previa de 29 dias"
2022-09-22,104628.792538101,17947,0.07027358332869,0,16.4197804647016,0,17997,99.7221759182086,TRUE,FALSE,TRUE,"n_users >= 85.0% de la mediana movil previa de 29 dias"
2022-09-23,104879.061041046,17952,0.046813725490196,0,16.4197136809267,0,17997,99.7499583263877,TRUE,FALSE,TRUE,"n_users >= 85.0% de la mediana movil previa de 29 dias"
2022-09-24,105974.255533211,17946,1.17932686949738,0,14.0664939262232,0,17994,99.7332444148049,TRUE,FALSE,TRUE,"n_users >= 85.0% de la mediana movil previa de 29 dias"
2022-09-25,107345.812525673,17945,1.34829757592647,0,13.7384675397047,0,17991,99.7443166027458,TRUE,FALSE,TRUE,"n_users >= 85.0% de la mediana movil previa de 29 dias"
2022-09-26,107794.218539748,17953,0.831794129114916,0,14.3764830390462,0,17987,99.8109745927614,TRUE,FALSE,TRUE,"n_users >= 85.0% de la mediana movil previa de 29 dias"
2022-09-27,110138.022545279,17952,0.233957219251337,0,15.7918449197861,0,17986,99.8109640831758,TRUE,FALSE,TRUE,"n_users >= 85.0% de la mediana movil previa de 29 dias"
2022-09-28,110078.494531145,17954,0,0,16.4641194162859,0,17985,99.8276341395607,TRUE,FALSE,TRUE,"n_users >= 85.0% de la mediana movil previa de 29 dias"
2022-09-29,112721.168524814,17954,1.87608332405033,0,13.1239166759496,0,17980,99.8553948832036,TRUE,FALSE,TRUE,"n_users >= 85.0% de la mediana movil previa de 29 dias"
2022-09-30,108422.31104344,17953,0.923901297833225,0,14.1320002228042,0,17974,99.8831645710471,TRUE,FALSE,TRUE,"n_users >= 85.0% de la mediana movil previa de 29 dias"
2022-10-01,102967.340030179,17947,0.0234133838524544,0,16.1928623168217,0,17969,99.8775669208081,TRUE,FALSE,TRUE,"n_users >= 85.0% de la mediana movil previa de 29 dias"
2022-10-02,104742.846537419,17947,0,0,17.2884437510448,0,17964,99.9053662881318,TRUE,FALSE,TRUE,"n_users >= 85.0% de la mediana movil previa de 29 dias"
2022-10-03,106783.367061479,17966,0,0,18.170021151063,0,17962,100.022269235052,TRUE,FALSE,TRUE,"n_users >= 85.0% de la mediana movil previa de 29 dias"
2022-10-04,107242.758562225,17968,0,0,18.5775489759571,0,17962,100.033403852578,TRUE,FALSE,TRUE,"n_users >= 85.0% de la mediana movil previa de 29 dias"
2022-10-05,107936.626024929,17965,0,0,18.1401391594768,0,17962,100.016701926289,TRUE,FALSE,TRUE,"n_users >= 85.0% de la mediana movil previa de 29 dias"
2022-10-06,107722.144036609,17960,0,0,17.8961804008909,0,17962,99.9888653824741,TRUE,FALSE,TRUE,"n_users >= 85.0% de la mediana movil previa de 29 dias"
2022-10-07,104382.245030804,17951,0,0,17.4636621915213,0,17960,99.9498886414254,TRUE,FALSE,TRUE,"n_users >= 85.0% de la mediana movil previa de 29 dias"
2022-10-08,104730.76503068,17948,0.140472476041899,0,16.0394751504346,0,17958,99.9443145116383,TRUE,FALSE,TRUE,"n_users >= 85.0% de la mediana movil previa de 29 dias"
2022-10-09,105156.102557136,17946,0,0,19.5849102864147,0,17958,99.9331774139659,TRUE,FALSE,TRUE,"n_users >= 85.0% de la mediana movil previa de 29 dias"
2022-10-10,109559.692535362,17952,0,0,18.1242925579322,0,17955,99.9832915622389,TRUE,FALSE,TRUE,"n_users >= 85.0% de la mediana movil previa de 29 dias"
2022-10-11,108196.721036513,17955,0,0,17.5572598162071,0,17954,100.005569789462,TRUE,FALSE,TRUE,"n_users >= 85.0% de la mediana movil previa de 29 dias"
2022-10-12,110356.785037116,17950,0.0818941504178275,0,16.545025069638,1,17954,99.9777208421522,TRUE,FALSE,TRUE,"n_users >= 85.0% de la mediana movil previa de 29 dias"
2022-10-13,106451.711049383,17945,0,0,16.4459069378656,0,17954,99.9498718948424,TRUE,FALSE,TRUE,"n_users >= 85.0% de la mediana movil previa de 29 dias"
2022-10-14,104848.1920306,17949,0,0,18.8821995654356,0,17953,99.9777196011809,TRUE,FALSE,TRUE,"n_users >= 85.0% de la mediana movil previa de 29 dias"
2022-10-15,102506.715550711,17942,0,0,18.7908482889308,0,17953,99.9387289032474,TRUE,FALSE,TRUE,"n_users >= 85.0% de la mediana movil previa de 29 dias"
2022-10-16,105526.309045241,17939,0,0,21.1701265399408,0,17952,99.9275846702317,TRUE,FALSE,TRUE,"n_users >= 85.0% de la mediana movil previa de 29 dias"
2022-10-17,109029.36403648,17942,0,0.418515215695017,21.4001783524689,0,17952,99.9442959001782,TRUE,FALSE,TRUE,"n_users >= 85.0% de la mediana movil previa de 29 dias"
2022-10-18,108884.446527328,17935,0,1.73004739336495,23.1985280178425,0,17952,99.905303030303,TRUE,FALSE,TRUE,"n_users >= 85.0% de la mediana movil previa de 29 dias"
2022-10-19,109950.882540646,17926,0,0.918152404328916,22.496279147607,0,17951,99.8607319926466,TRUE,FALSE,TRUE,"n_users >= 85.0% de la mediana movil previa de 29 dias"
2022-10-20,110016.301534222,17922,0,0,19.879410780047,0,17950,99.8440111420613,TRUE,FALSE,TRUE,"n_users >= 85.0% de la mediana movil previa de 29 dias"
2022-10-21,107555.752550346,17924,0,0,19.5661571077885,0,17949,99.8607164744554,TRUE,FALSE,TRUE,"n_users >= 85.0% de la mediana movil previa de 29 dias"
2022-10-22,105123.783047584,17917,0,0.390455991516435,20.5609979349224,0,17949,99.8217170873029,TRUE,FALSE,TRUE,"n_users >= 85.0% de la mediana movil previa de 29 dias"
2022-10-23,107687.05705102,17911,0,0.634537435095753,21.5836134219195,0,17948,99.793848896813,TRUE,FALSE,TRUE,"n_users >= 85.0% de la mediana movil previa de 29 dias"
2022-10-24,108248.809554318,17918,0,0,18.8694050675297,0,17948,99.8328504568754,TRUE,FALSE,TRUE,"n_users >= 85.0% de la mediana movil previa de 29 dias"
2022-10-25,109633.323027191,17909,0,0.42887933441287,21.5822491484726,0,17948,99.782705593938,TRUE,FALSE,TRUE,"n_users >= 85.0% de la mediana movil previa de 29 dias"
2022-10-26,108998.498037745,17905,0,0.334632784138507,21.4056967327566,0,17947,99.7659776007132,TRUE,FALSE,TRUE,"n_users >= 85.0% de la mediana movil previa de 29 dias"
2022-10-27,109771.606026564,17904,0,2.62477100089364,24.2596849865949,0,17947,99.7604056388254,TRUE,FALSE,TRUE,"n_users >= 85.0% de la mediana movil previa de 29 dias"
2022-10-28,106796.020042386,17902,0,1.93478940900458,23.5571332811977,0,17946,99.7548200156024,TRUE,FALSE,TRUE,"n_users >= 85.0% de la mediana movil previa de 29 dias"
2022-10-29,102201.721059614,17895,0,1.22995250069854,22.3501648505172,0,17945,99.7213708553915,TRUE,FALSE,TRUE,"n_users >= 85.0% de la mediana movil previa de 29 dias"
2022-10-30,101977.356530992,17893,0.0598893422008606,0,17.5311686134243,0,17942,99.7268977817412,TRUE,FALSE,TRUE,"n_users >= 85.0% de la mediana movil previa de 29 dias"
2022-10-31,103994.996038764,17892,0.182562038900067,0,17.225229152694,0,17942,99.7213242670828,TRUE,FALSE,TRUE,"n_users >= 85.0% de la mediana movil previa de 29 dias"
2022-11-01,107088.54702784,17890,0.433068753493568,0,15.0045164896591,1,17939,99.7268521099281,TRUE,FALSE,TRUE,"n_users >= 85.0% de la mediana movil previa de 29 dias"
2022-11-02,108926.690543734,17887,0.520154302007045,0,14.7378766702076,0,17935,99.7323668804014,TRUE,FALSE,TRUE,"n_users >= 85.0% de la mediana movil previa de 29 dias"
2022-11-03,111983.830047217,17888,0.810828488372091,0,14.4076867173525,0,17926,99.7880174048868,TRUE,FALSE,TRUE,"n_users >= 85.0% de la mediana movil previa de 29 dias"
2022-11-04,110879.975528028,17883,4.12466588380024,0,10.8753341161997,0,17924,99.7712564159786,TRUE,FALSE,TRUE,"n_users >= 85.0% de la mediana movil previa de 29 dias"
2022-11-05,108893.536023256,17885,2.97552697791441,0,12.0244730220854,0,17922,99.7935498270282,TRUE,FALSE,TRUE,"n_users >= 85.0% de la mediana movil previa de 29 dias"
2022-11-06,111496.586039737,17884,1.81333035115188,0,13.3494743905166,0,17918,99.8102466793169,TRUE,FALSE,TRUE,"n_users >= 85.0% de la mediana movil previa de 29 dias"
2022-11-07,112247.30404885,17882,1.1837546135779,0,14.0197740744884,0,17917,99.8046547971201,TRUE,FALSE,TRUE,"n_users >= 85.0% de la mediana movil previa de 29 dias"
2022-11-08,113801.348023769,17884,0.133392976962648,0,18.1213486915679,0,17911,99.8492546479817,TRUE,FALSE,TRUE,"n_users >= 85.0% de la mediana movil previa de 29 dias"
2022-11-09,115381.027035153,17895,1.58281642917015,0,13.4450013970383,1,17909,99.9218270143503,TRUE,FALSE,TRUE,"n_users >= 85.0% de la mediana movil previa de 29 dias"
2022-11-10,113047.326548065,17888,2.01860465116281,0,12.9813953488372,0,17905,99.9050544540631,TRUE,FALSE,TRUE,"n_users >= 85.0% de la mediana movil previa de 29 dias"
2022-11-11,110105.921035811,17883,1.40253313202482,0,14.1182016440195,0,17904,99.8827077747989,TRUE,FALSE,TRUE,"n_users >= 85.0% de la mediana movil previa de 29 dias"
2022-11-12,109749.624534556,17882,0.223263617045073,0,17.6790068225028,0,17902,99.8882806390347,TRUE,FALSE,TRUE,"n_users >= 85.0% de la mediana movil previa de 29 dias"
2022-11-13,111157.822548878,17881,0.597472177171299,0,17.007337397237,0,17895,99.9217658563845,TRUE,FALSE,TRUE,"n_users >= 85.0% de la mediana movil previa de 29 dias"
2022-11-14,116337.969542336,17880,0.964720357941832,0,14.5060626398211,0,17895,99.9161777032691,TRUE,FALSE,TRUE,"n_users >= 85.0% de la mediana movil previa de 29 dias"
2022-11-15,117845.066528475,17885,0.706323734973436,0,14.4325915571709,0,17893,99.9552897781255,TRUE,FALSE,TRUE,"n_users >= 85.0% de la mediana movil previa de 29 dias"
2022-11-16,115886.468545113,17881,0.880034673675965,0,14.6016218332309,0,17892,99.9385200089425,TRUE,FALSE,TRUE,"n_users >= 85.0% de la mediana movil previa de 29 dias"
2022-11-17,115671.830551817,17880,0.814809843400439,0,14.2750894854588,0,17890,99.9441028507546,TRUE,FALSE,TRUE,"n_users >= 85.0% de la mediana movil previa de 29 dias"
2022-11-18,116950.577517646,17880,5.15238255033553,0,9.84761744966451,0,17888,99.9552772808587,TRUE,FALSE,TRUE,"n_users >= 85.0% de la mediana movil previa de 29 dias"
2022-11-19,124016.577528875,17877,7.15568607708228,0,7.84431392291773,0,17888,99.9385062611807,TRUE,FALSE,TRUE,"n_users >= 85.0% de la mediana movil previa de 29 dias"
2022-11-20,127000.930539031,17874,4.65849278281299,0,10.3415072171871,0,17887,99.9273215184212,TRUE,FALSE,TRUE,"n_users >= 85.0% de la mediana movil previa de 29 dias"
2022-11-21,130695.267041055,17873,4.31757399429305,0,10.6824260057069,0,17885,99.9329046687168,TRUE,FALSE,TRUE,"n_users >= 85.0% de la mediana movil previa de 29 dias"
2022-11-22,134108.673532505,17868,5.14088873964624,0,9.85911126035377,0,17885,99.9049482806821,TRUE,FALSE,TRUE,"n_users >= 85.0% de la mediana movil previa de 29 dias"
2022-11-23,127361.26252453,17859,2.25247774231478,0,12.7475222576851,0,17884,99.8602102437933,TRUE,FALSE,TRUE,"n_users >= 85.0% de la mediana movil previa de 29 dias"
2022-11-24,130475.770533062,17859,4.78268660059353,0,10.2173133994065,0,17884,99.8602102437933,TRUE,FALSE,TRUE,"n_users >= 85.0% de la mediana movil previa de 29 dias"
2022-11-25,125445.361529051,17862,5.29851080506095,0,9.70148919493894,0,17883,99.8825700385841,TRUE,FALSE,TRUE,"n_users >= 85.0% de la mediana movil previa de 29 dias"
2022-11-26,125446.300039254,17851,5.14753235112878,0,9.85246764887117,0,17883,99.8210591064139,TRUE,FALSE,TRUE,"n_users >= 85.0% de la mediana movil previa de 29 dias"
2022-11-27,127988.31904343,17851,4.3790599966389,0,10.6209400033612,0,17882,99.8266413152891,TRUE,FALSE,TRUE,"n_users >= 85.0% de la mediana movil previa de 29 dias"
2022-11-28,132530.371022711,17851,4.86661811663213,0,10.1333818833678,0,17882,99.8266413152891,TRUE,FALSE,TRUE,"n_users >= 85.0% de la mediana movil previa de 29 dias"
2022-11-29,133551.762540058,17846,5.10511038888269,0,9.89488961111743,0,17881,99.8042615066271,TRUE,FALSE,TRUE,"n_users >= 85.0% de la mediana movil previa de 29 dias"
2022-11-30,131126.806530726,17839,5.95501990021855,0,9.04498009978142,0,17881,99.7651138079526,TRUE,FALSE,TRUE,"n_users >= 85.0% de la mediana movil previa de 29 dias"
2022-12-01,134950.440529338,17833,9.04381203386974,0,5.9561879661303,0,17880,99.7371364653244,TRUE,FALSE,TRUE,"n_users >= 85.0% de la mediana movil previa de 29 dias"
2022-12-02,134064.803529555,17831,9.00467163927983,0,5.99532836072021,0,17880,99.7259507829978,TRUE,FALSE,TRUE,"n_users >= 85.0% de la mediana movil previa de 29 dias"
2022-12-03,137110.942039083,17831,10.3688688239583,0,4.63113117604172,1,17880,99.7259507829978,TRUE,FALSE,TRUE,"n_users >= 85.0% de la mediana movil previa de 29 dias"
2022-12-04,135321.915522987,17829,9.56086712659145,0,5.43913287340847,0,17877,99.7314985735862,TRUE,FALSE,TRUE,"n_users >= 85.0% de la mediana movil previa de 29 dias"
2022-12-05,137541.176037383,17829,7.63613214425944,0,7.36386785574057,0,17874,99.7482376636455,TRUE,FALSE,TRUE,"n_users >= 85.0% de la mediana movil previa de 29 dias"
2022-12-06,130288.722533266,17833,2.91033477261261,0,12.0896652273876,1,17873,99.7761987355229,TRUE,FALSE,TRUE,"n_users >= 85.0% de la mediana movil previa de 29 dias"
2022-12-07,127849.425016193,17826,3.63984629193314,0,11.3601537080669,0,17868,99.7649429147079,TRUE,FALSE,TRUE,"n_users >= 85.0% de la mediana movil previa de 29 dias"
2022-12-08,130011.287010126,17824,4.97873653500893,0,10.0212634649911,1,17862,99.7872578658605,TRUE,FALSE,TRUE,"n_users >= 85.0% de la mediana movil previa de 29 dias"
2022-12-09,126298.081039085,17824,4.77812499999997,0,10.2218749999999,0,17859,99.8040203818803,TRUE,FALSE,TRUE,"n_users >= 85.0% de la mediana movil previa de 29 dias"
2022-12-10,127590.39352287,17825,9.89196633941098,0,5.10803366058904,0,17859,99.8096197995409,TRUE,FALSE,TRUE,"n_users >= 85.0% de la mediana movil previa de 29 dias"
2022-12-11,142011.577022238,17823,10.0856365370588,0,4.91436346294118,0,17851,99.8431460422385,TRUE,FALSE,TRUE,"n_users >= 85.0% de la mediana movil previa de 29 dias"
2022-12-12,147573.499526079,17823,5.77764686079788,0,9.22235313920215,0,17851,99.8431460422385,TRUE,FALSE,TRUE,"n_users >= 85.0% de la mediana movil previa de 29 dias"
2022-12-13,137453.724027898,17826,1.91978009648829,0,13.0802199035118,0,17851,99.8599518234273,TRUE,FALSE,TRUE,"n_users >= 85.0% de la mediana movil previa de 29 dias"
2022-12-14,130823.74052468,17828,1.06670967018174,0,14.0964942786627,0,17846,99.8991370615264,TRUE,FALSE,TRUE,"n_users >= 85.0% de la mediana movil previa de 29 dias"
2022-12-15,130061.790530427,17818,2.96678639577954,0,12.0332136042204,0,17839,99.8822803968832,TRUE,FALSE,TRUE,"n_users >= 85.0% de la mediana movil previa de 29 dias"
2022-12-16,132288.09352835,17817,6.09312454397474,0,8.90687545602515,0,17833,99.9102786967981,TRUE,FALSE,TRUE,"n_users >= 85.0% de la mediana movil previa de 29 dias"
2022-12-17,130263.128531909,17818,7.13914580761032,0,7.86085419238969,0,17833,99.9158862782482,TRUE,FALSE,TRUE,"n_users >= 85.0% de la mediana movil previa de 29 dias"
2022-12-18,128684.89202769,17812,4.15472715023575,0,10.8452728497642,0,17831,99.893444002019,TRUE,FALSE,TRUE,"n_users >= 85.0% de la mediana movil previa de 29 dias"
2022-12-19,132719.759046712,17811,1.66401661894335,0,13.3359833810565,0,17831,99.8878357915989,TRUE,FALSE,TRUE,"n_users >= 85.0% de la mediana movil previa de 29 dias"
2022-12-20,130479.984026764,17810,2.15112296462662,0,12.9045648512073,0,17829,99.8934320489091,TRUE,FALSE,TRUE,"n_users >= 85.0% de la mediana movil previa de 29 dias"
2022-12-21,124342.25800565,17800,1.42866853932585,0,13.5713314606742,0,17829,99.8373436535981,TRUE,FALSE,TRUE,"n_users >= 85.0% de la mediana movil previa de 29 dias"
2022-12-22,125091.196543883,17800,0.844247191011233,0,14.7584044943821,0,17828,99.8429436840924,TRUE,FALSE,TRUE,"n_users >= 85.0% de la mediana movil previa de 29 dias"
2022-12-23,121355.441544449,17819,0.425489645883607,0,15.5386497558785,0,17826,99.9607315157635,TRUE,FALSE,TRUE,"n_users >= 85.0% de la mediana movil previa de 29 dias"
2022-12-24,122039.859042136,17820,1.38433221099889,0,13.6972278338945,0,17826,99.9663412992258,TRUE,FALSE,TRUE,"n_users >= 85.0% de la mediana movil previa de 29 dias"
2022-12-25,110757.134032405,17818,0.989516219553264,0,15.4990851947467,0,17825,99.960729312763,TRUE,FALSE,TRUE,"n_users >= 85.0% de la mediana movil previa de 29 dias"
2022-12-26,115933.126071448,17818,1.68072735436075,0,13.3192726456392,1,17824,99.9663375224416,TRUE,FALSE,TRUE,"n_users >= 85.0% de la mediana movil previa de 29 dias"
2022-12-27,117829.765525219,17816,3.02082959137857,0,11.9791704086216,0,17824,99.9551166965889,TRUE,FALSE,TRUE,"n_users >= 85.0% de la mediana movil previa de 29 dias"
2022-12-28,116422.365528911,17816,2.57002132914232,0,12.4299786708575,0,17823,99.9607249060203,TRUE,FALSE,TRUE,"n_users >= 85.0% de la mediana movil previa de 29 dias"
2022-12-29,120724.830026931,17812,2.11089714799013,0,12.8891028520098,0,17823,99.9382819951748,TRUE,FALSE,TRUE,"n_users >= 85.0% de la mediana movil previa de 29 dias"
2022-12-30,119386.261522915,17813,0.905686857912757,0,14.6785830573178,0,17820,99.9607182940516,TRUE,FALSE,TRUE,"n_users >= 85.0% de la mediana movil previa de 29 dias"
2022-12-31,120287.301538833,17809,0.659997753944639,0,17.0393789656914,0,17819,99.9438801279533,TRUE,FALSE,TRUE,"n_users >= 85.0% de la mediana movil previa de 29 dias"
2023-01-01,110052.490038022,17810,0.432728804042674,0,16.5106457046604,0,17818,99.9551015826692,TRUE,FALSE,TRUE,"n_users >= 85.0% de la mediana movil previa de 29 dias"
2023-01-02,117806.775062465,17813,4.48502778869358,0,10.5149722113063,0,17818,99.9719384891683,TRUE,FALSE,TRUE,"n_users >= 85.0% de la mediana movil previa de 29 dias"
2023-01-03,121269.864540031,17809,6.68447414228757,0,8.31552585771243,0,17818,99.9494892805029,TRUE,FALSE,TRUE,"n_users >= 85.0% de la mediana movil previa de 29 dias"
2023-01-04,123336.567013704,17806,5.82476693249469,0,9.17523306750529,0,17818,99.9326523740038,TRUE,FALSE,TRUE,"n_users >= 85.0% de la mediana movil previa de 29 dias"
2023-01-05,121138.409523066,17808,5.18817946990115,0,9.81182053009893,0,17817,99.9494864455295,TRUE,FALSE,TRUE,"n_users >= 85.0% de la mediana movil previa de 29 dias"
2023-01-06,118724.064047407,17798,6.71247331160794,0,8.28752668839202,1,17816,99.898967220476,TRUE,FALSE,TRUE,"n_users >= 85.0% de la mediana movil previa de 29 dias"
2023-01-07,123944.976041694,17800,5.09544943820223,0,9.90455056179772,0,17816,99.9101930848675,TRUE,FALSE,TRUE,"n_users >= 85.0% de la mediana movil previa de 29 dias"
2023-01-08,133635.334542386,17801,3.80548283804276,0,11.194517161957,0,17813,99.9326334699377,TRUE,FALSE,TRUE,"n_users >= 85.0% de la mediana movil previa de 29 dias"
2023-01-09,135162.875058887,17801,6.69485983933488,0,8.30514016066508,0,17813,99.9326334699377,TRUE,FALSE,TRUE,"n_users >= 85.0% de la mediana movil previa de 29 dias"
2023-01-10,134474.571025408,17800,5.5852528089888,0,9.41474719101121,0,17812,99.9326296878509,TRUE,FALSE,TRUE,"n_users >= 85.0% de la mediana movil previa de 29 dias"
2023-01-11,135476.590547139,17795,5.08019673989701,0,9.91980326010305,0,17812,99.9045587244554,TRUE,FALSE,TRUE,"n_users >= 85.0% de la mediana movil previa de 29 dias"
2023-01-12,134457.968513025,17796,6.91527309507761,0,8.08472690492241,0,17811,99.9157823816742,TRUE,FALSE,TRUE,"n_users >= 85.0% de la mediana movil previa de 29 dias"
2023-01-13,131621.846051781,17795,5.76389997190223,0,9.23610002809778,0,17810,99.9157776530039,TRUE,FALSE,TRUE,"n_users >= 85.0% de la mediana movil previa de 29 dias"
2023-01-14,126614.579524938,17792,3.82492131294962,0,11.1750786870503,0,17810,99.8989331836047,TRUE,FALSE,TRUE,"n_users >= 85.0% de la mediana movil previa de 29 dias"
2023-01-15,136936.931513321,17792,6.46895233812937,0,8.53104766187058,0,17809,99.9045426469763,TRUE,FALSE,TRUE,"n_users >= 85.0% de la mediana movil previa de 29 dias"
2023-01-16,145789.226514538,17791,6.58099038839861,0,8.41900961160131,0,17809,99.8989275085631,TRUE,FALSE,TRUE,"n_users >= 85.0% de la mediana movil previa de 29 dias"
2023-01-17,146703.896035265,17788,8.00359793118957,0,6.99640206881045,0,17808,99.8876909254268,TRUE,FALSE,TRUE,"n_users >= 85.0% de la mediana movil previa de 29 dias"
2023-01-18,154984.89852261,17784,11.3563090418354,0,3.64369095816463,0,17806,99.87644614175,TRUE,FALSE,TRUE,"n_users >= 85.0% de la mediana movil previa de 29 dias"
2023-01-19,155192.391058813,17783,8.83069270238276,0,6.16930729761726,0,17801,99.8988820852761,TRUE,FALSE,TRUE,"n_users >= 85.0% de la mediana movil previa de 29 dias"
2023-01-20,139553.987051774,17779,9.69998875077327,0,5.30001124922665,0,17801,99.8764114375597,TRUE,FALSE,TRUE,"n_users >= 85.0% de la mediana movil previa de 29 dias"
2023-01-21,146315.114547633,17785,11.7751363508574,0,3.22486364914251,0,17801,99.9101174091343,TRUE,FALSE,TRUE,"n_users >= 85.0% de la mediana movil previa de 29 dias"
2023-01-22,148895.604518517,17785,11.7518583075624,0,3.24814169243741,0,17801,99.9101174091343,TRUE,FALSE,TRUE,"n_users >= 85.0% de la mediana movil previa de 29 dias"
2023-01-23,160471.513544499,17784,12.2028058929377,0,2.79719410706257,0,17800,99.9101123595506,TRUE,FALSE,TRUE,"n_users >= 85.0% de la mediana movil previa de 29 dias"
2023-01-24,162519.377032411,17774,12.7465455159221,0,2.25345448407786,0,17800,99.8539325842697,TRUE,FALSE,TRUE,"n_users >= 85.0% de la mediana movil previa de 29 dias"
2023-01-25,162133.127538783,17763,11.0811124247032,0,3.91888757529701,0,17798,99.8033486908641,TRUE,FALSE,TRUE,"n_users >= 85.0% de la mediana movil previa de 29 dias"
2023-01-26,155721.389543792,17752,9.28811401532223,0,5.71188598467774,0,17796,99.7527534277366,TRUE,FALSE,TRUE,"n_users >= 85.0% de la mediana movil previa de 29 dias"
2023-01-27,153900.093045993,17748,10.8047216587785,0,4.19527834122156,0,17795,99.7358808654116,TRUE,FALSE,TRUE,"n_users >= 85.0% de la mediana movil previa de 29 dias"
2023-01-28,152950.197547873,17748,11.4812767635788,0,3.51872323642096,0,17795,99.7358808654116,TRUE,FALSE,TRUE,"n_users >= 85.0% de la mediana movil previa de 29 dias"
2023-01-29,155902.476023665,17746,11.808024343514,0,3.19197565648595,0,17792,99.7414568345324,TRUE,FALSE,TRUE,"n_users >= 85.0% de la mediana movil previa de 29 dias"
2023-01-30,155081.26856758,17746,10.3925447988279,0,4.60745520117216,0,17792,99.7414568345324,TRUE,FALSE,TRUE,"n_users >= 85.0% de la mediana movil previa de 29 dias"
2023-01-31,153096.10304863,17740,8.3769334836528,0,6.62306651634733,0,17791,99.7133382047102,TRUE,FALSE,TRUE,"n_users >= 85.0% de la mediana movil previa de 29 dias"
2023-02-01,149341.42753978,17739,7.82117368510049,0,7.17882631489948,0,17788,99.7245333932989,TRUE,FALSE,TRUE,"n_users >= 85.0% de la mediana movil previa de 29 dias"
2023-02-02,144681.416517949,17744,9.13781559963919,0,5.86218440036072,0,17785,99.7694686533596,TRUE,FALSE,TRUE,"n_users >= 85.0% de la mediana movil previa de 29 dias"
2023-02-03,140892.912529857,17736,9.09137911592246,0,5.90862088407758,0,17785,99.7244869271858,TRUE,FALSE,TRUE,"n_users >= 85.0% de la mediana movil previa de 29 dias"
2023-02-04,141522.497020158,17732,9.78548951048954,0,5.21451048951051,0,17784,99.7076023391813,TRUE,FALSE,TRUE,"n_users >= 85.0% de la mediana movil previa de 29 dias"
2023-02-05,143779.195068113,17740,7.10017474633594,0,7.89982525366407,0,17784,99.7525865946919,TRUE,FALSE,TRUE,"n_users >= 85.0% de la mediana movil previa de 29 dias"
2023-02-06,143406.353057521,17736,10.0142704104645,0,4.98572958953542,0,17783,99.7357026373503,TRUE,FALSE,TRUE,"n_users >= 85.0% de la mediana movil previa de 29 dias"
2023-02-07,153612.405547703,17731,11.4554170661553,0,3.54458293384468,0,17779,99.7300185612239,TRUE,FALSE,TRUE,"n_users >= 85.0% de la mediana movil previa de 29 dias"
2023-02-08,145994.235520074,17734,8.74483478064737,0,6.25516521935261,0,17774,99.7749521773377,TRUE,FALSE,TRUE,"n_users >= 85.0% de la mediana movil previa de 29 dias"
2023-02-09,145935.218016144,17729,9.22750296125,0,5.77249703874999,0,17763,99.8085908911783,TRUE,FALSE,TRUE,"n_users >= 85.0% de la mediana movil previa de 29 dias"
2023-02-10,142056.388522462,17738,9.88952531288766,0,5.11047468711241,0,17752,99.9211356466877,TRUE,FALSE,TRUE,"n_users >= 85.0% de la mediana movil previa de 29 dias"
2023-02-11,136662.935046261,17737,7.50125725883742,0,7.49874274116258,0,17748,99.9380211854857,TRUE,FALSE,TRUE,"n_users >= 85.0% de la mediana movil previa de 29 dias"
2023-02-12,136084.553026715,17735,5.66415562447132,0,9.33584437552868,0,17748,99.9267523101195,TRUE,FALSE,TRUE,"n_users >= 85.0% de la mediana movil previa de 29 dias"
2023-02-13,137507.441048167,17735,4.63592895404566,0,10.3640710459543,0,17746,99.9380142003832,TRUE,FALSE,TRUE,"n_users >= 85.0% de la mediana movil previa de 29 dias"
2023-02-14,134480.250525699,17731,3.2949072246348,0,11.7050927753651,0,17746,99.9154739096134,TRUE,FALSE,TRUE,"n_users >= 85.0% de la mediana movil previa de 29 dias"
2023-02-15,128310.37152708,17727,3.29999435888755,0,11.7000056411123,0,17744,99.9041929666366,TRUE,FALSE,TRUE,"n_users >= 85.0% de la mediana movil previa de 29 dias"
2023-02-16,127584.65055463,17728,5.29074909747294,0,9.70925090252702,0,17740,99.9323562570462,TRUE,FALSE,TRUE,"n_users >= 85.0% de la mediana movil previa de 29 dias"
2023-02-17,123392.699040332,17728,5.05961191335738,0,9.94038808664253,0,17740,99.9323562570462,TRUE,FALSE,TRUE,"n_users >= 85.0% de la mediana movil previa de 29 dias"
2023-02-18,117716.501032437,17730,3.64481105470952,0,11.3551889452905,0,17739,99.949264332826,TRUE,FALSE,TRUE,"n_users >= 85.0% de la mediana movil previa de 29 dias"
2023-02-19,121567.42403648,17728,5.15482287906135,0,9.84517712093872,0,17738,99.9436238583831,TRUE,FALSE,TRUE,"n_users >= 85.0% de la mediana movil previa de 29 dias"
2023-02-20,122170.973060637,17728,1.16723826714802,0,14.2796028880866,0,17737,99.9492586119411,TRUE,FALSE,TRUE,"n_users >= 85.0% de la mediana movil previa de 29 dias"
2023-02-21,120121.792039232,17726,1.47595058106737,0,13.7474500733384,0,17736,99.9436175011276,TRUE,FALSE,TRUE,"n_users >= 85.0% de la mediana movil previa de 29 dias"
2023-02-22,126863.450516853,17722,4.44991535944021,0,10.5500846405596,0,17736,99.9210645015787,TRUE,FALSE,TRUE,"n_users >= 85.0% de la mediana movil previa de 29 dias"
2023-02-23,137170.006534339,17725,8.94882933709442,0,6.05117066290552,0,17735,99.9436143219622,TRUE,FALSE,TRUE,"n_users >= 85.0% de la mediana movil previa de 29 dias"
2023-02-24,129631.473525567,17722,8.88799796862659,0,6.11200203137335,0,17735,99.9266986185509,TRUE,FALSE,TRUE,"n_users >= 85.0% de la mediana movil previa de 29 dias"
2023-02-25,129405.288549554,17715,9.03119954840529,0,5.96880045159467,0,17734,99.8928611706327,TRUE,FALSE,TRUE,"n_users >= 85.0% de la mediana movil previa de 29 dias"
2023-02-26,138646.711050271,17718,9.73877412800548,0,5.26122587199459,0,17732,99.9210466952402,TRUE,FALSE,TRUE,"n_users >= 85.0% de la mediana movil previa de 29 dias"
2023-02-27,153793.697534248,17718,13.1353087255897,0,1.86469127441022,0,17731,99.9266820822289,TRUE,FALSE,TRUE,"n_users >= 85.0% de la mediana movil previa de 29 dias"
2023-02-28,154912.112537735,17716,11.7677297358321,0,3.23227026416802,0,17731,99.9154024025718,TRUE,FALSE,TRUE,"n_users >= 85.0% de la mediana movil previa de 29 dias"
2023-03-01,148224.828042759,17730,11.9930738860686,0,3.00692611393114,0,17730,100,TRUE,FALSE,TRUE,"n_users >= 85.0% de la mediana movil previa de 29 dias"
2023-03-02,150120.087533171,17730,9.78582064297805,0,5.21417935702193,0,17730,100,TRUE,FALSE,TRUE,"n_users >= 85.0% de la mediana movil previa de 29 dias"
2023-03-03,145193.2750271,17732,9.88632979923291,0,5.11367020076695,0,17730,100.011280315849,TRUE,FALSE,TRUE,"n_users >= 85.0% de la mediana movil previa de 29 dias"
2023-03-04,134786.581038364,17734,9.40662005187771,0,5.59337994812227,0,17730,100.022560631698,TRUE,FALSE,TRUE,"n_users >= 85.0% de la mediana movil previa de 29 dias"
2023-03-05,134256.929041447,17737,9.13453233354002,0,5.86546766645989,0,17730,100.039481105471,TRUE,FALSE,TRUE,"n_users >= 85.0% de la mediana movil previa de 29 dias"
2023-03-06,136413.224019784,17737,6.92349890060323,0,8.07650109939677,0,17730,100.039481105471,TRUE,FALSE,TRUE,"n_users >= 85.0% de la mediana movil previa de 29 dias"
2023-03-07,135292.983021865,17734,4.7363933686703,0,10.2636066313296,0,17730,100.022560631698,TRUE,FALSE,TRUE,"n_users >= 85.0% de la mediana movil previa de 29 dias"
2023-03-08,124181.424544165,17737,0.61277555392682,0,15.8691210464002,0,17730,100.039481105471,TRUE,FALSE,TRUE,"n_users >= 85.0% de la mediana movil previa de 29 dias"
2023-03-09,117986.5345345,17732,0.18939205955335,0,15.7649390931646,0,17730,100.011280315849,TRUE,FALSE,TRUE,"n_users >= 85.0% de la mediana movil previa de 29 dias"
2023-03-10,113925.829533617,17736,0.740527740189444,0,14.5638813712224,0,17730,100.033840947547,TRUE,FALSE,TRUE,"n_users >= 85.0% de la mediana movil previa de 29 dias"
2023-03-11,114152.209537335,17738,0.456060435223814,0,15.4875972488442,0,17730,100.045121263395,TRUE,FALSE,TRUE,"n_users >= 85.0% de la mediana movil previa de 29 dias"
2023-03-12,111880.681038928,17738,0.0870222121997969,0,16.6414139136319,0,17730,100.045121263395,TRUE,FALSE,TRUE,"n_users >= 85.0% de la mediana movil previa de 29 dias"
2023-03-13,110949.179049879,17737,0.106331397643344,0,16.6978068444494,0,17730,100.039481105471,TRUE,FALSE,TRUE,"n_users >= 85.0% de la mediana movil previa de 29 dias"
2023-03-14,113474.384041426,17732,3.80171441461759,0,11.1982855853823,0,17730,100.011280315849,TRUE,FALSE,TRUE,"n_users >= 85.0% de la mediana movil previa de 29 dias"
2023-03-15,110727.482512168,17734,2.11410285327619,0,12.8858971467237,0,17730,100.022560631698,TRUE,FALSE,TRUE,"n_users >= 85.0% de la mediana movil previa de 29 dias"
2023-03-16,108410.238526746,17732,0.882585156778704,0,17.3330193999549,0,17730,100.011280315849,TRUE,FALSE,TRUE,"n_users >= 85.0% de la mediana movil previa de 29 dias"
2023-03-17,105305.378532176,17735,0.453583309839302,0,15.4498505779533,0,17730,100.028200789622,TRUE,FALSE,TRUE,"n_users >= 85.0% de la mediana movil previa de 29 dias"
2023-03-18,106859.422542698,17732,1.80801939995489,0,13.2478005865104,0,17732,100,TRUE,FALSE,TRUE,"n_users >= 85.0% de la mediana movil previa de 29 dias"
2023-03-19,110289.978017893,17730,4.12870840383531,0,10.8712915961649,0,17732,99.9887209564629,TRUE,FALSE,TRUE,"n_users >= 85.0% de la mediana movil previa de 29 dias"
2023-03-20,110409.624022788,17729,3.22152969710643,0,11.7784703028935,0,17732,99.9830814346943,TRUE,FALSE,TRUE,"n_users >= 85.0% de la mediana movil previa de 29 dias"
2023-03-21,110115.250543706,17718,3.3784964442939,0,11.6215035557059,0,17732,99.9210466952402,TRUE,FALSE,TRUE,"n_users >= 85.0% de la mediana movil previa de 29 dias"
2023-03-22,110779.1945548,17722,1.26326599706581,0,13.7367340029343,0,17732,99.9436047823145,TRUE,FALSE,TRUE,"n_users >= 85.0% de la mediana movil previa de 29 dias"
2023-03-23,108177.880025376,17727,0.0871213403283127,0,17.9150279235064,0,17732,99.9718023911572,TRUE,FALSE,TRUE,"n_users >= 85.0% de la mediana movil previa de 29 dias"
2023-03-24,107218.683560225,17727,1.51072375472443,0,13.6008574490889,0,17732,99.9718023911572,TRUE,FALSE,TRUE,"n_users >= 85.0% de la mediana movil previa de 29 dias"
2023-03-25,104821.695033803,17727,2.2238280588932,0,12.7761719411067,0,17732,99.9718023911572,TRUE,FALSE,TRUE,"n_users >= 85.0% de la mediana movil previa de 29 dias"
2023-03-26,108038.61502779,17735,2.31168311248944,0,12.6883168875106,0,17732,100.016918565306,TRUE,FALSE,TRUE,"n_users >= 85.0% de la mediana movil previa de 29 dias"
2023-03-27,109169.085025175,17735,4.65984212010148,0,10.3401578798986,0,17732,100.016918565306,TRUE,FALSE,TRUE,"n_users >= 85.0% de la mediana movil previa de 29 dias"
2023-03-28,106991.411048099,17743,1.16626275150764,0,14.9935242067295,0,17732,100.062034739454,TRUE,FALSE,TRUE,"n_users >= 85.0% de la mediana movil previa de 29 dias"
2023-03-29,104118.435535839,17750,0.127785915492957,0.0558084507042257,19.1835605633805,0,17732,100.101511391834,TRUE,FALSE,TRUE,"n_users >= 85.0% de la mediana movil previa de 29 dias"
2023-03-30,103160.995549009,17746,0,0,16.9476670799051,0,17734,100.067666629074,TRUE,FALSE,TRUE,"n_users >= 85.0% de la mediana movil previa de 29 dias"
2023-03-31,103653.94403038,17743,0.27118300174717,0,15.6099870371414,0,17734,100.050749971806,TRUE,FALSE,TRUE,"n_users >= 85.0% de la mediana movil previa de 29 dias"
2023-04-01,106303.955537195,17741,4.17774646299536,0,10.8222535370047,0,17734,100.039472200293,TRUE,FALSE,TRUE,"n_users >= 85.0% de la mediana movil previa de 29 dias"
2023-04-02,109264.569044225,17741,5.57649512428835,0,9.42350487571169,0,17735,100.033831406823,TRUE,FALSE,TRUE,"n_users >= 85.0% de la mediana movil previa de 29 dias"
2023-04-03,108328.955546001,17740,5.03553551296504,0,9.96446448703495,0,17735,100.028192839019,TRUE,FALSE,TRUE,"n_users >= 85.0% de la mediana movil previa de 29 dias"
2023-04-04,106886.549054385,17741,6.46978186122542,0,8.53021813877465,0,17735,100.033831406823,TRUE,FALSE,TRUE,"n_users >= 85.0% de la mediana movil previa de 29 dias"
2023-04-05,104852.721032766,17743,6.38758383587895,0,8.61241616412104,0,17735,100.04510854243,TRUE,FALSE,TRUE,"n_users >= 85.0% de la mediana movil previa de 29 dias"
2023-04-06,93241.7915583187,17743,4.42803922673731,0,10.5719607732627,1,17735,100.04510854243,TRUE,FALSE,TRUE,"n_users >= 85.0% de la mediana movil previa de 29 dias"
2023-04-07,87250.4910509289,17742,2.86451358358696,0,12.135486416413,1,17735,100.039469974626,TRUE,FALSE,TRUE,"n_users >= 85.0% de la mediana movil previa de 29 dias"
2023-04-08,85587.2685405399,17742,1.37254537256228,0,13.7316142486756,0,17736,100.033829499323,TRUE,FALSE,TRUE,"n_users >= 85.0% de la mediana movil previa de 29 dias"
2023-04-09,85203.5120548013,17742,0.249351820538834,0,16.0282493518205,0,17737,100.028189660033,TRUE,FALSE,TRUE,"n_users >= 85.0% de la mediana movil previa de 29 dias"
2023-04-10,90417.795039261,17742,2.14229511892687,0,13.0029534438059,1,17737,100.028189660033,TRUE,FALSE,TRUE,"n_users >= 85.0% de la mediana movil previa de 29 dias"
2023-04-11,95360.7200395655,17741,0.649974635026216,0,14.7624203821656,0,17737,100.022551728026,TRUE,FALSE,TRUE,"n_users >= 85.0% de la mediana movil previa de 29 dias"
2023-04-12,103075.962530919,17735,4.60713842683966,0,10.431609811108,0,17740,99.9718151071026,TRUE,FALSE,TRUE,"n_users >= 85.0% de la mediana movil previa de 29 dias"
2023-04-13,105386.354529819,17742,6.37684590237856,0,8.62315409762148,0,17740,100.011273957159,TRUE,FALSE,TRUE,"n_users >= 85.0% de la mediana movil previa de 29 dias"
2023-04-14,105708.843040976,17742,3.03880058617965,0,11.9611994138202,0,17741,100.005636660842,TRUE,FALSE,TRUE,"n_users >= 85.0% de la mediana movil previa de 29 dias"
2023-04-15,107800.503555558,17742,3.60520234471875,0,11.4238135497689,0,17741,100.005636660842,TRUE,FALSE,TRUE,"n_users >= 85.0% de la mediana movil previa de 29 dias"
2023-04-16,107991.821531837,17742,4.11927629354074,0,10.9967872844098,0,17741,100.005636660842,TRUE,FALSE,TRUE,"n_users >= 85.0% de la mediana movil previa de 29 dias"
2023-04-17,107784.028528574,17743,3.90956997125628,0,11.124319449924,0,17741,100.011273321684,TRUE,FALSE,TRUE,"n_users >= 85.0% de la mediana movil previa de 29 dias"
2023-04-18,106646.281053252,17748,3.28615055217485,0,11.7623056118998,0,17742,100.033818058843,TRUE,FALSE,TRUE,"n_users >= 85.0% de la mediana movil previa de 29 dias"
2023-04-19,104700.020045429,17751,0.765534336093737,0,14.6924567629993,0,17742,100.050727088265,TRUE,FALSE,TRUE,"n_users >= 85.0% de la mediana movil previa de 29 dias"
2023-04-20,103220.60353302,17755,0.917775274570542,0,14.2133089270628,0,17742,100.073272460827,TRUE,FALSE,TRUE,"n_users >= 85.0% de la mediana movil previa de 29 dias"
2023-04-21,100825.331543292,17756,0.54522414958324,0,15.0940132912817,0,17742,100.078908803968,TRUE,FALSE,TRUE,"n_users >= 85.0% de la mediana movil previa de 29 dias"
2023-04-22,101160.506555749,17756,1.25999098896149,0,13.8636855147557,0,17742,100.078908803968,TRUE,FALSE,TRUE,"n_users >= 85.0% de la mediana movil previa de 29 dias"
2023-04-23,107433.937536142,17755,1.09657561250353,0,13.92284426922,0,17742,100.073272460827,TRUE,FALSE,TRUE,"n_users >= 85.0% de la mediana movil previa de 29 dias"
2023-04-24,105348.60753451,17755,0.881723458180803,0,14.2493607434524,0,17742,100.073272460827,TRUE,FALSE,TRUE,"n_users >= 85.0% de la mediana movil previa de 29 dias"
2023-04-25,104700.809531729,17762,0,0,16.8713658371803,0,17742,100.112726862811,TRUE,FALSE,TRUE,"n_users >= 85.0% de la mediana movil previa de 29 dias"
2023-04-26,102617.812047917,17772,0,0,18.2800753995049,0,17743,100.16344473877,TRUE,FALSE,TRUE,"n_users >= 85.0% de la mediana movil previa de 29 dias"
2023-04-27,100299.759056589,17774,0,0.00974457072127824,19.2316754810394,0,17743,100.17471678972,TRUE,FALSE,TRUE,"n_users >= 85.0% de la mediana movil previa de 29 dias"
2023-04-28,98172.338544616,17776,0,0.0584608460846085,18.6664828982899,0,17743,100.18598884067,TRUE,FALSE,TRUE,"n_users >= 85.0% de la mediana movil previa de 29 dias"
2023-04-29,97388.0645287879,17780,0.440674915635548,0,15.5363442069744,0,17743,100.208532942569,TRUE,FALSE,TRUE,"n_users >= 85.0% de la mediana movil previa de 29 dias"
2023-04-30,93306.9005367107,17780,0.840776152980877,0,14.8287176602925,0,17743,100.208532942569,TRUE,FALSE,TRUE,"n_users >= 85.0% de la mediana movil previa de 29 dias"
2023-05-01,97204.9220386721,17791,1.26267775841719,0,14.0989994941261,1,17743,100.270529222792,TRUE,FALSE,TRUE,"n_users >= 85.0% de la mediana movil previa de 29 dias"
2023-05-02,99555.3375088066,17791,0.836209319318761,0,14.8232252262379,1,17743,100.270529222792,TRUE,FALSE,TRUE,"n_users >= 85.0% de la mediana movil previa de 29 dias"
2023-05-03,99561.859046511,17793,0,0.278199291856348,21.0574607991906,0,17748,100.25354969574,TRUE,FALSE,TRUE,"n_users >= 85.0% de la mediana movil previa de 29 dias"
2023-05-04,99398.416537232,17794,0,0,18.5889625716534,0,17751,100.24223987381,TRUE,FALSE,TRUE,"n_users >= 85.0% de la mediana movil previa de 29 dias"
2023-05-05,96533.3765450604,17796,0,0,17.0315126994831,0,17755,100.230920867361,TRUE,FALSE,TRUE,"n_users >= 85.0% de la mediana movil previa de 29 dias"
2023-05-06,97027.6960279973,17796,0.034794335805799,0,16.6970892335359,0,17755,100.230920867361,TRUE,FALSE,TRUE,"n_users >= 85.0% de la mediana movil previa de 29 dias"
2023-05-07,99981.5225377285,17796,0.307316250842889,0,15.4013598561476,0,17755,100.230920867361,TRUE,FALSE,TRUE,"n_users >= 85.0% de la mediana movil previa de 29 dias"
2023-05-08,99271.0900362819,17796,0.213469318948081,0,15.6042818610925,0,17756,100.225275963055,TRUE,FALSE,TRUE,"n_users >= 85.0% de la mediana movil previa de 29 dias"
2023-05-09,103476.903026118,17802,0.530726884619707,0,15.0593641163914,0,17756,100.259067357513,TRUE,FALSE,TRUE,"n_users >= 85.0% de la mediana movil previa de 29 dias"
2023-05-10,102203.586034039,17802,2.080547129536,0,13.12400292102,0,17762,100.22519986488,TRUE,FALSE,TRUE,"n_users >= 85.0% de la mediana movil previa de 29 dias"
2023-05-11,103597.053042286,17804,2.57566277241071,0,12.5022523028534,0,17772,100.180058519019,TRUE,FALSE,TRUE,"n_users >= 85.0% de la mediana movil previa de 29 dias"
2023-05-12,103061.812035157,17803,2.88056507330223,0,12.1194349266977,0,17774,100.16315967143,TRUE,FALSE,TRUE,"n_users >= 85.0% de la mediana movil previa de 29 dias"
2023-05-13,103826.473022221,17807,2.51271971696524,0,12.4872802830348,0,17776,100.174392439244,TRUE,FALSE,TRUE,"n_users >= 85.0% de la mediana movil previa de 29 dias"
2023-05-14,108207.31003852,17805,1.53656837966865,0,13.4634316203315,0,17780,100.140607424072,TRUE,FALSE,TRUE,"n_users >= 85.0% de la mediana movil previa de 29 dias"
2023-05-15,106107.77702415,17804,1.94129409121547,0,13.0782520781848,1,17780,100.134983127109,TRUE,FALSE,TRUE,"n_users >= 85.0% de la mediana movil previa de 29 dias"
2023-05-16,105846.514054061,17810,2.50508141493543,0,12.5437675463223,0,17791,100.106795570794,TRUE,FALSE,TRUE,"n_users >= 85.0% de la mediana movil previa de 29 dias"
2023-05-17,103507.928540089,17813,2.54551170493457,0,12.5228653230785,0,17791,100.123658029341,TRUE,FALSE,TRUE,"n_users >= 85.0% de la mediana movil previa de 29 dias"
2023-05-18,102579.817528636,17814,1.90720781407882,0,13.1611653755472,0,17793,100.118023942,TRUE,FALSE,TRUE,"n_users >= 85.0% de la mediana movil previa de 29 dias"
2023-05-19,99671.1860450937,17814,0.956966430897044,0,14.1313966543168,0,17794,100.112397437338,TRUE,FALSE,TRUE,"n_users >= 85.0% de la mediana movil previa de 29 dias"
2023-05-20,100797.13704344,17815,0.839433062026385,0,14.3274824586023,0,17796,100.106765565296,TRUE,FALSE,TRUE,"n_users >= 85.0% de la mediana movil previa de 29 dias"
2023-05-21,101264.599019625,17814,0.695767373975521,0,14.7817334680589,0,17796,100.101146325017,TRUE,FALSE,TRUE,"n_users >= 85.0% de la mediana movil previa de 29 dias"
2023-05-22,104716.247039953,17814,0.405737060738747,0,15.3864769282586,0,17796,100.101146325017,TRUE,FALSE,TRUE,"n_users >= 85.0% de la mediana movil previa de 29 dias"
2023-05-23,104357.092542277,17815,0,0,16.5382823463374,0,17796,100.106765565296,TRUE,FALSE,TRUE,"n_users >= 85.0% de la mediana movil previa de 29 dias"
2023-05-24,104430.278530367,17816,0,0,16.3383251010329,0,17802,100.078642849118,TRUE,FALSE,TRUE,"n_users >= 85.0% de la mediana movil previa de 29 dias"
2023-05-25,101826.912546542,17821,0.909073564895343,0,14.4535996857641,0,17802,100.106729580946,TRUE,FALSE,TRUE,"n_users >= 85.0% de la mediana movil previa de 29 dias"
2023-05-26,97334.8370517566,17829,0,0,16.2554489876045,0,17803,100.146042801775,TRUE,FALSE,TRUE,"n_users >= 85.0% de la mediana movil previa de 29 dias"
2023-05-27,94572.1390442122,17828,0,0.0555867175229978,20.8398137760827,0,17804,100.134801168277,TRUE,FALSE,TRUE,"n_users >= 85.0% de la mediana movil previa de 29 dias"
2023-05-28,98692.3170491664,17828,0,0,18.2782084361681,0,17804,100.134801168277,TRUE,FALSE,TRUE,"n_users >= 85.0% de la mediana movil previa de 29 dias"
2023-05-29,100009.681548783,17827,0,0,18.9439389689799,0,17805,100.123560797529,TRUE,FALSE,TRUE,"n_users >= 85.0% de la mediana movil previa de 29 dias"
2023-05-30,99510.738037533,17832,0,0,17.8476783310904,0,17807,100.140394226989,TRUE,FALSE,TRUE,"n_users >= 85.0% de la mediana movil previa de 29 dias"
2023-05-31,99684.015552773,17834,0,0,17.6935965010655,0,17810,100.134755755194,TRUE,FALSE,TRUE,"n_users >= 85.0% de la mediana movil previa de 29 dias"
2023-06-01,98576.4565534103,17792,0,0,17.967491007194,0,17813,99.8821085723909,TRUE,FALSE,TRUE,"n_users >= 85.0% de la mediana movil previa de 29 dias"
2023-06-02,94125.4420391697,17761,0,0,20.2031586059345,0,17813,99.70807836973,TRUE,FALSE,TRUE,"n_users >= 85.0% de la mediana movil previa de 29 dias"
2023-06-03,92388.4365285254,17760,0,0,19.6437331081084,0,17813,99.7024644922248,TRUE,FALSE,TRUE,"n_users >= 85.0% de la mediana movil previa de 29 dias"
2023-06-04,94997.2195440858,17758,0,0,19.3888838833204,0,17813,99.6912367372144,TRUE,FALSE,TRUE,"n_users >= 85.0% de la mediana movil previa de 29 dias"
2023-06-05,97892.0325384539,17759,0,0,19.8602736640577,0,17813,99.6968506147196,TRUE,FALSE,TRUE,"n_users >= 85.0% de la mediana movil previa de 29 dias"
2023-06-06,97801.8810455642,17762,0,0.279698232181061,21.5381375971176,0,17813,99.7136922472352,TRUE,FALSE,TRUE,"n_users >= 85.0% de la mediana movil previa de 29 dias"
2023-06-07,98804.3145365329,17765,0,0.440743034055724,21.6390768364762,0,17813,99.7305338797507,TRUE,FALSE,TRUE,"n_users >= 85.0% de la mediana movil previa de 29 dias"
2023-06-08,98852.5900407103,17763,0,1.49479817598378,23.2582502955581,0,17813,99.7193061247404,TRUE,FALSE,TRUE,"n_users >= 85.0% de la mediana movil previa de 29 dias"
2023-06-09,96519.2070379067,17764,0,0.921706822787657,22.6799707273138,0,17813,99.7249200022456,TRUE,FALSE,TRUE,"n_users >= 85.0% de la mediana movil previa de 29 dias"
2023-06-10,92629.0310369626,17762,0,0.00491498705100784,20.8527643283414,0,17813,99.7136922472352,TRUE,FALSE,TRUE,"n_users >= 85.0% de la mediana movil previa de 29 dias"
2023-06-11,96765.6855512664,17760,0,0.0294932432432433,20.5736711711709,0,17813,99.7024644922248,TRUE,FALSE,TRUE,"n_users >= 85.0% de la mediana movil previa de 29 dias"
2023-06-12,99027.9930235089,17760,0,0,20.3987162162164,0,17813,99.7024644922248,TRUE,FALSE,TRUE,"n_users >= 85.0% de la mediana movil previa de 29 dias"
2023-06-13,99567.4725353018,17760,0,0,18.3316835585587,0,17813,99.7024644922248,TRUE,FALSE,TRUE,"n_users >= 85.0% de la mediana movil previa de 29 dias"
2023-06-14,98326.2230416473,17757,0,0,18.2496705524583,0,17813,99.6856228597092,TRUE,FALSE,TRUE,"n_users >= 85.0% de la mediana movil previa de 29 dias"
2023-06-15,95396.503055308,17766,0,0.0786220871327254,19.5795114263199,0,17813,99.7361477572559,TRUE,FALSE,TRUE,"n_users >= 85.0% de la mediana movil previa de 29 dias"
2023-06-16,93715.3410634828,17769,0,0.157217626202938,20.9324610276322,0,17792,99.8707284172662,TRUE,FALSE,TRUE,"n_users >= 85.0% de la mediana movil previa de 29 dias"
2023-06-17,93623.5680587158,17774,0,0.77723641273771,21.3723078654217,0,17769,100.028138893579,TRUE,FALSE,TRUE,"n_users >= 85.0% de la mediana movil previa de 29 dias"
2023-06-18,96245.3635473045,17774,0,0.166996736806572,20.1098289636546,0,17769,100.028138893579,TRUE,FALSE,TRUE,"n_users >= 85.0% de la mediana movil previa de 29 dias"
2023-06-19,98423.8235435282,17774,0,0.22968380780916,21.1622988635087,0,17769,100.028138893579,TRUE,FALSE,TRUE,"n_users >= 85.0% de la mediana movil previa de 29 dias"
2023-06-20,99426.5280336742,17784,0,0.0589068825910932,20.1789642375168,0,17769,100.084416680736,TRUE,FALSE,TRUE,"n_users >= 85.0% de la mediana movil previa de 29 dias"
2023-06-21,100872.948529757,17785,0,0.0196345234748383,19.301793646331,0,17769,100.090044459452,TRUE,FALSE,TRUE,"n_users >= 85.0% de la mediana movil previa de 29 dias"
2023-06-22,96578.7980397191,17793,0,0.00981284774911479,19.856983083235,0,17769,100.135066689178,TRUE,FALSE,TRUE,"n_users >= 85.0% de la mediana movil previa de 29 dias"
2023-06-23,92080.8055466606,17793,0,0.232552127241048,20.6223683471032,0,17769,100.135066689178,TRUE,FALSE,TRUE,"n_users >= 85.0% de la mediana movil previa de 29 dias"
2023-06-24,89713.7145459964,17793,0,0.820103411453944,22.4385488675322,0,17769,100.135066689178,TRUE,FALSE,TRUE,"n_users >= 85.0% de la mediana movil previa de 29 dias"
2023-06-25,92722.5925360851,17793,0,0.62281234193222,21.8730006182205,0,17769,100.135066689178,TRUE,FALSE,TRUE,"n_users >= 85.0% de la mediana movil previa de 29 dias"
2023-06-26,97265.0765415644,17792,0,0.347976618705036,21.0686319694243,0,17769,100.129438910462,TRUE,FALSE,TRUE,"n_users >= 85.0% de la mediana movil previa de 29 dias"
2023-06-27,97126.1410499623,17796,0,0.33396268824455,20.0001292425265,0,17769,100.151950025325,TRUE,FALSE,TRUE,"n_users >= 85.0% de la mediana movil previa de 29 dias"
2023-06-28,96665.8950201136,17796,0,0.37429759496516,20.3809788716567,0,17769,100.151950025325,TRUE,FALSE,TRUE,"n_users >= 85.0% de la mediana movil previa de 29 dias"
2023-06-29,96260.2400305456,17800,0,0.299516853932584,19.0828932584271,0,17769,100.174461140188,TRUE,FALSE,TRUE,"n_users >= 85.0% de la mediana movil previa de 29 dias"
2023-06-30,92166.2950319136,17806,0,0.0785353251712905,17.6885319555207,0,17769,100.208227812482,TRUE,FALSE,TRUE,"n_users >= 85.0% de la mediana movil previa de 29 dias"
2023-07-01,89847.5750334101,17807,0,0.166878193968664,19.7001909361484,0,17769,100.213855591198,TRUE,FALSE,TRUE,"n_users >= 85.0% de la mediana movil previa de 29 dias"
2023-07-02,91649.7140461882,17806,0,0.299415927215546,20.2630798607212,0,17774,100.18003825813,TRUE,FALSE,TRUE,"n_users >= 85.0% de la mediana movil previa de 29 dias"
2023-07-03,94906.245540448,17805,0,0.348520078629599,19.9047233923052,0,17774,100.174412062563,TRUE,FALSE,TRUE,"n_users >= 85.0% de la mediana movil previa de 29 dias"
2023-07-04,96219.4445477838,17806,0,0.255531843198921,19.8633718971133,0,17774,100.18003825813,TRUE,FALSE,TRUE,"n_users >= 85.0% de la mediana movil previa de 29 dias"
2023-07-05,96057.6670319608,17808,0,0.216194968553459,20.1494272237199,0,17784,100.134952766532,TRUE,FALSE,TRUE,"n_users >= 85.0% de la mediana movil previa de 29 dias"
2023-07-06,95369.4565467451,17810,0,0.324626614261651,20.731094890511,0,17785,100.140567894293,TRUE,FALSE,TRUE,"n_users >= 85.0% de la mediana movil previa de 29 dias"
2023-07-07,93667.4930306209,17812,0,1.98082753200091,23.8871378845722,0,17792,100.112410071942,TRUE,FALSE,TRUE,"n_users >= 85.0% de la mediana movil previa de 29 dias"
2023-07-08,89344.5450401121,17811,0,0.591780360451406,22.1901184661164,0,17793,100.101163378857,TRUE,FALSE,TRUE,"n_users >= 85.0% de la mediana movil previa de 29 dias"
2023-07-09,92548.7590317344,17811,0,0.756577395991244,21.7550614788613,0,17793,100.101163378857,TRUE,FALSE,TRUE,"n_users >= 85.0% de la mediana movil previa de 29 dias"
2023-07-10,95494.3890442635,17810,0,1.79302638966871,23.2306681639525,0,17793,100.095543191143,TRUE,FALSE,TRUE,"n_users >= 85.0% de la mediana movil previa de 29 dias"
2023-07-11,98925.8830357888,17813,0,0.998950204906525,21.1933026441365,0,17793,100.112403754285,TRUE,FALSE,TRUE,"n_users >= 85.0% de la mediana movil previa de 29 dias"
2023-07-12,95866.9435457113,17810,0,0.226513194834363,20.6279337450869,0,17796,100.078669363902,TRUE,FALSE,TRUE,"n_users >= 85.0% de la mediana movil previa de 29 dias"
2023-07-13,95265.7460470533,17812,0,0.266180103301145,20.7111947002024,0,17796,100.089907844459,TRUE,FALSE,TRUE,"n_users >= 85.0% de la mediana movil previa de 29 dias"
2023-07-14,93715.9925368223,17813,0,3.52567226183128,25.5256722618311,0,17800,100.073033707865,TRUE,FALSE,TRUE,"n_users >= 85.0% de la mediana movil previa de 29 dias"
2023-07-15,92020.285051143,17814,0,0.280616369147861,19.6517458178962,0,17805,100.050547598989,TRUE,FALSE,TRUE,"n_users >= 85.0% de la mediana movil previa de 29 dias"
2023-07-16,90355.0630492151,17814,0,0.226462332996519,19.6012181430337,0,17806,100.044928675727,TRUE,FALSE,TRUE,"n_users >= 85.0% de la mediana movil previa de 29 dias"
2023-07-17,95277.4245456959,17814,0,0.699842820253736,21.7106489278093,0,17806,100.044928675727,TRUE,FALSE,TRUE,"n_users >= 85.0% de la mediana movil previa de 29 dias"
2023-07-18,97207.5065306453,17812,0,1.58324724904559,22.6961149786663,0,17806,100.033696506795,TRUE,FALSE,TRUE,"n_users >= 85.0% de la mediana movil previa de 29 dias"
2023-07-19,97508.1525340393,17813,0,0.497260427777467,20.4250210520408,0,17807,100.033694614477,TRUE,FALSE,TRUE,"n_users >= 85.0% de la mediana movil previa de 29 dias"
2023-07-20,95817.1660535219,17816,0,0.275976650202066,19.6365065110014,0,17808,100.044923629829,TRUE,FALSE,TRUE,"n_users >= 85.0% de la mediana movil previa de 29 dias"
2023-07-21,93504.8180468096,17819,0,0.21680228969078,19.4993097255737,0,17810,100.050533408198,TRUE,FALSE,TRUE,"n_users >= 85.0% de la mediana movil previa de 29 dias"
2023-07-22,88141.5705434935,17818,0,0.198091817263441,20.0690986642723,0,17810,100.044918585065,TRUE,FALSE,TRUE,"n_users >= 85.0% de la mediana movil previa de 29 dias"
2023-07-23,88787.6595476174,17816,0,0.745172878311633,21.4025145936241,0,17810,100.033688938798,TRUE,FALSE,TRUE,"n_users >= 85.0% de la mediana movil previa de 29 dias"
2023-07-24,93033.8580622112,17817,0,0.147836336083516,18.8927092103046,0,17811,100.03368704733,TRUE,FALSE,TRUE,"n_users >= 85.0% de la mediana movil previa de 29 dias"
2023-07-25,89576.7715611323,17820,0,0.128249158249158,18.0197194163861,1,17811,100.050530570995,TRUE,FALSE,TRUE,"n_users >= 85.0% de la mediana movil previa de 29 dias"
2023-07-26,91179.7040591546,17819,0,0.167529042033784,20.117296144565,0,17812,100.039299348754,TRUE,FALSE,TRUE,"n_users >= 85.0% de la mediana movil previa de 29 dias"
2023-07-27,93096.6105346448,17824,0,0.353035233393179,21.2996858168758,0,17812,100.067370312149,TRUE,FALSE,TRUE,"n_users >= 85.0% de la mediana movil previa de 29 dias"
2023-07-28,90685.6755347287,17826,0,1.29290362392013,23.2109110288345,0,17812,100.078598697507,TRUE,FALSE,TRUE,"n_users >= 85.0% de la mediana movil previa de 29 dias"
2023-07-29,88408.5050438789,17831,0,0.715125343502894,22.2466995681679,0,17813,100.101049795093,TRUE,FALSE,TRUE,"n_users >= 85.0% de la mediana movil previa de 29 dias"
2023-07-30,87883.6390349322,17831,0,0.345073187145982,20.2808928270989,0,17813,100.101049795093,TRUE,FALSE,TRUE,"n_users >= 85.0% de la mediana movil previa de 29 dias"
2023-07-31,87439.040548987,17831,0,0.394369356738265,20.4326397846443,0,17813,100.101049795093,TRUE,FALSE,TRUE,"n_users >= 85.0% de la mediana movil previa de 29 dias"
2023-08-01,91963.9570394213,17829,0,0.340181726400807,21.111234505581,0,17814,100.0842034355,TRUE,FALSE,TRUE,"n_users >= 85.0% de la mediana movil previa de 29 dias"
2023-08-02,93219.4980375671,17828,0,1.38414853040161,23.3841485304015,0,17814,100.078589873133,TRUE,FALSE,TRUE,"n_users >= 85.0% de la mediana movil previa de 29 dias"
2023-08-03,91705.2680327002,17824,0,0.236445242369839,18.6187051166967,0,17814,100.056135623667,TRUE,FALSE,TRUE,"n_users >= 85.0% de la mediana movil previa de 29 dias"
2023-08-04,89214.8125431207,17821,0,0.0197295325739296,17.527394646765,0,17816,100.028064660979,TRUE,FALSE,TRUE,"n_users >= 85.0% de la mediana movil previa de 29 dias"
2023-08-05,84414.0430603583,17819,0,0.103591671810988,18.3107806274201,0,17816,100.016838796587,TRUE,FALSE,TRUE,"n_users >= 85.0% de la mediana movil previa de 29 dias"
2023-08-06,84121.278557538,17818,0,0.315725670670109,18.5156583230439,0,17817,100.005612617163,TRUE,FALSE,TRUE,"n_users >= 85.0% de la mediana movil previa de 29 dias"
2023-08-07,85390.8610458213,17818,0,0.266393534627904,18.5630037041195,0,17818,100,TRUE,FALSE,TRUE,"n_users >= 85.0% de la mediana movil previa de 29 dias"
2023-08-08,85289.039551644,17817,0,0.436122804063534,20.9082617724645,0,17818,99.9943876978336,TRUE,FALSE,TRUE,"n_users >= 85.0% de la mediana movil previa de 29 dias"
2023-08-09,87922.7780501792,17813,0,4.2428900241397,26.2428900241397,0,17818,99.9719384891683,TRUE,FALSE,TRUE,"n_users >= 85.0% de la mediana movil previa de 29 dias"
2023-08-10,88719.6495418337,17812,0,1.08373568380867,22.6020379519425,0,17818,99.9663261870019,TRUE,FALSE,TRUE,"n_users >= 85.0% de la mediana movil previa de 29 dias"
2023-08-11,87544.0825339757,17811,0,1.54817809219022,23.0665206894613,0,17818,99.9607138848356,TRUE,FALSE,TRUE,"n_users >= 85.0% de la mediana movil previa de 29 dias"
2023-08-12,86707.926544739,17809,0,0.700859116177218,21.8596383850865,0,17818,99.9494892805029,TRUE,FALSE,TRUE,"n_users >= 85.0% de la mediana movil previa de 29 dias"
2023-08-13,86354.3460316206,17809,0,1.14878993767196,21.6231175248469,0,17818,99.9494892805029,TRUE,FALSE,TRUE,"n_users >= 85.0% de la mediana movil previa de 29 dias"
2023-08-14,87433.4400503041,17809,0,1.22370149924195,22.3406872929413,0,17818,99.9494892805029,TRUE,FALSE,TRUE,"n_users >= 85.0% de la mediana movil previa de 29 dias"
2023-08-15,86326.6455482877,17809,0,0.868572070301541,21.8015946993096,1,17818,99.9494892805029,TRUE,FALSE,TRUE,"n_users >= 85.0% de la mediana movil previa de 29 dias"
2023-08-16,89711.8540226911,17804,0,0.868939564142891,21.8214783194788,0,17818,99.9214277696711,TRUE,FALSE,TRUE,"n_users >= 85.0% de la mediana movil previa de 29 dias"
2023-08-17,89156.5385527509,17804,0,2.27954392271398,23.8381599640529,0,17818,99.9214277696711,TRUE,FALSE,TRUE,"n_users >= 85.0% de la mediana movil previa de 29 dias"
2023-08-18,89450.1805525685,17800,0,4.89228089887639,26.8922808988766,0,17818,99.8989785610057,TRUE,FALSE,TRUE,"n_users >= 85.0% de la mediana movil previa de 29 dias"
2023-08-19,87966.5810528329,17800,0,3.26793258426969,25.2679325842695,0,17818,99.8989785610057,TRUE,FALSE,TRUE,"n_users >= 85.0% de la mediana movil previa de 29 dias"
2023-08-20,89759.7700408526,17799,0,2.15721669756727,24.0769874712058,0,17818,99.8933662588394,TRUE,FALSE,TRUE,"n_users >= 85.0% de la mediana movil previa de 29 dias"
2023-08-21,93167.1750471355,17799,0,3.09430866902636,25.0943086690263,0,17817,99.8989728910591,TRUE,FALSE,TRUE,"n_users >= 85.0% de la mediana movil previa de 29 dias"
2023-08-22,94162.3000377311,17798,0,3.24000449488705,25.2400044948867,0,17817,99.8933602738957,TRUE,FALSE,TRUE,"n_users >= 85.0% de la mediana movil previa de 29 dias"
2023-08-23,97060.770533803,17797,0,7.91006349384731,29.9100634938472,0,17817,99.8877476567323,TRUE,FALSE,TRUE,"n_users >= 85.0% de la mediana movil previa de 29 dias"
2023-08-24,98318.4580463044,17792,0,5.9911083633094,27.9911083633092,0,17813,99.8821085723909,TRUE,FALSE,TRUE,"n_users >= 85.0% de la mediana movil previa de 29 dias"
2023-08-25,95480.7245364259,17792,0,0.644216501798562,21.4119885341726,0,17812,99.8877161464181,TRUE,FALSE,TRUE,"n_users >= 85.0% de la mediana movil previa de 29 dias"
2023-08-26,91807.7870467452,17792,0,0.275719424460432,18.3941153327335,0,17811,99.8933243501207,TRUE,FALSE,TRUE,"n_users >= 85.0% de la mediana movil previa de 29 dias"
2023-08-27,92878.2860393303,17791,0,0,17.1238378955652,0,17809,99.8989275085631,TRUE,FALSE,TRUE,"n_users >= 85.0% de la mediana movil previa de 29 dias"
2023-08-28,96187.7405516829,17791,0,0,18.5004496655612,0,17809,99.8989275085631,TRUE,FALSE,TRUE,"n_users >= 85.0% de la mediana movil previa de 29 dias"
2023-08-29,96122.1990516545,17789,0,0.0590926977345551,18.3192534712464,0,17809,99.8876972317368,TRUE,FALSE,TRUE,"n_users >= 85.0% de la mediana movil previa de 29 dias"
2023-08-30,95758.4595490899,17787,0,0,17.9172879068982,0,17809,99.8764669549104,TRUE,FALSE,TRUE,"n_users >= 85.0% de la mediana movil previa de 29 dias"
2023-08-31,94239.0945299166,17785,0,0.0689569862243463,19.3602504966607,0,17804,99.8932824084475,TRUE,FALSE,TRUE,"n_users >= 85.0% de la mediana movil previa de 29 dias"
2023-09-01,94331.226541259,17783,0,0.118225271326548,20.1863679880138,0,17804,99.8820489777578,TRUE,FALSE,TRUE,"n_users >= 85.0% de la mediana movil previa de 29 dias"
2023-09-02,100691.990550666,17780,0.0918222722159727,0,17.1497919010121,0,17800,99.8876404494382,TRUE,FALSE,TRUE,"n_users >= 85.0% de la mediana movil previa de 29 dias"
2023-09-03,97722.4395462078,17780,0,0,19.8885151856019,0,17800,99.8876404494382,TRUE,FALSE,TRUE,"n_users >= 85.0% de la mediana movil previa de 29 dias"
2023-09-04,100408.004547216,17780,0,3.37278402699657,25.274246344207,0,17799,99.8932524299118,TRUE,FALSE,TRUE,"n_users >= 85.0% de la mediana movil previa de 29 dias"
2023-09-05,99901.4015427209,17776,0,3.78038928892888,25.745235148515,0,17799,99.8707792572616,TRUE,FALSE,TRUE,"n_users >= 85.0% de la mediana movil previa de 29 dias"
2023-09-06,101310.872523731,17773,0,3.62024981713839,25.6202498171387,0,17798,99.8595347791887,TRUE,FALSE,TRUE,"n_users >= 85.0% de la mediana movil previa de 29 dias"
2023-09-07,102020.492536647,17770,0,4.18221722003374,26.1822172200339,0,17797,99.8482890374782,TRUE,FALSE,TRUE,"n_users >= 85.0% de la mediana movil previa de 29 dias"
2023-09-08,100123.007049519,17766,0,3.6127772149049,25.6127772149048,0,17792,99.8538669064748,TRUE,FALSE,TRUE,"n_users >= 85.0% de la mediana movil previa de 29 dias"
2023-09-09,96620.7195372608,17763,0,4.04247030343971,26.0424703034398,0,17792,99.8370053956834,TRUE,FALSE,TRUE,"n_users >= 85.0% de la mediana movil previa de 29 dias"
2023-09-10,99580.112525716,17761,0,1.12747030009571,23.1274703000956,0,17792,99.8257643884892,TRUE,FALSE,TRUE,"n_users >= 85.0% de la mediana movil previa de 29 dias"
2023-09-11,104988.48054867,17761,0,0.298299645290241,21.9221609143632,0,17791,99.8313754145354,TRUE,FALSE,TRUE,"n_users >= 85.0% de la mediana movil previa de 29 dias"
2023-09-12,103297.681537124,17757,0,0,20.0877625725065,0,17791,99.8088921364735,TRUE,FALSE,TRUE,"n_users >= 85.0% de la mediana movil previa de 29 dias"
2023-09-13,102091.09653926,17756,0,0.0197341743635953,19.1008109934669,0,17789,99.8144921018607,TRUE,FALSE,TRUE,"n_users >= 85.0% de la mediana movil previa de 29 dias"
2023-09-14,101020.325044241,17754,0,0.0394727948631294,20.4243156471779,0,17787,99.8144712430427,TRUE,FALSE,TRUE,"n_users >= 85.0% de la mediana movil previa de 29 dias"
2023-09-15,99441.5225568083,17750,0,0,20.7201690140846,0,17785,99.8032049479899,TRUE,FALSE,TRUE,"n_users >= 85.0% de la mediana movil previa de 29 dias"
2023-09-16,97291.4755346251,17748,0,0.624442190669369,22.1592855533016,0,17783,99.8031828150481,TRUE,FALSE,TRUE,"n_users >= 85.0% de la mediana movil previa de 29 dias"
2023-09-17,100359.508541206,17746,0,0.400991772793869,21.6091400879071,0,17780,99.8087739032621,TRUE,FALSE,TRUE,"n_users >= 85.0% de la mediana movil previa de 29 dias"
2023-09-18,101472.853034786,17746,0,0,20.2139975205683,0,17780,99.8087739032621,TRUE,FALSE,TRUE,"n_users >= 85.0% de la mediana movil previa de 29 dias"
2023-09-19,100860.203043343,17745,0,0,19.7838377007608,0,17780,99.8031496062992,TRUE,FALSE,TRUE,"n_users >= 85.0% de la mediana movil previa de 29 dias"
2023-09-20,100578.426546608,17742,0,0,20.3361120505016,0,17776,99.8087308730873,TRUE,FALSE,TRUE,"n_users >= 85.0% de la mediana movil previa de 29 dias"
2023-09-21,104203.786035966,17739,0,0,18.0176165511021,0,17773,99.8086985877455,TRUE,FALSE,TRUE,"n_users >= 85.0% de la mediana movil previa de 29 dias"
2023-09-22,99814.4550208176,17733,0.326464783172617,0,14.8537190548694,0,17770,99.7917839054586,TRUE,FALSE,TRUE,"n_users >= 85.0% de la mediana movil previa de 29 dias"
2023-09-23,95479.9845444837,17731,0.164311093564943,0,16.1095482488296,0,17766,99.8029944838456,TRUE,FALSE,TRUE,"n_users >= 85.0% de la mediana movil previa de 29 dias"
2023-09-24,96652.0735320367,17731,0,0,19.7877107890134,0,17763,99.8198502505207,TRUE,FALSE,TRUE,"n_users >= 85.0% de la mediana movil previa de 29 dias"
2023-09-25,99421.7915448414,17731,0,0,19.4248773334836,0,17761,99.831090591746,TRUE,FALSE,TRUE,"n_users >= 85.0% de la mediana movil previa de 29 dias"
2023-09-26,100109.330539095,17731,0,0,19.0262703739214,0,17761,99.831090591746,TRUE,FALSE,TRUE,"n_users >= 85.0% de la mediana movil previa de 29 dias"
2023-09-27,100803.165045639,17725,0,0.251289139633286,21.4794414668547,0,17757,99.8197893788365,TRUE,FALSE,TRUE,"n_users >= 85.0% de la mediana movil previa de 29 dias"
2023-09-28,99653.1710402968,17718,0,0.315814426007451,21.9166892425782,0,17756,99.785987835098,TRUE,FALSE,TRUE,"n_users >= 85.0% de la mediana movil previa de 29 dias"
2023-09-29,97805.2590348672,17714,0,0.00492266004290399,20.8273794738622,0,17754,99.774698659457,TRUE,FALSE,TRUE,"n_users >= 85.0% de la mediana movil previa de 29 dias"
2023-09-30,95112.1545477846,17708,0,1.01152586401627,22.980906934719,0,17750,99.7633802816901,TRUE,FALSE,TRUE,"n_users >= 85.0% de la mediana movil previa de 29 dias"
2023-10-01,97857.8155563958,17706,0,1.48036823675592,23.456918558681,0,17748,99.763353617309,TRUE,FALSE,TRUE,"n_users >= 85.0% de la mediana movil previa de 29 dias"
2023-10-02,103211.959059603,17706,0,2.57553371738394,24.5399977408787,0,17746,99.7745970923025,TRUE,FALSE,TRUE,"n_users >= 85.0% de la mediana movil previa de 29 dias"
2023-10-03,104732.290536871,17703,0,0,19.3846353725358,0,17746,99.7576918742252,TRUE,FALSE,TRUE,"n_users >= 85.0% de la mediana movil previa de 29 dias"
2023-10-04,103229.415022215,17699,0,0,19.5407819650827,0,17745,99.7407720484644,TRUE,FALSE,TRUE,"n_users >= 85.0% de la mediana movil previa de 29 dias"
2023-10-05,101728.797541276,17696,0,0.0394213381555154,20.5664387432189,0,17742,99.7407282155338,TRUE,FALSE,TRUE,"n_users >= 85.0% de la mediana movil previa de 29 dias"
2023-10-06,99014.3720427753,17691,0,0.0246452998699904,20.5297891583293,0,17739,99.7294097750719,TRUE,FALSE,TRUE,"n_users >= 85.0% de la mediana movil previa de 29 dias"
2023-10-07,96576.8295350795,17685,0,0.872536047497882,22.611422109132,0,17733,99.7293182202673,TRUE,FALSE,TRUE,"n_users >= 85.0% de la mediana movil previa de 29 dias"
2023-10-08,98537.345536302,17684,0,0.637152228002713,22.2427618185931,0,17731,99.7349275280582,TRUE,FALSE,TRUE,"n_users >= 85.0% de la mediana movil previa de 29 dias"
2023-10-09,101624.245046279,17684,0,0,19.3243440398101,0,17731,99.7349275280582,TRUE,FALSE,TRUE,"n_users >= 85.0% de la mediana movil previa de 29 dias"
2023-10-10,100719.812537407,17682,0,0,19.6616446103383,0,17731,99.7236478484011,TRUE,FALSE,TRUE,"n_users >= 85.0% de la mediana movil previa de 29 dias"
2023-10-11,98499.4230580663,17681,0,0.673332956280744,21.5474011650928,0,17731,99.7180080085726,TRUE,FALSE,TRUE,"n_users >= 85.0% de la mediana movil previa de 29 dias"
2023-10-12,92797.1830333095,17676,0,0.949077845666445,21.795626838651,1,17725,99.7235543018336,TRUE,FALSE,TRUE,"n_users >= 85.0% de la mediana movil previa de 29 dias"
2023-10-13,93306.016534745,17676,0,0.904152523195288,21.8420570264765,0,17718,99.7629529292245,TRUE,FALSE,TRUE,"n_users >= 85.0% de la mediana movil previa de 29 dias"
2023-10-14,95810.0945332919,17675,0,0,17.9055671852899,0,17714,99.7798351586316,TRUE,FALSE,TRUE,"n_users >= 85.0% de la mediana movil previa de 29 dias"
2023-10-15,100255.363536826,17674,0,0,16.0807570442457,0,17708,99.8079963858143,TRUE,FALSE,TRUE,"n_users >= 85.0% de la mediana movil previa de 29 dias"
2023-10-16,102857.598043814,17673,0,0,18.8314887115941,0,17706,99.8136225008472,TRUE,FALSE,TRUE,"n_users >= 85.0% de la mediana movil previa de 29 dias"
2023-10-17,103124.552550177,17671,0,1.32002716314867,22.8470262011207,0,17706,99.8023268948379,TRUE,FALSE,TRUE,"n_users >= 85.0% de la mediana movil previa de 29 dias"
2023-10-18,104263.446050828,17668,0,1.05996151233869,22.7354652479059,0,17703,99.8022933965995,TRUE,FALSE,TRUE,"n_users >= 85.0% de la mediana movil previa de 29 dias"
2023-10-19,107407.438538495,17663,0.00982845496235064,0,17.5045915189943,0,17699,99.7965986778914,TRUE,FALSE,TRUE,"n_users >= 85.0% de la mediana movil previa de 29 dias"
2023-10-20,103583.987038836,17660,0.837514156285399,0,14.4420441676103,0,17696,99.7965641952984,TRUE,FALSE,TRUE,"n_users >= 85.0% de la mediana movil previa de 29 dias"
2023-10-21,99271.9860282896,17658,1.43957413070562,0,13.6722618643109,0,17691,99.8134644734611,TRUE,FALSE,TRUE,"n_users >= 85.0% de la mediana movil previa de 29 dias"
2023-10-22,103822.193556129,17658,1.20792841771435,0,14.0157435723184,0,17685,99.8473282442748,TRUE,FALSE,TRUE,"n_users >= 85.0% de la mediana movil previa de 29 dias"
2023-10-23,106315.109539095,17657,0.560446281927843,0,14.6911989579204,0,17684,99.8473196109477,TRUE,FALSE,TRUE,"n_users >= 85.0% de la mediana movil previa de 29 dias"
2023-10-24,107479.826035228,17654,1.23872210263964,0,13.8172085646313,0,17684,99.8303551232753,TRUE,FALSE,TRUE,"n_users >= 85.0% de la mediana movil previa de 29 dias"
2023-10-25,109709.252043854,17650,0.0613257790368271,0,17.1589405099152,0,17682,99.8190249971723,TRUE,FALSE,TRUE,"n_users >= 85.0% de la mediana movil previa de 29 dias"
2023-10-26,111118.808537084,17647,0.464577548591827,0,15.5323057743527,0,17681,99.807703184209,TRUE,FALSE,TRUE,"n_users >= 85.0% de la mediana movil previa de 29 dias"
2023-10-27,104688.720523941,17644,0.839067104964857,0,14.1609328950352,0,17676,99.8189635664177,TRUE,FALSE,TRUE,"n_users >= 85.0% de la mediana movil previa de 29 dias"
2023-10-28,102854.475030745,17643,0.173621266224564,0,17.2264920931813,0,17676,99.8133061778683,TRUE,FALSE,TRUE,"n_users >= 85.0% de la mediana movil previa de 29 dias"
2023-10-29,110731.772508463,17642,0.0116823489400294,0,16.6049597551296,0,17675,99.8132956152758,TRUE,FALSE,TRUE,"n_users >= 85.0% de la mediana movil previa de 29 dias"
2023-10-30,106865.922033075,17642,0.804443940596315,0,14.4751728828929,0,17674,99.8189430802309,TRUE,FALSE,TRUE,"n_users >= 85.0% de la mediana movil previa de 29 dias"
2023-10-31,102822.613538051,17642,1.27580773154971,0,14.0925065185354,0,17673,99.8245911842924,TRUE,FALSE,TRUE,"n_users >= 85.0% de la mediana movil previa de 29 dias"
2023-11-01,110960.849039932,17636,0.470237015196192,0,15.8097811295078,1,17671,99.8019353743421,TRUE,FALSE,TRUE,"n_users >= 85.0% de la mediana movil previa de 29 dias"
2023-11-02,112187.108045331,17635,1.35875248086191,0,13.7251318400908,0,17668,99.8132216436495,TRUE,FALSE,TRUE,"n_users >= 85.0% de la mediana movil previa de 29 dias"
2023-11-03,115409.913034647,17633,4.45701809107924,0,10.5429819089207,0,17663,99.83015342807,TRUE,FALSE,TRUE,"n_users >= 85.0% de la mediana movil previa de 29 dias"
2023-11-04,113299.461541603,17631,0.644557881005044,0,15.1382224490953,0,17660,99.8357870894677,TRUE,FALSE,TRUE,"n_users >= 85.0% de la mediana movil previa de 29 dias"
2023-11-05,114050.324524746,17631,1.47529351710058,0,13.5247064828995,0,17658,99.8470948012232,TRUE,FALSE,TRUE,"n_users >= 85.0% de la mediana movil previa de 29 dias"
2023-11-06,113940.736540513,17631,3.89811695309402,0,11.1018830469061,0,17658,99.8470948012232,TRUE,FALSE,TRUE,"n_users >= 85.0% de la mediana movil previa de 29 dias"
2023-11-07,118821.520019484,17628,5.27259554384618,0,9.72740445615381,0,17657,99.8357591889902,TRUE,FALSE,TRUE,"n_users >= 85.0% de la mediana movil previa de 29 dias"
2023-11-08,117532.20954817,17627,3.86723776025415,0,11.1327622397459,0,17654,99.8470601563385,TRUE,FALSE,TRUE,"n_users >= 85.0% de la mediana movil previa de 29 dias"
2023-11-09,115787.175021896,17625,2.29809929078013,0,12.7019007092197,1,17650,99.8583569405099,TRUE,FALSE,TRUE,"n_users >= 85.0% de la mediana movil previa de 29 dias"
2023-11-10,117128.273038118,17621,3.35570058452982,0,11.6442994154702,0,17647,99.8526661755539,TRUE,FALSE,TRUE,"n_users >= 85.0% de la mediana movil previa de 29 dias"
2023-11-11,116922.643019636,17616,0.365264532243415,0,14.8549443687558,0,17644,99.8413058263432,TRUE,FALSE,TRUE,"n_users >= 85.0% de la mediana movil previa de 29 dias"
2023-11-12,114036.807533131,17616,0,0,17.3075386012713,0,17643,99.8469648019044,TRUE,FALSE,TRUE,"n_users >= 85.0% de la mediana movil previa de 29 dias"
2023-11-13,110559.962518335,17616,0.0613760217983651,0,19.1243869209809,0,17642,99.8526244190001,TRUE,FALSE,TRUE,"n_users >= 85.0% de la mediana movil previa de 29 dias"
2023-11-14,110248.92002349,17611,0.117199477599228,0,17.3374936119469,0,17642,99.8242829611155,TRUE,FALSE,TRUE,"n_users >= 85.0% de la mediana movil previa de 29 dias"
2023-11-15,109702.188034326,17610,0.224775695627485,0,15.7675241340146,0,17642,99.8186146695386,TRUE,FALSE,TRUE,"n_users >= 85.0% de la mediana movil previa de 29 dias"
2023-11-16,113242.347036768,17606,0.247824605248212,0,16.1289105986598,0,17636,99.8298933998639,TRUE,FALSE,TRUE,"n_users >= 85.0% de la mediana movil previa de 29 dias"
2023-11-17,107739.531530027,17603,2.00142021246379,0,12.9985797875361,0,17635,99.8185426708251,TRUE,FALSE,TRUE,"n_users >= 85.0% de la mediana movil previa de 29 dias"
2023-11-18,106335.221536805,17598,1.20394362995795,0,13.9079781793384,0,17633,99.801508535133,TRUE,FALSE,TRUE,"n_users >= 85.0% de la mediana movil previa de 29 dias"
2023-11-19,110941.51204447,17597,1.27527419446498,0,13.8450360856962,0,17631,99.8071578469741,TRUE,FALSE,TRUE,"n_users >= 85.0% de la mediana movil previa de 29 dias"
2023-11-20,119388.28302447,17597,3.31788941296814,0,11.6821105870319,0,17631,99.8071578469741,TRUE,FALSE,TRUE,"n_users >= 85.0% de la mediana movil previa de 29 dias"
2023-11-21,123670.009040325,17594,4.2623394338979,0,10.7376605661021,0,17631,99.7901423628836,TRUE,FALSE,TRUE,"n_users >= 85.0% de la mediana movil previa de 29 dias"
2023-11-22,124675.76103277,17591,4.60234779148425,0,10.3976522085156,0,17628,99.7901066485137,TRUE,FALSE,TRUE,"n_users >= 85.0% de la mediana movil previa de 29 dias"
2023-11-23,122007.035024071,17589,6.40305304451644,0,8.59694695548354,0,17627,99.7844216259148,TRUE,FALSE,TRUE,"n_users >= 85.0% de la mediana movil previa de 29 dias"
2023-11-24,122035.017534095,17589,4.84071294559102,0,10.159287054409,0,17625,99.7957446808511,TRUE,FALSE,TRUE,"n_users >= 85.0% de la mediana movil previa de 29 dias"
2023-11-25,121228.827029068,17583,5.61087413979416,0,9.3891258602059,0,17621,99.7843482208728,TRUE,FALSE,TRUE,"n_users >= 85.0% de la mediana movil previa de 29 dias"
2023-11-26,125549.781529882,17583,7.16179264061888,0,7.83820735938112,0,17616,99.8126702997275,TRUE,FALSE,TRUE,"n_users >= 85.0% de la mediana movil previa de 29 dias"
2023-11-27,135177.873546902,17583,5.7212819200364,0,9.27871807996357,0,17616,99.8126702997275,TRUE,FALSE,TRUE,"n_users >= 85.0% de la mediana movil previa de 29 dias"
2023-11-28,130765.372529762,17578,3.43299010126297,0,11.5670098987372,0,17616,99.7842870118075,TRUE,FALSE,TRUE,"n_users >= 85.0% de la mediana movil previa de 29 dias"
2023-11-29,124893.173539234,17574,1.17785364743371,0,13.9341072038238,0,17611,99.7899040372494,TRUE,FALSE,TRUE,"n_users >= 85.0% de la mediana movil previa de 29 dias"
2023-11-30,128916.992550228,17563,2.59429482434664,0,12.4057051756533,0,17610,99.733106189665,TRUE,FALSE,TRUE,"n_users >= 85.0% de la mediana movil previa de 29 dias"
2023-12-01,123910.483026173,17556,6.09507290954654,0,8.90492709045344,0,17606,99.7160059070771,TRUE,FALSE,TRUE,"n_users >= 85.0% de la mediana movil previa de 29 dias"
2023-12-02,127544.882032112,17553,7.95520993562359,0,7.0447900643764,0,17603,99.7159575072431,TRUE,FALSE,TRUE,"n_users >= 85.0% de la mediana movil previa de 29 dias"
2023-12-03,129619.040529016,17552,7.69892889699182,0,7.30107110300818,1,17598,99.7386066598477,TRUE,FALSE,TRUE,"n_users >= 85.0% de la mediana movil previa de 29 dias"
2023-12-04,129936.667030619,17550,4.63523646723648,0,10.3647635327634,0,17597,99.7329090185827,TRUE,FALSE,TRUE,"n_users >= 85.0% de la mediana movil previa de 29 dias"
2023-12-05,131168.875526384,17545,7.19223140495866,0,7.80776859504133,0,17597,99.7044950843894,TRUE,FALSE,TRUE,"n_users >= 85.0% de la mediana movil previa de 29 dias"
2023-12-06,125379.297039134,17539,7.18655567592226,0,7.81344432407774,1,17594,99.6873934295783,TRUE,FALSE,TRUE,"n_users >= 85.0% de la mediana movil previa de 29 dias"
2023-12-07,128763.380541164,17539,5.85697018074004,0,9.14302981925995,0,17591,99.704394292536,TRUE,FALSE,TRUE,"n_users >= 85.0% de la mediana movil previa de 29 dias"
2023-12-08,120603.853028596,17538,5.24091116432885,0,9.75908883567096,1,17589,99.7100460515095,TRUE,FALSE,TRUE,"n_users >= 85.0% de la mediana movil previa de 29 dias"
2023-12-09,116157.078532835,17538,2.88540312464363,0,12.1145968753564,0,17589,99.7100460515095,TRUE,FALSE,TRUE,"n_users >= 85.0% de la mediana movil previa de 29 dias"
2023-12-10,122131.458514416,17538,0.993762116546927,0,14.0342228304254,0,17583,99.7440709776489,TRUE,FALSE,TRUE,"n_users >= 85.0% de la mediana movil previa de 29 dias"
2023-12-11,121536.506034094,17537,0.815863602668644,0,16.0904031476306,0,17583,99.7383836660411,TRUE,FALSE,TRUE,"n_users >= 85.0% de la mediana movil previa de 29 dias"
2023-12-12,127228.351034318,17531,1.86344190291482,0,13.41640522503,0,17583,99.7042597963942,TRUE,FALSE,TRUE,"n_users >= 85.0% de la mediana movil previa de 29 dias"
2023-12-13,130980.575524451,17530,5.33604107244727,0,9.66395892755269,0,17578,99.7269313915121,TRUE,FALSE,TRUE,"n_users >= 85.0% de la mediana movil previa de 29 dias"
2023-12-14,131102.059553828,17521,4.79241291939378,0,10.207587080606,0,17574,99.6984181176738,TRUE,FALSE,TRUE,"n_users >= 85.0% de la mediana movil previa de 29 dias"
2023-12-15,125281.444029624,17519,4.32729037045493,0,10.6727096295452,0,17563,99.7494733246029,TRUE,FALSE,TRUE,"n_users >= 85.0% de la mediana movil previa de 29 dias"
2023-12-16,123152.631548711,17514,7.88227132579652,0,7.11772867420346,0,17556,99.7607655502392,TRUE,FALSE,TRUE,"n_users >= 85.0% de la mediana movil previa de 29 dias"
2023-12-17,132379.869045973,17511,8.05285820341501,0,6.94714179658497,0,17553,99.7607246624509,TRUE,FALSE,TRUE,"n_users >= 85.0% de la mediana movil previa de 29 dias"
2023-12-18,139397.862068007,17508,8.46074937171591,0,6.53925062828412,0,17552,99.7493163172288,TRUE,FALSE,TRUE,"n_users >= 85.0% de la mediana movil previa de 29 dias"
2023-12-19,144055.600022787,17491,8.52829455148355,0,6.47170544851647,0,17550,99.6638176638177,TRUE,FALSE,TRUE,"n_users >= 85.0% de la mediana movil previa de 29 dias"
2023-12-20,141465.724545813,17483,5.70557684607903,0,9.29442315392097,0,17545,99.646622969507,TRUE,FALSE,TRUE,"n_users >= 85.0% de la mediana movil previa de 29 dias"
2023-12-21,137195.435529948,17476,4.77343785763337,0,10.2265621423666,0,17539,99.640800501739,TRUE,FALSE,TRUE,"n_users >= 85.0% de la mediana movil previa de 29 dias"
2023-12-22,133572.216536687,17471,4.60752675862856,0,10.3924732413714,0,17539,99.6122926050516,TRUE,FALSE,TRUE,"n_users >= 85.0% de la mediana movil previa de 29 dias"
2023-12-23,133280.357516231,17465,4.89726309762383,0,10.1027369023762,0,17538,99.583760976166,TRUE,FALSE,TRUE,"n_users >= 85.0% de la mediana movil previa de 29 dias"
2023-12-24,126764.055016307,17465,6.01848267964504,0,8.98151732035489,0,17538,99.583760976166,TRUE,FALSE,TRUE,"n_users >= 85.0% de la mediana movil previa de 29 dias"
2023-12-25,120234.580027565,17465,6.78771829373031,0,8.21228170626967,1,17538,99.583760976166,TRUE,FALSE,TRUE,"n_users >= 85.0% de la mediana movil previa de 29 dias"
2023-12-26,133496.162545796,17461,7.83972281083553,0,7.16027718916445,0,17537,99.566630552546,TRUE,FALSE,TRUE,"n_users >= 85.0% de la mediana movil previa de 29 dias"
2023-12-27,130726.16803621,17451,4.75892498997197,0,10.2410750100281,0,17531,99.5436655068165,TRUE,FALSE,TRUE,"n_users >= 85.0% de la mediana movil previa de 29 dias"
2023-12-28,130468.01954402,17447,4.38259872757489,0,10.6174012724249,0,17530,99.5265259555049,TRUE,FALSE,TRUE,"n_users >= 85.0% de la mediana movil previa de 29 dias"
2023-12-29,126897.467530363,17445,4.62206362854688,0,10.3779363714531,0,17521,99.5662348039495,TRUE,FALSE,TRUE,"n_users >= 85.0% de la mediana movil previa de 29 dias"
2023-12-30,121750.213018886,17437,4.18372426449508,0,10.8162757355052,0,17519,99.531936754381,TRUE,FALSE,TRUE,"n_users >= 85.0% de la mediana movil previa de 29 dias"
2023-12-31,126124.641039777,17434,4.52341401858434,0,10.4765859814157,0,17514,99.5432225648053,TRUE,FALSE,TRUE,"n_users >= 85.0% de la mediana movil previa de 29 dias"
2024-01-01,117849.044536839,17423,5.59016242897325,0,9.40983757102678,1,17511,99.4974587402204,TRUE,FALSE,TRUE,"n_users >= 85.0% de la mediana movil previa de 29 dias"
2024-01-02,127448.744038568,17411,2.70338866233992,0,12.6040376773306,0,17508,99.4459675576879,TRUE,FALSE,TRUE,"n_users >= 85.0% de la mediana movil previa de 29 dias"
2024-01-03,123114.262024808,17398,3.53652718703306,0,11.4634728129672,0,17491,99.4682979818192,TRUE,FALSE,TRUE,"n_users >= 85.0% de la mediana movil previa de 29 dias"
2024-01-04,123360.092036602,17386,5.03138157137931,0,9.96861842862074,0,17483,99.4451753131614,TRUE,FALSE,TRUE,"n_users >= 85.0% de la mediana movil previa de 29 dias"
2024-01-05,130810.965045476,17372,7.39076099470423,0,7.60923900529577,0,17476,99.4048981460288,TRUE,FALSE,TRUE,"n_users >= 85.0% de la mediana movil previa de 29 dias"
2024-01-06,128779.091044841,17364,8.41002073255011,0,6.58997926744981,1,17471,99.3875565222368,TRUE,FALSE,TRUE,"n_users >= 85.0% de la mediana movil previa de 29 dias"
2024-01-07,140609.327023132,17355,9.32915010083559,0,5.67084989916453,0,17465,99.3701689092471,TRUE,FALSE,TRUE,"n_users >= 85.0% de la mediana movil previa de 29 dias"
2024-01-08,145224.835036299,17351,10.2329894530576,0,4.76701054694262,0,17465,99.3472659604924,TRUE,FALSE,TRUE,"n_users >= 85.0% de la mediana movil previa de 29 dias"
2024-01-09,151738.814039247,17345,12.0378956471608,0,2.96210435283949,0,17465,99.3129115373604,TRUE,FALSE,TRUE,"n_users >= 85.0% de la mediana movil previa de 29 dias"
2024-01-10,157086.898039428,17324,10.9029900715771,0,4.09700992842303,0,17461,99.2153943073134,TRUE,FALSE,TRUE,"n_users >= 85.0% de la mediana movil previa de 29 dias"
2024-01-11,154582.332518697,17316,11.0054227304228,0,3.99457726957728,0,17451,99.2264053635895,TRUE,FALSE,TRUE,"n_users >= 85.0% de la mediana movil previa de 29 dias"
2024-01-12,144851.502555792,17305,10.0674718289511,0,4.93252817104885,0,17447,99.1861064939531,TRUE,FALSE,TRUE,"n_users >= 85.0% de la mediana movil previa de 29 dias"
2024-01-13,137472.537046066,17289,7.19455723292276,0,7.80544276707724,0,17445,99.1057609630267,TRUE,FALSE,TRUE,"n_users >= 85.0% de la mediana movil previa de 29 dias"
2024-01-14,139758.236023495,17284,4.05326891923164,0,10.9467310807683,0,17437,99.1225554854619,TRUE,FALSE,TRUE,"n_users >= 85.0% de la mediana movil previa de 29 dias"
2024-01-15,137800.115049115,17259,2.92811866272668,0,12.0718813372733,0,17434,98.9962142939085,TRUE,FALSE,TRUE,"n_users >= 85.0% de la mediana movil previa de 29 dias"
2024-01-16,134496.484524489,17237,1.90648024598249,0,13.205325752741,0,17423,98.9324456178614,TRUE,FALSE,TRUE,"n_users >= 85.0% de la mediana movil previa de 29 dias"
2024-01-17,125403.612536378,17214,0.316835134193099,0,16.6385616358777,0,17411,98.8685313882029,TRUE,FALSE,TRUE,"n_users >= 85.0% de la mediana movil previa de 29 dias"
2024-01-18,122609.032047748,17137,3.35488125109409,0,11.6451187489058,0,17398,98.4998275663869,TRUE,FALSE,TRUE,"n_users >= 85.0% de la mediana movil previa de 29 dias"
2024-01-19,131311.344042027,17111,11.8813628659928,0,3.1186371340074,0,17386,98.4182675716093,TRUE,FALSE,TRUE,"n_users >= 85.0% de la mediana movil previa de 29 dias"
2024-01-20,131740.453543781,17064,11.5095698546647,0,3.49043014533519,0,17372,98.2270320055261,TRUE,FALSE,TRUE,"n_users >= 85.0% de la mediana movil previa de 29 dias"
2024-01-21,131068.899028084,17028,6.01670190274835,0,8.98329809725167,0,17364,98.0649619903248,TRUE,FALSE,TRUE,"n_users >= 85.0% de la mediana movil previa de 29 dias"
2024-01-22,128742.412021214,16922,2.8333825788914,0,12.2798191703108,0,17355,97.5050417747047,TRUE,FALSE,TRUE,"n_users >= 85.0% de la mediana movil previa de 29 dias"
2024-01-23,119086.246515782,16637,2.3404580152672,0,12.7741299513134,0,17351,95.8849634026857,TRUE,FALSE,TRUE,"n_users >= 85.0% de la mediana movil previa de 29 dias"
2024-01-24,105231.987550455,14908,2.39255433324387,0,12.6074456667561,0,17345,85.9498414528683,TRUE,FALSE,TRUE,"n_users >= 85.0% de la mediana movil previa de 29 dias"
2024-01-25,5349.03700005659,789,3.95842839036755,0,11.0415716096324,0,17324,4.55437543292542,FALSE,TRUE,FALSE,"n_users >= 85.0% de la mediana movil previa de 29 dias"
2024-01-26,5013.06200609345,769,3.60208062418725,0,11.3979193758127,0,17316,4.44097944097944,FALSE,TRUE,FALSE,"n_users >= 85.0% de la mediana movil previa de 29 dias"
2024-01-27,4961.10099977499,766,3.20456919060052,0,11.7954308093995,0,17305,4.42646633920832,FALSE,TRUE,FALSE,"n_users >= 85.0% de la mediana movil previa de 29 dias"
2024-01-28,4772.89200480992,751,4.40213049267643,0,10.5978695073236,0,17289,4.34380241772225,FALSE,TRUE,FALSE,"n_users >= 85.0% de la mediana movil previa de 29 dias"
2024-01-29,4555.28100134013,693,5.40461760461761,0,9.5953823953824,0,17284,4.00948854431844,FALSE,TRUE,FALSE,"n_users >= 85.0% de la mediana movil previa de 29 dias"
2024-01-30,3473.43300140405,488,6.50061475409836,0,8.49938524590164,0,17259,2.82751028448925,FALSE,TRUE,FALSE,"n_users >= 85.0% de la mediana movil previa de 29 dias"
2024-01-31,3209.29600099078,395,9.49164556962025,0,5.50835443037975,0,17237,2.29158206184371,FALSE,TRUE,FALSE,"n_users >= 85.0% de la mediana movil previa de 29 dias"
