"datetime","actual","snaive168","snaive24","lgbm","xgb","xgb_q05","xgb_q95","stack"
2023-07-01,3935.33500061405,4023.42650119867,3878.02149983821,3936.10667032528,3932.34888353812,3925.42289320271,3970.48655998992,3934.2278165474
2023-07-01 01:00:00,3486.28250028729,3609.41050378873,3469.25850314414,3489.18713328984,3481.20924093833,3477.79703530001,3495.42503664474,3485.19827121938
2023-07-01 02:00:00,3166.68799988867,3294.22500246519,3220.30500098492,3170.19564388284,3167.98845627006,3141.13892947144,3176.91644867125,3169.09207334527
2023-07-01 03:00:00,2990.87900046899,3084.05800014839,3020.51950285549,2992.24722890003,2985.89695052323,2982.50343565453,3004.40109270281,2989.07215665814
2023-07-01 04:00:00,2913.24800340575,3024.46650301048,2962.15199878078,2918.93846839961,2912.3166207778,2904.58501150179,2922.53941354298,2915.62761439818
2023-07-01 05:00:00,2945.89900556835,3007.75600211474,3052.51449986559,2943.47185009708,2939.33001320906,2930.36911839488,2953.97018249752,2941.40097531754
2023-07-01 06:00:00,2659.79400084948,2710.46800186485,3097.09550037631,2667.44724025558,2670.88030815233,2642.37241300142,2700.14126430615,2669.16373801154
2023-07-01 07:00:00,2594.26550231106,2681.48850309057,3443.8740002038,2578.43454961932,2585.52823077488,2603.07146586718,2758.82516650773,2581.98131541342
2023-07-01 08:00:00,3199.23050173698,3248.19900084962,3872.05250156566,3213.58981862289,3181.08942555948,3033.80766129543,3225.37019798615,3197.33996471992
2023-07-01 09:00:00,3960.71099910908,3972.53850250947,4077.65400033828,3954.75436377931,3945.55624313032,3873.01907435313,3970.30097659433,3950.15540042412
2023-07-01 10:00:00,4391.06850131485,4358.50400316529,4095.96650322096,4363.91517054717,4348.75729408945,4358.17986847188,4395.56735389463,4356.33639211712
2023-07-01 11:00:00,4436.06950517371,4338.97150042292,4033.91550249851,4421.12626361274,4432.3241112639,4424.74565853839,4428.89657162181,4426.72506938731
2023-07-01 12:00:00,4362.03900064877,4259.3395031034,4095.3290033791,4368.54941531921,4351.73675885207,4345.71354269062,4384.24437599002,4360.14326432963
2023-07-01 13:00:00,4495.40200346557,4322.5750025938,4440.8240003332,4499.78653112715,4498.72166047514,4468.29263488746,4523.17514788699,4499.25410702733
2023-07-01 14:00:00,4533.60549968109,4387.26800414361,4630.41200199362,4539.31297927574,4536.92502420464,4513.99870549143,4541.37175197815,4538.11902691471
2023-07-01 15:00:00,4119.01750169473,3973.49150129128,4226.74000041885,4106.38973379236,4112.08641395146,4089.41406225747,4139.74270216408,4109.23801381583
2023-07-01 16:00:00,3716.58050007327,3647.46549946209,3912.88799958269,3725.85218830546,3704.19493322572,3686.05231875983,3728.48253572038,3715.02378908277
2023-07-01 17:00:00,3484.62400026119,3497.72500005004,3757.89100159879,3475.71576418156,3484.56828335936,3437.61213316817,3501.88315580299,3480.14193044459
2023-07-01 18:00:00,3472.46950146463,3426.77900193352,3635.64300122496,3476.95595731559,3473.07592325313,3459.24137759673,3478.636499333,3475.01598118883
2023-07-01 19:00:00,3480.59150134132,3477.07250109385,3577.32350106875,3501.00763964654,3470.59195895795,3485.14339957336,3502.19050537824,3485.80011995333
2023-07-01 20:00:00,3782.87400233676,3745.54350259621,3890.93600242247,3786.59137998958,3766.25632087533,3781.2498224173,3784.98133562344,3776.42406481065
2023-07-01 21:00:00,4367.99199858692,4258.97400144592,4362.49350314727,4354.93271443424,4355.6488456668,4358.01358212831,4389.42068005161,4355.29077250086
2023-07-01 22:00:00,4923.93150349299,4842.84700175363,4949.61250269215,4928.1381645521,4905.81192441106,4895.02818388708,4937.08599960978,4916.97527985139
2023-07-01 23:00:00,4428.97749963461,4521.1220019001,4462.87350037904,4417.99763051162,4424.39535264566,4408.20609437634,4424.80052823807,4421.19642413197
2023-07-02,3874.43000187108,3996.57750128047,3878.02149983821,3888.0423023811,3870.2676103022,3842.41668625571,3889.00504426317,3879.1551437277
2023-07-02 01:00:00,3437.30850333918,3550.27300327946,3469.25850314414,3439.70448221223,3447.51349915186,3412.48643801332,3468.37776151995,3443.60890835709
2023-07-02 02:00:00,3130.40600336611,3257.84999884665,3220.30500098492,3132.46378627816,3129.67103081946,3101.26394349403,3148.6333026035,3131.06743799086
2023-07-02 03:00:00,2985.16850338597,3081.54900307616,3020.51950285549,2983.24581639148,2989.19451508893,2967.50532216135,3004.38962802935,2986.22010302727
2023-07-02 04:00:00,2922.79450101126,3012.7995023214,2962.15199878078,2917.50139318115,2939.32440497998,2923.23094522128,2941.73693037861,2928.41266901593
2023-07-02 05:00:00,2916.0565022137,3023.2755045637,3052.51449986559,2917.50577422206,2917.77007320929,2925.76284397362,2937.94790835355,2917.63792092936
2023-07-02 06:00:00,2626.53950234002,2684.3255003409,3097.09550037631,2625.77394189995,2621.02873833074,2619.04654271509,2661.20107440037,2623.40139014068
2023-07-02 07:00:00,2464.26750300091,2568.47500065074,3443.8740002038,2457.23222072032,2461.05719299639,2462.47696863413,2510.44788332776,2459.14466653437
2023-07-02 08:00:00,3007.66800195456,3043.41049893526,3872.05250156566,3029.37123953095,3011.00340010912,2948.36189756334,3019.88666228975,3020.18751345922
2023-07-02 09:00:00,3719.14650165709,3696.55300188798,4077.65400033828,3711.38839072012,3713.8186637263,3662.83411150181,3735.35331052133,3712.60350160256
2023-07-02 10:00:00,4182.76899911673,4136.40199957031,4095.96650322096,4189.18157331553,4194.5939717341,4139.25701349495,4195.08615191657,4191.88771546571
2023-07-02 11:00:00,4291.60050270497,4203.11700091604,4033.91550249851,4285.77569305982,4286.13005298938,4226.98428022864,4300.65250721964,4285.95286928883
2023-07-02 12:00:00,4342.94050071784,4135.43500003801,4095.3290033791,4363.42308047493,4331.11332663073,4326.78162866583,4347.53373192717,4347.26854417179
2023-07-02 13:00:00,4452.41150223825,4305.12950276397,4440.8240003332,4457.55419507714,4461.89531890244,4431.45323965879,4523.59799743132,4459.72471122438
2023-07-02 14:00:00,4468.97100361867,4437.49050235003,4630.41200199362,4467.56784836655,4463.38947713901,4441.26253473495,4487.17153972054,4465.47870680241
2023-07-02 15:00:00,4067.96800396789,4158.15449999226,4226.74000041885,4071.57161736247,4067.78233233772,4056.6030725113,4077.13292610313,4069.67701479786
2023-07-02 16:00:00,3707.70350049669,3782.78049983922,3912.88799958269,3705.90167023383,3709.1522826443,3700.33124623245,3728.01307932434,3707.52694217015
2023-07-02 17:00:00,3573.83350293711,3715.63600158005,3757.89100159879,3575.9402146192,3570.71585729166,3551.35288701132,3622.88527474478,3573.32809103215
2023-07-02 18:00:00,3683.3340019373,3751.27450018923,3635.64300122496,3678.79825213929,3675.58877787263,3636.884880097,3697.31796914017,3677.19354884119
2023-07-02 19:00:00,3877.26300086128,4028.33700247819,3577.32350106875,3870.0463110742,3862.97185914371,3839.84812211251,3916.32301620966,3866.50915968992
2023-07-02 20:00:00,4692.14100230508,4803.6940028799,3890.93600242247,4750.83742895806,4703.23180109533,4606.69045772486,4781.62549634527,4727.03511689928
2023-07-02 21:00:00,5209.99899687234,5320.9565022866,4362.49350314727,5204.51116246116,5196.20745208321,5161.7214460591,5267.18824209914,5200.35939481235
2023-07-02 22:00:00,5440.90450236958,5457.94950379978,4949.61250269215,5478.89041896482,5440.46076035107,5363.26112181742,5475.95201598839,5459.67599479476
2023-07-02 23:00:00,4574.08950190456,4571.14750221872,4462.87350037904,4570.55580575445,4571.27351133697,4568.27885656131,4595.60397639357,4570.91465097945
2023-07-03,3842.99550135992,3812.80499906244,3878.02149983821,3837.01608392996,3826.64042270151,3838.4235111968,3892.36014761174,3831.82836269902
2023-07-03 01:00:00,3373.8315030029,3397.92450404319,3469.25850314414,3363.37878445491,3377.68948496712,3351.98463175645,3392.03272048517,3370.53398384338
2023-07-03 02:00:00,3089.12800319458,3148.71050260798,3220.30500098492,3081.93550602977,3078.00859043044,3042.56660405001,3109.37207066674,3079.97208962881
2023-07-03 03:00:00,2974.68500244163,3025.0705038954,3020.51950285549,2977.63570858366,2984.06306240857,2963.54599823523,2988.34198680202,2980.84931773706
2023-07-03 04:00:00,2945.59050559148,2994.02500433777,2962.15199878078,2950.02377516613,2952.79105168408,2936.11825028509,2959.52136999275,2951.40738425166
2023-07-03 05:00:00,3039.46550121193,3067.71149801568,3052.51449986559,3039.20892665751,3047.83351778311,3029.68042103929,3054.95088032554,3043.52113129732
2023-07-03 06:00:00,3014.51400159264,3091.76900229475,3097.09550037631,3004.06854184094,3003.47832641894,2997.85329628932,3054.76727978349,3003.77344035217
2023-07-03 07:00:00,3253.58400335186,3508.67150374467,3443.8740002038,3303.18221098005,3270.85372576018,3248.90782125715,3362.38671834958,3287.01830918655
2023-07-03 08:00:00,3738.28050079162,3868.24000271223,3872.05250156566,3724.51189690913,3702.05422103008,3693.03515700097,3777.37785061413,3713.28329572506
2023-07-03 09:00:00,4032.96100021945,4089.93500117643,4077.65400033828,4020.87308200586,4012.30334090446,4004.94238486191,4036.52694788233,4016.5883017999
2023-07-03 10:00:00,4136.90300027188,4179.94350156852,4095.96650322096,4140.33030486175,4145.01391370936,4129.98459029222,4153.27401845903,4142.67205990957
2023-07-03 11:00:00,4106.81700248574,4183.36300173879,4033.91550249851,4102.96341695707,4115.92837862385,4049.9913946425,4118.93695337844,4109.44576111001
2023-07-03 12:00:00,4201.6040047484,4281.9530013015,4095.3290033791,4210.5521382471,4201.84646074897,4161.7967095842,4207.19673107012,4206.19939127586
2023-07-03 13:00:00,4473.75950165186,4537.85950070084,4440.8240003332,4452.64566231749,4484.8479635175,4451.85360992509,4499.2366422195,4468.74647343133
2023-07-03 14:00:00,4522.20549866138,4727.99400077015,4630.41200199362,4524.92135159981,4522.10956975297,4495.32854668253,4536.76057448773,4523.51549031903
2023-07-03 15:00:00,4190.39549972361,4292.26650282752,4226.74000041885,4186.14119292477,4202.3435003312,4175.59526292524,4207.34121051933,4194.24217581848
2023-07-03 16:00:00,3924.51749959541,4068.67900109151,3912.88799958269,3920.29721993301,3915.64688565321,3905.55617570687,3969.76321246797,3917.97210181831
2023-07-03 17:00:00,3891.51400334493,3990.68950289523,3757.89100159879,3894.7504571199,3920.52062351996,3885.76773850412,3934.31872187437,3907.63526864323
2023-07-03 18:00:00,3737.97200006805,3911.65200090094,3635.64300122496,3726.38774709879,3732.00890312982,3712.03355828434,3750.23812935782,3729.19826585442
2023-07-03 19:00:00,3967.70000027027,4276.07100102503,3577.32350106875,3979.54488204672,3972.53991818965,3973.58594762686,3991.71905438984,3976.04247396658
2023-07-03 20:00:00,4803.00900483609,5180.72500242095,3890.93600242247,4800.58330790304,4815.98828591065,4773.57743097846,4850.8478254573,4808.28563450302
2023-07-03 21:00:00,5349.43200186221,5529.52000025532,4362.49350314727,5349.94504467929,5382.3820125434,5365.00076158049,5426.27076839175,5366.16318665125
2023-07-03 22:00:00,5605.71049778338,5493.65250209486,4949.61250269215,5589.05237019037,5621.17456127135,5572.5036232601,5646.14578220607,5605.11312708924
2023-07-03 23:00:00,4689.67050238675,4605.84550008271,4462.87350037904,4673.06664892314,4678.62618509674,4674.74958431706,4705.99617690964,4675.84635839967
2023-07-04,4054.09199837921,3974.0605006431,3878.02149983821,4050.77885518647,4043.53706004573,4028.16466356466,4063.52400030588,4047.15803396124
2023-07-04 01:00:00,3573.45100357139,3479.58400138607,3469.25850314414,3573.74271556617,3571.74128681971,3573.70439135725,3592.1884490488,3572.74202229259
2023-07-04 02:00:00,3215.90950634121,3224.16650517471,3220.30500098492,3209.40976367114,3211.9091995666,3186.23128347817,3235.35787890865,3210.65945526908
2023-07-04 03:00:00,3026.88750382536,3026.64450340311,3020.51950285549,3039.63234977057,3029.03595666707,3006.2446076527,3038.38397286757,3034.33426492912
2023-07-04 04:00:00,2971.60199973953,2979.62199939799,2962.15199878078,2970.53633404251,2984.17124193182,2971.86257532569,2994.91758671524,2977.35364424394
2023-07-04 05:00:00,3060.10400184628,3097.94800127589,3052.51449986559,3053.85584678915,3047.64162260377,3044.45386027897,3062.76849167635,3050.74880020865
2023-07-04 06:00:00,3127.24750320229,3119.46250026475,3097.09550037631,3130.35390503241,3117.80475566379,3086.24436172827,3144.05895162334,3124.07946264494
2023-07-04 07:00:00,3367.34599983902,3618.68900130154,3443.8740002038,3394.58671467749,3375.82114349039,3306.02919766627,3390.03678944781,3385.20412691613
2023-07-04 08:00:00,3821.09400117758,4014.44650246436,3872.05250156566,3814.50034912717,3824.76461679353,3771.47658646987,3847.3754596496,3819.63237475141
2023-07-04 09:00:00,4112.8870015851,4140.52750166203,4077.65400033828,4119.62498448074,4122.5296963178,4078.55273508039,4113.96966650046,4121.07730977694
2023-07-04 10:00:00,4209.74900115374,4119.28100655158,4095.96650322096,4207.37159229442,4212.14395975816,4206.88772223213,4223.64297371937,4209.75772571458
2023-07-04 11:00:00,4135.91500086803,4057.63500284182,4033.91550249851,4150.35587128684,4153.44834239159,4101.96694950327,4162.09446665567,4151.90207423747
2023-07-04 12:00:00,4239.33900145581,4194.73650531319,4095.3290033791,4237.29260138236,4243.36618211746,4219.64816162114,4256.3428043803,4240.32932772043
2023-07-04 13:00:00,4497.60450132808,4504.00250181463,4440.8240003332,4490.35270143978,4506.13019163594,4493.95229873825,4524.03383270418,4498.2412802069
2023-07-04 14:00:00,4650.78400239348,4613.98400094779,4630.41200199362,4646.17830203782,4632.98119121533,4634.76693597634,4668.13244474216,4639.57988575441
2023-07-04 15:00:00,4230.4845047401,4291.65250235808,4226.74000041885,4224.68374764574,4236.45422348764,4218.27581757954,4246.05068433518,4230.56886147886
2023-07-04 16:00:00,4004.79899965064,4084.72900088842,3912.88799958269,3991.4132587504,4015.86821804749,4000.0362234468,4013.72355171707,4003.64048058755
2023-07-04 17:00:00,3916.70700436877,3944.50400155748,3757.89100159879,3916.73323636924,3904.72545919323,3890.46326808813,3932.58521206742,3910.72947437077
2023-07-04 18:00:00,3774.9535026009,3888.7250029943,3635.64300122496,3778.12095880808,3759.7124539454,3764.53938462804,3794.98141993838,3768.91690044463
2023-07-04 19:00:00,4007.57950298593,4166.51049937564,3577.32350106875,3993.8542287858,3992.48829471173,4001.13529179373,4012.62102637606,3993.17127614884
2023-07-04 20:00:00,4761.23750177666,5002.06400427909,3890.93600242247,4755.60239447596,4768.83970218267,4730.12301500859,4800.35790006021,4762.22090877771
2023-07-04 21:00:00,5229.91900298349,5483.76650129189,4362.49350314727,5254.07519440665,5239.1530638603,5215.3895044786,5237.15448532673,5246.61428644698
2023-07-04 22:00:00,5546.65349983645,5516.21550051367,4949.61250269215,5534.44168553741,5532.27443758026,5495.78387068091,5571.33437832633,5533.3580844066
2023-07-04 23:00:00,4683.09900213475,4583.18400226114,4462.87350037904,4693.16893862128,4696.36380015929,4673.48781732611,4735.206200048,4694.76633570911
2023-07-05,4000.2540016321,3937.83000165178,3878.02149983821,3977.01925384467,3993.78339032192,3978.3040787076,4031.26291791664,3985.40114535082
2023-07-05 01:00:00,3536.84500324249,3524.4159997399,3469.25850314414,3534.66200699212,3546.18350007741,3517.57563902677,3546.14967166072,3540.42263207178
2023-07-05 02:00:00,3249.16350157454,3284.64199897763,3220.30500098492,3240.03054200667,3238.98646844907,3251.264183842,3256.22432054967,3239.5085162348
2023-07-05 03:00:00,3085.19950454298,3089.69300293387,3020.51950285549,3076.51982333259,3085.6290798865,3054.42342273253,3099.05765052434,3081.07435557708
2023-07-05 04:00:00,3033.74900202011,3037.19650082325,2962.15199878078,3031.5256594201,3038.12890831658,3019.64179214284,3050.00917416858,3034.82721425494
2023-07-05 05:00:00,3133.37450206629,3120.3994991259,3052.51449986559,3129.67820095721,3140.23708918108,3100.94443660829,3161.95588401771,3134.95753375423
2023-07-05 06:00:00,3202.88200240326,3167.17199901131,3097.09550037631,3204.74485997901,3190.80609282396,3164.54202102767,3223.12791276632,3197.77562334808
2023-07-05 07:00:00,3449.75599985349,3586.44450181129,3443.8740002038,3449.01010345583,3458.43958427598,3425.88893169376,3478.93849047321,3453.72474445753
2023-07-05 08:00:00,3820.76150213054,3889.14750203351,3872.05250156566,3814.3008527039,3824.65516235563,3801.83688885034,3838.34295773081,3819.47789837157
2023-07-05 09:00:00,4062.56150088413,4103.82249803317,4077.65400033828,4045.86632431564,4067.41372118099,4043.27092399518,4082.42568416453,4056.6397955893
2023-07-05 10:00:00,4095.7989994128,4117.45250114182,4095.96650322096,4085.34466066507,4090.65084173497,4099.30704401235,4096.03147347095,4087.99769526069
2023-07-05 11:00:00,4075.92800234118,4014.28799769632,4033.91550249851,4070.36961319113,4087.68631843406,4050.50138583323,4093.69561385494,4079.02778325477
2023-07-05 12:00:00,4149.04400143924,4111.64700231131,4095.3290033791,4149.52910533257,4157.78502207707,4143.1204056232,4150.35122069641,4153.65697666851
2023-07-05 13:00:00,4484.42050225788,4453.63600384444,4440.8240003332,4467.71473662108,4481.69615728461,4472.4758582551,4530.02758585778,4474.70529955658
2023-07-05 14:00:00,4585.56250176614,4629.46149996202,4630.41200199362,4591.39095126804,4591.63847274851,4575.59676962897,4598.41476351282,4591.51470939883
2023-07-05 15:00:00,4219.75550038856,4288.95700080122,4226.74000041885,4230.65726362931,4226.27468665856,4188.31674082313,4247.65490728816,4228.46602134636
2023-07-05 16:00:00,3953.4865003837,4109.54250011093,3912.88799958269,3944.05874617133,3950.54633661218,3947.01684032186,3954.96170133066,3947.30247299766
2023-07-05 17:00:00,3868.97600174067,4042.09200018295,3757.89100159879,3875.65595012094,3872.87498948544,3839.26942463608,3888.33362879289,3874.2654991209
2023-07-05 18:00:00,3782.49199975992,3890.35600409959,3635.64300122496,3780.46507551859,3783.53376457557,3747.97785620672,3807.04471994893,3781.99938769605
2023-07-05 19:00:00,4020.26749735803,4128.75250369054,3577.32350106875,4017.59621423383,4023.07271441641,3991.31545290694,4025.8329344361,4020.33440659024
2023-07-05 20:00:00,4772.5880005972,4866.06450009916,3890.93600242247,4783.52704833619,4753.20361491787,4729.6583069305,4801.18675823493,4768.36565130562
2023-07-05 21:00:00,5298.33499888855,5215.71400297561,4362.49350314727,5295.99806080592,5305.69257227891,5294.84308041142,5309.59086285474,5300.84521434002
2023-07-05 22:00:00,5522.10050273931,5440.81550056499,4949.61250269215,5527.86887378372,5527.1370827075,5499.60147484597,5560.67369117949,5527.50298596037
2023-07-05 23:00:00,4654.36550253769,4616.35249849106,4462.87350037904,4664.0589898204,4638.76082914874,4625.3641505278,4681.1528339978,4651.41017618525
2023-07-06,4026.19750098081,3985.94000082661,3878.02149983821,4025.56874444622,4030.99374431065,4030.83993888916,4025.92126200916,4028.28118718649
2023-07-06 01:00:00,3531.10850630549,3533.07100122375,3469.25850314414,3537.47915864379,3536.05280368889,3495.5650863813,3553.7861515674,3536.76599620339
2023-07-06 02:00:00,3245.75200271583,3257.75550389697,3220.30500098492,3238.78640173543,3261.0271396509,3244.46638584316,3274.14103392982,3249.90653622474
2023-07-06 03:00:00,3085.1940038926,3068.56349791156,3020.51950285549,3097.45021033525,3081.14035398839,3063.38213895997,3108.37555959559,3089.29545410514
2023-07-06 04:00:00,2990.89600216795,3005.89000203146,2962.15199878078,2991.37960772442,2986.31001548404,2985.62350445767,2997.18700677627,2988.84486504937
2023-07-06 05:00:00,3075.64750204596,3080.66700125381,3052.51449986559,3066.70294031261,3087.26323189505,3052.64356136736,3100.22270886673,3076.98286935117
2023-07-06 06:00:00,3157.73300315661,3127.032999933,3097.09550037631,3155.31866911778,3156.63034098761,3139.38043091329,3171.76843749146,3155.97449122466
2023-07-06 07:00:00,3425.90000140178,3536.91050184076,3443.8740002038,3432.55476139008,3425.457564899,3374.21777124254,3436.59897378979,3429.00623796528
2023-07-06 08:00:00,3870.34000105702,3965.535000748,3872.05250156566,3869.22950205905,3879.13098583836,3864.30604883282,3890.51893631488,3874.18013956434
2023-07-06 09:00:00,4150.34150184365,4109.49650311226,4077.65400033828,4154.38284234645,4154.20911425134,4142.58294927541,4181.19927415489,4154.29598013039
2023-07-06 10:00:00,4137.04650303535,4106.71250284731,4095.96650322096,4137.58193371977,4150.038468552,4139.67162221478,4150.78277816342,4143.81006981542
2023-07-06 11:00:00,4087.09300335043,4050.99200042791,4033.91550249851,4089.88774701217,4096.71920431541,4068.92717986916,4096.38704716562,4093.30340364455
2023-07-06 12:00:00,4137.17200076883,4204.54800402035,4095.3290033791,4142.49736437308,4144.80040606987,4126.4758852289,4159.9788684577,4143.64886094213
2023-07-06 13:00:00,4405.67650041427,4558.02100177261,4440.8240003332,4401.27662407253,4395.3493288457,4415.70568000324,4429.23455880161,4398.31303894641
2023-07-06 14:00:00,4442.84500201081,4610.15600136656,4630.41200199362,4447.06099931503,4437.78575276037,4417.79958928432,4440.91515763953,4442.42347382009
2023-07-06 15:00:00,4141.84600045008,4323.3590012677,4226.74000041885,4129.00924510334,4152.72336136116,4138.00554187531,4166.09044089798,4140.86605323104
2023-07-06 16:00:00,3918.71649931918,4013.83449905342,3912.88799958269,3912.60076281379,3928.40841702398,3876.91509043673,3931.18245390974,3920.50442326993
2023-07-06 17:00:00,3944.74600049015,3982.3855019355,3757.89100159879,3947.47408995338,3938.53936951802,3913.94773580768,3952.26514096063,3943.00682392816
2023-07-06 18:00:00,3918.02400379826,3920.20749899792,3635.64300122496,3897.90236538685,3898.3649776431,3900.05364398626,3932.61522305541,3898.13366663798
2023-07-06 19:00:00,4182.58450483286,4119.91100104165,3577.32350106875,4190.37207651476,4166.34876196771,4163.65506194225,4191.7340672944,4178.36067250211
2023-07-06 20:00:00,4828.77650067816,4719.11000241095,3890.93600242247,4818.77198922005,4828.41223677606,4793.1697843812,4854.50922866779,4823.59201136772
2023-07-06 21:00:00,4953.48350152513,5144.51949917001,4362.49350314727,4948.9281176932,4983.94337068056,4930.16814090878,4979.8138452456,4966.43537504574
2023-07-06 22:00:00,5189.20800020429,5334.03500121133,4949.61250269215,5175.02431386227,5190.44135312257,5182.76317124438,5226.70436004302,5182.73267096144
2023-07-06 23:00:00,4523.12850029964,4501.58650224423,4462.87350037904,4525.04321839188,4510.84793174203,4500.85063337482,4525.72578909571,4517.94572471786
2023-07-07,3943.46500060649,3878.02149983821,3878.02149983821,3935.41552507367,3953.13613633325,3933.32429925288,3945.78583729744,3944.27564388754
2023-07-07 01:00:00,3497.02800116478,3469.25850314414,3469.25850314414,3495.67789747766,3495.34167636956,3475.01796413143,3502.63821496116,3495.50979046815
2023-07-07 02:00:00,3245.4115003543,3220.30500098492,3220.30500098492,3249.49265890637,3247.2996547479,3201.16619013885,3245.34861434337,3248.39617994643
2023-07-07 03:00:00,3079.83700134757,3020.51950285549,3020.51950285549,3088.01143456082,3072.73938120976,3050.62026586728,3086.29146969817,3080.37556888779
2023-07-07 04:00:00,3041.04249968985,2962.15199878078,2962.15199878078,3030.49530562106,3041.19689869494,3028.09407149457,3056.51922007481,3035.84598933865
2023-07-07 05:00:00,3120.72200100997,3052.51449986559,3052.51449986559,3114.70092891177,3113.05837557474,3090.47811436449,3125.1421074581,3113.87966955953
2023-07-07 06:00:00,3177.48950322461,3097.09550037631,3097.09550037631,3168.24494507537,3181.65696075535,3165.66826958452,3201.04098581691,3174.95081152193
2023-07-07 07:00:00,3386.95400101109,3443.8740002038,3443.8740002038,3393.13017551791,3386.98855047196,3349.111171579,3410.42316717845,3390.05942774176
2023-07-07 08:00:00,3824.92000019376,3872.05250156566,3872.05250156566,3837.62183454165,3830.05864982854,3824.48369003221,3846.79195849321,3833.84032191842
2023-07-07 09:00:00,4093.60450071259,4077.65400033828,4077.65400033828,4087.85624007747,4094.33608492993,4090.77571091454,4108.24019688331,4091.09609419126
2023-07-07 10:00:00,4128.10800135625,4095.96650322096,4095.96650322096,4142.90946601224,4138.51477016153,4140.67080235206,4146.31892155479,4140.71216441707
2023-07-07 11:00:00,4123.88900282781,4033.91550249851,4033.91550249851,4129.95384319005,4122.52576381531,4106.97067693343,4146.28728014319,4126.23988181169
2023-07-07 12:00:00,4208.18500243837,4095.3290033791,4095.3290033791,4213.89853017227,4211.42078773686,4196.4109235635,4220.74716346303,4212.65968507566
2023-07-07 13:00:00,4416.38149981305,4440.8240003332,4440.8240003332,4426.29848687262,4413.17914365794,4387.95964923141,4423.26443375669,4419.73895357327
2023-07-07 14:00:00,4528.2480006424,4630.41200199362,4630.41200199362,4522.32555738418,4518.16437163125,4501.68361049728,4544.64354689535,4520.24500837616
2023-07-07 15:00:00,4391.85850073921,4226.74000041885,4226.74000041885,4369.50512228967,4404.19219848905,4375.17444045089,4405.86035836648,4386.84829470796
2023-07-07 16:00:00,4201.37000034365,3912.88799958269,3912.88799958269,4213.14997077924,4197.05945366452,4183.03436641952,4203.69061271877,4205.10488185286
2023-07-07 17:00:00,3978.21000142931,3757.89100159879,3757.89100159879,3990.59604974261,3979.59837054303,3955.95027198564,3990.52740537091,3985.0973260836
2023-07-07 18:00:00,3822.88350392296,3635.64300122496,3635.64300122496,3828.65941085859,3837.69859084211,3801.55039288105,3854.63808547112,3833.17890555665
2023-07-07 19:00:00,3750.78850070108,3577.32350106875,3577.32350106875,3758.11982595556,3746.85537885733,3701.78583617095,3776.81216828364,3752.48772115957
2023-07-07 20:00:00,3884.32000246446,3890.93600242247,3890.93600242247,3881.39184031096,3938.81364280373,3918.6249761174,3985.01922776189,3910.10213619975
2023-07-07 21:00:00,4306.56500008388,4362.49350314727,4362.49350314727,4344.01864411135,4325.43221388637,4206.37008295014,4340.17888296615,4334.72562494249
2023-07-07 22:00:00,4978.80000280798,4949.61250269215,4949.61250269215,4946.96093161342,4970.11415043,4926.0972593745,4987.21520450738,4958.53729693364
2023-07-07 23:00:00,4537.41200173541,4462.87350037904,4462.87350037904,4532.91820489779,4546.26514981995,4522.23897880698,4572.78247937748,4539.59153665143
2023-07-08,4084.7960009427,4023.42650119867,3878.02149983821,4100.61648534383,4081.16024636785,4043.68363520404,4098.65406630615,4090.88857096926
2023-07-08 01:00:00,3614.49150291388,3609.41050378873,3469.25850314414,3642.67979064108,3617.64975476711,3572.32737872326,3644.00749567297,3630.16503657812
2023-07-08 02:00:00,3314.88750524598,3294.22500246519,3220.30500098492,3308.67777136113,3301.69237535709,3309.48760113496,3316.3804610861,3305.18514700122
2023-07-08 03:00:00,3148.79050378711,3084.05800014839,3020.51950285549,3139.65283162963,3147.98456495617,3135.46554373761,3172.72473051453,3143.81861045731
2023-07-08 04:00:00,3068.45700354129,3024.46650301048,2962.15199878078,3065.39904333078,3073.09995795282,3056.72625439017,3091.53967136226,3069.24941945648
2023-07-08 05:00:00,3076.507999436,3007.75600211474,3052.51449986559,3092.37468289374,3072.26747068482,3051.70307162372,3090.04475004012,3082.32128876545
2023-07-08 06:00:00,2837.56650155841,2710.46800186485,3097.09550037631,2836.0483936142,2842.06549668102,2807.77062542498,2844.03055473371,2839.05688171353
2023-07-08 07:00:00,2762.93350158643,2681.48850309057,3443.8740002038,2736.0697088527,2771.40431710293,2690.87968200598,2802.64969794404,2753.73664046994
2023-07-08 08:00:00,3399.84600072645,3248.19900084962,3872.05250156566,3341.38617742681,3380.84868703083,3259.44717935749,3399.14608909814,3361.11701620339
2023-07-08 09:00:00,4019.13400147716,3972.53850250947,4077.65400033828,4026.36477773513,4013.90733538297,3942.84352702288,4029.62123839738,4020.13618788909
2023-07-08 10:00:00,4255.38800215209,4358.50400316529,4095.96650322096,4256.2581165227,4253.53412927029,4232.28984416265,4264.48706185579,4254.89615161358
2023-07-08 11:00:00,4211.16950599838,4338.97150042292,4033.91550249851,4221.60428363996,4215.8139613106,4212.99987369781,4230.3484059994,4218.70918351856
2023-07-08 12:00:00,4079.16350121342,4259.3395031034,4095.3290033791,4064.25391959441,4064.93131615632,4058.61578008655,4080.28440377788,4064.59261073405
2023-07-08 13:00:00,4213.761502209,4322.5750025938,4440.8240003332,4211.973356992,4213.51832865326,4198.20863881061,4219.30603996914,4212.74582653508
2023-07-08 14:00:00,4228.14950138482,4387.26800414361,4630.41200199362,4233.00732785193,4240.16562472299,4206.3460082543,4252.82819329583,4236.58640082258
2023-07-08 15:00:00,3864.49299936427,3973.49150129128,4226.74000041885,3864.2949566128,3849.37618232036,3931.08495456176,3886.01609604651,3856.8357267447
2023-07-08 16:00:00,3569.84200211987,3647.46549946209,3912.88799958269,3588.43980650132,3569.43874054207,3613.62121529096,3615.54524883348,3578.93947383654
2023-07-08 17:00:00,3482.75349951372,3497.72500005004,3757.89100159879,3490.73689669235,3499.67237012596,3437.06453099127,3486.42029720865,3495.20453920875
2023-07-08 18:00:00,3414.17500353523,3426.77900193352,3635.64300122496,3401.68227697827,3424.14745786783,3386.27133603581,3422.57664362305,3412.91463058848
2023-07-08 19:00:00,3505.60099973227,3477.07250109385,3577.32350106875,3507.13178358082,3511.33980142882,3479.73839583163,3514.1311503606,3509.23574814265
2023-07-08 20:00:00,3767.02450385084,3745.54350259621,3890.93600242247,3771.81916975828,3763.84277602027,3767.22289072664,3772.76838693021,3767.83105697878
2023-07-08 21:00:00,4233.97499763279,4258.97400144592,4362.49350314727,4240.09046068061,4216.24428025317,4229.43248562029,4242.60932166337,4228.16762186036
2023-07-08 22:00:00,4797.73000027449,4842.84700175363,4949.61250269215,4783.86327129171,4787.94218094526,4795.49753628968,4811.06620800765,4785.90268311742
2023-07-08 23:00:00,4393.9084999155,4521.1220019001,4462.87350037904,4380.35681702159,4388.88477273704,4359.710000498,4424.16745767589,4384.62070497509
2023-07-09,3927.55750282097,3996.57750128047,3878.02149983821,3914.55216102848,3921.57166317725,3906.74481725385,3950.64808710496,3918.0618381012
2023-07-09 01:00:00,3544.73199905537,3550.27300327946,3469.25850314414,3525.98517597474,3536.78148916417,3529.06034201136,3552.50831048419,3531.38321875153
2023-07-09 02:00:00,3240.32249962178,3257.84999884665,3220.30500098492,3244.4061297403,3240.83165912559,3214.1620797569,3243.89383953342,3242.61893211607
2023-07-09 03:00:00,3092.00250092649,3081.54900307616,3020.51950285549,3099.37372276472,3082.83094838023,3054.93339408437,3089.7617693952,3091.10250997128
2023-07-09 04:00:00,3006.70450137905,3012.7995023214,2962.15199878078,3009.26283000384,3014.21078345278,2993.05817256975,3015.53957059768,3011.73675456553
2023-07-09 05:00:00,2992.67800018529,3023.2755045637,3052.51449986559,2993.44576960097,3008.70342998948,2987.11351920081,3013.64148244594,3001.07443894446
2023-07-09 06:00:00,2771.11400164862,2684.3255003409,3097.09550037631,2772.49253958375,2772.30473534432,2756.36799693969,2791.76857594764,2772.39863944392
2023-07-09 07:00:00,2582.69450325368,2568.47500065074,3443.8740002038,2578.47864462438,2590.45152127275,2581.95767454286,2611.5512762311,2584.46495672697
2023-07-09 08:00:00,3085.37200280826,3043.41049893526,3872.05250156566,3113.05480842675,3095.92244843884,3009.02491816694,3080.0588599968,3104.48880904719
2023-07-09 09:00:00,3709.03649931413,3696.55300188798,4077.65400033828,3697.11115551454,3705.91970657498,3658.99610230258,3702.21314228676,3701.51533818241
2023-07-09 10:00:00,4080.06149956794,4136.40199957031,4095.96650322096,4081.06677929902,4089.72224677061,4023.05352618819,4099.533851021,4085.39442178632
2023-07-09 11:00:00,4095.73900133895,4203.11700091604,4033.91550249851,4088.36011166797,4085.47992424756,4072.81041626734,4089.70664193341,4086.92004832155
2023-07-09 12:00:00,4091.48449997429,4135.43500003801,4095.3290033791,4098.31234405003,4089.26973065904,4082.35948231181,4103.59503642371,4093.79113268443
2023-07-09 13:00:00,4264.18350358855,4305.12950276397,4440.8240003332,4282.2856088578,4256.12356362724,4238.03460826414,4260.92914676448,4269.20486205053
2023-07-09 14:00:00,4434.91600155621,4437.49050235003,4630.41200199362,4431.11822603257,4437.66722597577,4403.38985790138,4454.42352737436,4434.39265696268
2023-07-09 15:00:00,4113.89950291859,4158.15449999226,4226.74000041885,4102.09405173604,4113.30650633363,4061.96217889765,4123.19827625491,4107.70016082983
2023-07-09 16:00:00,3772.45950102061,3782.78049983922,3912.88799958269,3787.18250098874,3774.5034776507,3757.19916122941,3792.61821097745,3780.84312298572
2023-07-09 17:00:00,3649.43700115161,3715.63600158005,3757.89100159879,3650.12995370355,3666.13053407626,3629.93892745431,3700.43008375935,3658.13007520706
2023-07-09 18:00:00,3768.31400160049,3751.27450018923,3635.64300122496,3763.28838794955,3771.6312913452,3734.61578763396,3778.24995999011,3767.45975169402
2023-07-09 19:00:00,4104.91350142611,4028.33700247819,3577.32350106875,4096.43148034558,4093.4027488757,4064.32645956478,4137.59504685133,4094.91714654042
2023-07-09 20:00:00,4916.99100198084,4803.6940028799,3890.93600242247,4864.78651516212,4939.55901469127,4754.55946282063,4957.54791343395,4902.17197665293
2023-07-09 21:00:00,5370.70850281673,5320.9565022866,4362.49350314727,5351.79088319194,5350.09399981105,5230.32011724324,5387.79596185611,5350.94245939054
2023-07-09 22:00:00,5388.6580025435,5457.94950379978,4949.61250269215,5414.80994810945,5413.87326451051,5343.61685789249,5468.915627805,5414.34161618477
2023-07-09 23:00:00,4544.77949923638,4571.14750221872,4462.87350037904,4537.59793041609,4559.82857090892,4539.86015534309,4584.35175699221,4548.71301630053
2023-07-10,3850.35799997149,3812.80499906244,3878.02149983821,3848.62070973416,3858.33526508603,3823.73951625312,3882.18500164612,3853.47788499639
2023-07-10 01:00:00,3390.92550082225,3397.92450404319,3469.25850314414,3395.28159825062,3384.98267011372,3346.16356254519,3408.63752539632,3390.13224275651
2023-07-10 02:00:00,3149.55050205614,3148.71050260798,3220.30500098492,3141.49695511745,3135.91724242186,3100.58650964655,3158.19060613962,3138.70715759263
2023-07-10 03:00:00,3051.22749993403,3025.0705038954,3020.51950285549,3049.81977625921,3042.16027119418,3025.82723627968,3046.05168340872,3045.99010447546
2023-07-10 04:00:00,2993.55150469404,2994.02500433777,2962.15199878078,2993.06020540967,2996.45511687224,2983.80970992081,3010.01256087201,2994.7576253508
2023-07-10 05:00:00,3105.12200003036,3067.71149801568,3052.51449986559,3113.07077913739,3100.11328120883,3085.39359775932,3117.39135202986,3106.59216677488
2023-07-10 06:00:00,3147.49950154917,3091.76900229475,3097.09550037631,3142.5201103226,3150.56528968306,3137.47625194682,3168.74711497519,3146.54261518818
2023-07-10 07:00:00,3341.22650053538,3508.67150374467,3443.8740002038,3348.49440468889,3347.72805898362,3310.00541045526,3396.33912905694,3348.1112399153
2023-07-10 08:00:00,3815.77700209548,3868.24000271223,3872.05250156566,3856.41241560152,3823.03924964443,3775.36772071925,3821.95627728176,3839.72618445274
2023-07-10 09:00:00,4099.91600430908,4089.93500117643,4077.65400033828,4105.05802299319,4091.76309204242,4089.14100677335,4138.97273436706,4098.41069767689
2023-07-10 10:00:00,4100.29500296363,4179.94350156852,4095.96650322096,4116.21955497223,4098.93557687576,4096.06273145971,4108.08344479971,4107.57774813679
2023-07-10 11:00:00,4050.89300111833,4183.36300173879,4033.91550249851,4046.29693036765,4050.31592706297,4040.552711177,4057.24548224473,4048.30638634586
2023-07-10 12:00:00,4140.47850316309,4281.9530013015,4095.3290033791,4139.49670865451,4135.68520170459,4113.02793246538,4147.08629969825,4137.59099536158
2023-07-10 13:00:00,4489.44400367315,4537.85950070084,4440.8240003332,4488.77261963399,4477.88445006467,4421.21010816442,4519.88431342937,4483.32864963563
2023-07-10 14:00:00,4576.59250133613,4727.99400077015,4630.41200199362,4571.47411662955,4580.22119761654,4570.14429171009,4591.34065047327,4575.84756490874
2023-07-10 15:00:00,4235.77750386798,4292.26650282752,4226.74000041885,4218.61579533341,4225.68210603184,4222.2894689298,4266.23661130573,4222.14887618749
2023-07-10 16:00:00,3942.98799915041,4068.67900109151,3912.88799958269,3942.66901056993,3933.47438467698,3939.56141627559,3990.22669394248,3938.07179455592
2023-07-10 17:00:00,3847.75000292447,3990.68950289523,3757.89100159879,3843.31490274582,3851.02159197612,3864.78897684521,3879.73419486751,3847.16816611477
2023-07-10 18:00:00,3784.37200104434,3911.65200090094,3635.64300122496,3789.06488104594,3787.41927060987,3773.70062906869,3805.80653394491,3788.24209317642
2023-07-10 19:00:00,3987.47249936825,4276.07100102503,3577.32350106875,3998.16783111535,3994.64829090355,3949.25772378646,4010.96780604364,3996.40809811348
2023-07-10 20:00:00,4605.92300359695,5180.72500242095,3890.93600242247,4591.24701127808,4634.37348261829,4491.34672810949,4631.28448731366,4612.80979229619
2023-07-10 21:00:00,5263.53949980298,5529.52000025532,4362.49350314727,5261.39625997388,5268.08261418467,5231.35792710446,5306.65928389492,5264.73936658975
2023-07-10 22:00:00,5655.91700348048,5493.65250209486,4949.61250269215,5687.62174903003,5640.55297965578,5576.74153351271,5683.37431526632,5664.08786055577
2023-07-10 23:00:00,4867.7925027759,4605.84550008271,4462.87350037904,4860.11611727477,4881.55738356652,4849.41826756114,4961.41761357468,4870.83652438049
2023-07-11,4188.39549910289,3974.0605006431,3878.02149983821,4188.56907622507,4195.28624166666,4152.59660171818,4260.26668599962,4191.92758813153
2023-07-11 01:00:00,3646.9210053233,3479.58400138607,3469.25850314414,3653.28194024891,3650.15154904979,3643.75722146327,3638.64079856259,3651.71677765086
2023-07-11 02:00:00,3358.73000109533,3224.16650517471,3220.30500098492,3339.86651266924,3356.36828262437,3312.82320657592,3365.0243791576,3348.11722368027
2023-07-11 03:00:00,3177.36400253489,3026.64450340311,3020.51950285549,3182.42907993701,3180.57357229407,3139.63800288947,3191.67068985612,3181.50134567685
2023-07-11 04:00:00,3123.18650145654,2979.62199939799,2962.15199878078,3124.95379555172,3113.46823459829,3123.76504034252,3119.31905408222,3119.21113615918
2023-07-11 05:00:00,3173.12499981432,3097.94800127589,3052.51449986559,3185.93860723966,3165.73168959372,3147.85243107756,3203.54294655884,3175.83536144398
2023-07-11 06:00:00,3267.50700241746,3119.46250026475,3097.09550037631,3260.93162421715,3260.18419156659,3217.79760136463,3274.12541687763,3260.55791577152
2023-07-11 07:00:00,3442.7395039089,3618.68900130154,3443.8740002038,3457.06868047466,3453.12868821496,3434.29179008732,3465.93352579972,3455.09872588137
2023-07-11 08:00:00,3922.99550076493,4014.44650246436,3872.05250156566,3907.21869293384,3924.18364981732,3906.74109053976,3939.89213522783,3915.700992526
2023-07-11 09:00:00,4161.12449896359,4140.52750166203,4077.65400033828,4166.52923888075,4157.52326596839,4150.43832042494,4167.53724515788,4162.02634736819
2023-07-11 10:00:00,4244.13100351661,4119.28100655158,4095.96650322096,4242.80919693687,4233.09331918232,4220.83574017272,4251.35178649195,4237.95136048724
2023-07-11 11:00:00,4174.88000149338,4057.63500284182,4033.91550249851,4181.55944802695,4186.49530573735,4168.55905508794,4203.98334600598,4184.02732484688
2023-07-11 12:00:00,4315.47100330575,4194.73650531319,4095.3290033791,4310.64845703613,4311.85424494426,4275.95354395297,4337.07907716489,4311.25133827842
2023-07-11 13:00:00,4632.42200300982,4504.00250181463,4440.8240003332,4641.80876904311,4630.52912379018,4594.21456520378,4650.692186159,4636.16906532999
2023-07-11 14:00:00,4696.82050272089,4613.98400094779,4630.41200199362,4725.60629465908,4680.19736823455,4677.47491419628,4700.11485216425,4702.90231016113
2023-07-11 15:00:00,4395.46049911936,4291.65250235808,4226.74000041885,4399.06903355136,4393.60132661457,4379.10759223008,4403.33525364453,4396.33523772515
2023-07-11 16:00:00,4157.62600227725,4084.72900088842,3912.88799958269,4149.49030889045,4174.67526547905,4116.45845094119,4178.73114843903,4162.0825216775
2023-07-11 17:00:00,4030.1390014498,3944.50400155748,3757.89100159879,4028.11014758976,4021.04310703494,4008.07248551514,4031.31290927909,4024.57670181518
2023-07-11 18:00:00,4016.55499720701,3888.7250029943,3635.64300122496,4021.26856764739,4039.94377370266,4024.27407966215,4056.15422004616,4030.60597379549
2023-07-11 19:00:00,4321.38200117333,4166.51049937564,3577.32350106875,4308.40199600727,4325.4569700009,4313.29405563855,4371.8703198527,4316.92930320552
2023-07-11 20:00:00,5037.87100053288,5002.06400427909,3890.93600242247,5049.1162880188,5055.4959954045,5011.98504851566,5077.48975061455,5052.30607445489
2023-07-11 21:00:00,5291.90700327756,5483.76650129189,4362.49350314727,5307.68926427675,5293.57050493255,5262.73371795329,5325.61397642591,5300.63003344878
2023-07-11 22:00:00,5513.03150138678,5516.21550051367,4949.61250269215,5519.71067575785,5495.56370514302,5496.10889306897,5515.78223686721,5507.63744501493
2023-07-11 23:00:00,4636.0979999362,4583.18400226114,4462.87350037904,4667.89905637218,4642.03192421519,4627.82231223403,4678.39858582724,4654.96576299263
2023-07-12,4041.69800126203,3937.83000165178,3878.02149983821,4046.23039639839,4040.4640626738,4007.04031405407,4071.6372885256,4043.34729032649
2023-07-12 01:00:00,3613.62700464774,3524.4159997399,3469.25850314414,3607.53589050674,3609.82787140669,3600.43232748949,3622.40492170607,3608.68185679398
2023-07-12 02:00:00,3353.6509983188,3284.64199897763,3220.30500098492,3357.49518907813,3340.60116030274,3326.09773484519,3363.13416648863,3349.04835279227
2023-07-12 03:00:00,3152.74250300718,3089.69300293387,3020.51950285549,3154.85936281466,3160.97569624537,3145.24392276801,3172.5643194811,3157.91746504982
2023-07-12 04:00:00,3112.18500180426,3037.19650082325,2962.15199878078,3115.96824467776,3105.41164151526,3075.53715810614,3119.67914280301,3110.69005438734
2023-07-12 05:00:00,3193.16500083439,3120.3994991259,3052.51449986559,3193.9785554629,3182.65266804849,3176.7285509939,3195.08569994164,3188.31573115655
2023-07-12 06:00:00,3266.86700070812,3167.17199901131,3097.09550037631,3258.66703040253,3274.63144725114,3252.88982882705,3270.10494356709,3266.64907052524
2023-07-12 07:00:00,3425.64850118116,3586.44450181129,3443.8740002038,3439.7900086533,3431.53765292799,3408.26360227158,3442.22266041577,3435.66391778941
2023-07-12 08:00:00,3802.07550343231,3889.14750203351,3872.05250156566,3802.14220971102,3812.7033749264,3810.88892824467,3811.67787009979,3807.42268097979
2023-07-12 09:00:00,4100.17300235655,4103.82249803317,4077.65400033828,4103.02918475104,4103.85731274283,4083.86681394098,4112.94946435819,4103.44324001657
2023-07-12 10:00:00,4089.80500329728,4117.45250114182,4095.96650322096,4091.5144568997,4105.17286169446,4078.68501642362,4089.40626041924,4098.34351530615
2023-07-12 11:00:00,4070.10099973157,4014.28799769632,4033.91550249851,4074.16912070416,4079.15581717615,4069.19500424741,4064.52806843022,4076.66241636893
2023-07-12 12:00:00,4125.7365031013,4111.64700231131,4095.3290033791,4122.35638145848,4119.29451499684,4070.07234953036,4119.4949202422,4120.82548050676
2023-07-12 13:00:00,4358.06100318127,4453.63600384444,4440.8240003332,4368.45190406708,4333.59289110138,4326.02227316187,4369.01460126006,4351.02276507823
2023-07-12 14:00:00,4444.894004317,4629.46149996202,4630.41200199362,4438.54336815972,4456.00444433731,4422.03678567094,4479.33696054217,4447.2737221687
2023-07-12 15:00:00,4171.97750257887,4288.95700080122,4226.74000041885,4163.70113608389,4168.98455174491,4136.49401610347,4179.37296017173,4166.34278821507
2023-07-12 16:00:00,3915.05500235618,4109.54250011093,3912.88799958269,3926.83926787926,3921.65396286929,3874.97398570044,3929.4053454534,3924.24667003929
2023-07-12 17:00:00,3817.55200321623,4042.09200018295,3757.89100159879,3826.4846263546,3811.6705980008,3793.03067129112,3833.71397478525,3819.07776835156
2023-07-12 18:00:00,3735.46400240739,3890.35600409959,3635.64300122496,3722.06428693614,3726.72237891525,3694.28247642149,3747.0197972009,3724.39328381871
2023-07-12 19:00:00,4020.96200545132,4128.75250369054,3577.32350106875,4035.4015908562,4015.95249618074,3973.81717244518,4033.02067870141,4025.67724855657
2023-07-12 20:00:00,4817.75750241871,4866.06450009916,3890.93600242247,4808.31590804707,4828.46289959235,4791.06709039827,4840.5819508406,4818.38919142418
2023-07-12 21:00:00,5245.14499760396,5215.71400297561,4362.49350314727,5236.2801542098,5242.88745122639,5239.53787774224,5286.98527243299,5239.58373306202
2023-07-12 22:00:00,5433.32749973924,5440.81550056499,4949.61250269215,5429.15795529982,5412.80957973289,5392.880985121,5426.22936175978,5420.98393986576
2023-07-12 23:00:00,4559.27299875848,4616.35249849106,4462.87350037904,4569.50049353014,4540.98622538804,4548.52942378262,4559.41538284482,4555.24366006492
2023-07-13,3995.22650191211,3985.94000082661,3878.02149983821,3997.76504198221,3993.05960865724,3976.36153343073,3993.67671952121,3995.41237492579
2023-07-13 01:00:00,3538.71750166256,3533.07100122375,3469.25850314414,3530.53243541877,3541.23107380535,3507.92484182103,3547.90240818273,3535.88164182386
2023-07-13 02:00:00,3300.41850324394,3257.75550389697,3220.30500098492,3297.96350872177,3301.02470796012,3282.35340833285,3304.33602518899,3299.49407606888
2023-07-13 03:00:00,3156.05900290899,3068.56349791156,3020.51950285549,3156.26375340746,3149.23110048007,3101.1899806396,3170.34966034117,3152.74750108407
2023-07-13 04:00:00,3094.14700123155,3005.89000203146,2962.15199878078,3092.2362651539,3086.52702033015,3072.38177776445,3109.74881128976,3089.38170293057
2023-07-13 05:00:00,3152.42300418078,3080.66700125381,3052.51449986559,3157.1633017679,3138.23359360981,3135.28308788013,3158.13336271835,3147.69864725143
2023-07-13 06:00:00,3237.67200222053,3127.032999933,3097.09550037631,3233.59423416569,3240.22884311879,3198.96208836919,3247.64662911271,3236.91146869823
2023-07-13 07:00:00,3456.20150214725,3536.91050184076,3443.8740002038,3455.66246497207,3458.31091870019,3423.02724011515,3466.47911242527,3456.98666391535
2023-07-13 08:00:00,3877.64000291133,3965.535000748,3872.05250156566,3874.66049937126,3865.57801194131,3879.7786066,3894.85979706147,3870.11935140655
2023-07-13 09:00:00,4116.56100033328,4109.49650311226,4077.65400033828,4127.03193910432,4103.36017633125,4079.59164811032,4115.59073850827,4115.19630727249
2023-07-13 10:00:00,4158.71500194515,4106.71250284731,4095.96650322096,4159.26530057074,4167.64855859749,4158.26495106916,4165.52616441438,4163.45684120533
2023-07-13 11:00:00,4191.57250259933,4050.99200042791,4033.91550249851,4190.76227212913,4199.41021391753,4184.77046616334,4207.30107684144,4195.08615185417
2023-07-13 12:00:00,4281.78700275172,4204.54800402035,4095.3290033791,4285.32166144747,4301.17354046221,4241.67051660087,4290.25736099225,4293.24743383965
2023-07-13 13:00:00,4518.76150504104,4558.02100177261,4440.8240003332,4521.95890608223,4536.24129871583,4492.27650345925,4532.85015903135,4529.09995182983
2023-07-13 14:00:00,4523.89850004914,4610.15600136656,4630.41200199362,4542.9752813285,4528.00143155979,4499.9319610666,4524.84951842879,4535.48851430289
2023-07-13 15:00:00,4221.62600295595,4323.3590012677,4226.74000041885,4218.9025912073,4217.46710828097,4212.86725593083,4227.4641297387,4218.18486487742
2023-07-13 16:00:00,3947.56700078864,4013.83449905342,3912.88799958269,3964.38664692011,3951.14180261733,3944.76217613811,3983.88658219524,3957.76436439978
2023-07-13 17:00:00,3875.65850104927,3982.3855019355,3757.89100159879,3882.68535869394,3866.84301628484,3863.61678283508,3897.52463653002,3874.76435450404
2023-07-13 18:00:00,3731.06550007861,3920.20749899792,3635.64300122496,3742.29504933088,3720.04135587644,3709.79630493717,3747.56314389444,3731.16843720867
2023-07-13 19:00:00,3808.31050067372,4119.91100104165,3577.32350106875,3834.10494610844,3795.27828220456,3795.35793212823,3844.51384857721,3814.69202347865
2023-07-13 20:00:00,4288.48250144429,4719.11000241095,3890.93600242247,4274.57305616075,4280.36502273525,4228.60550322598,4317.5793055541,4277.46897838738
2023-07-13 21:00:00,4820.00650061073,5144.51949917001,4362.49350314727,4823.6029612289,4805.76408079529,4719.8199311039,4819.70153749756,4814.68370907484
2023-07-13 22:00:00,5312.04850221321,5334.03500121133,4949.61250269215,5346.63238042849,5332.77121638573,5264.46084259488,5354.90337502503,5339.70194453559
2023-07-13 23:00:00,4661.18050210015,4501.58650224423,4462.87350037904,4663.14875134419,4649.1264713443,4620.65448568251,4653.92729993811,4656.13775917126
2023-07-14,4085.68849977187,3878.02149983821,3878.02149983821,4097.33842362545,4077.45185384495,4066.04821092078,4096.51990679449,4087.39534838529
2023-07-14 01:00:00,3599.93650341919,3469.25850314414,3469.25850314414,3608.16710750736,3600.11979304156,3572.30693203849,3624.58257119603,3604.14353511162
2023-07-14 02:00:00,3335.82750171586,3220.30500098492,3220.30500098492,3326.98509701086,3320.52749873344,3309.25398198053,3328.32272882333,3323.75636595005
2023-07-14 03:00:00,3128.29100109427,3020.51950285549,3020.51950285549,3128.45599490087,3118.6852798405,3074.43709939701,3142.71252639975,3123.57074037645
2023-07-14 04:00:00,3076.81900234637,2962.15199878078,2962.15199878078,3071.93792610161,3081.45782101144,3067.45577881204,3098.36296371182,3076.69777319498
2023-07-14 05:00:00,3156.59700534213,3052.51449986559,3052.51449986559,3155.09096971276,3149.82901181821,3102.61629526645,3167.78899847593,3152.46004623859
2023-07-14 06:00:00,3236.28900185984,3097.09550037631,3097.09550037631,3240.91373874543,3240.17938626889,3203.92498061739,3243.05222513461,3240.54657024892
2023-07-14 07:00:00,3387.0625000943,3443.8740002038,3443.8740002038,3380.68985155299,3381.1389658892,3335.53798929114,3390.22436342756,3380.9144039864
2023-07-14 08:00:00,3840.40250182548,3872.05250156566,3872.05250156566,3843.3764681984,3840.35363808912,3827.34134876506,3847.63237500349,3841.86508501133
2023-07-14 09:00:00,4078.32299850532,4077.65400033828,4077.65400033828,4057.5362560879,4085.32793740704,4062.61318781769,4083.08776172627,4071.43180375936
2023-07-14 10:00:00,4116.63050481782,4095.96650322096,4095.96650322096,4114.04558792929,4112.00404133395,4122.56902154896,4130.9380868814,4113.02483615421
2023-07-14 11:00:00,4054.14300267096,4033.91550249851,4033.91550249851,4038.83860779392,4058.80936226707,4031.3667468241,4057.29966602925,4048.8237744929
2023-07-14 12:00:00,4166.23150514334,4095.3290033791,4095.3290033791,4167.85851461352,4162.27710153005,4141.56750516066,4168.78173951157,4165.06786691269
2023-07-14 13:00:00,4452.77400159324,4440.8240003332,4440.8240003332,4460.98492078514,4455.59216193232,4427.27036892701,4487.46260642516,4458.28859821079
2023-07-14 14:00:00,4522.85100197501,4630.41200199362,4630.41200199362,4516.72167432565,4527.44860868205,4510.26708661216,4549.86596102854,4522.08502841734
2023-07-14 15:00:00,4226.30100267229,4226.74000041885,4226.74000041885,4219.90919935846,4238.61679105279,4212.32477216131,4235.33093234826,4229.26279798467
2023-07-14 16:00:00,3996.60000006668,3912.88799958269,3912.88799958269,3986.44264209297,3997.19454736725,3968.69168845668,4007.39580977352,3991.81848138035
2023-07-14 17:00:00,3873.792499676,3757.89100159879,3757.89100159879,3869.50181012645,3876.75606817236,3866.34507889575,3877.5216538253,3873.12886267288
2023-07-14 18:00:00,3840.94050159014,3635.64300122496,3635.64300122496,3843.23163731471,3840.33532113126,3810.15466825697,3856.29310093047,3841.78350975681
2023-07-14 19:00:00,3770.61449927778,3577.32350106875,3577.32350106875,3781.279123187,3779.7748329817,3771.06646936462,3775.45055440051,3780.52699394302
2023-07-14 20:00:00,3906.86799862282,3890.93600242247,3890.93600242247,3942.27278952741,3914.00747362514,3901.18478968634,3951.49987917032,3928.14042955758
2023-07-14 21:00:00,4287.6060002055,4362.49350314727,4362.49350314727,4282.40866373865,4316.27804989706,4290.74029867286,4334.16752598536,4299.34299975679
2023-07-14 22:00:00,4974.53199666052,4949.61250269215,4949.61250269215,4961.88868590528,4988.20954433854,4935.98414032483,4981.83778797239,4975.04883763965
2023-07-14 23:00:00,4600.87150587561,4462.87350037904,4462.87350037904,4604.07440059141,4599.12979311473,4544.32709827512,4586.68312233216,4601.60214898058
2023-07-15,4126.8480048473,4023.42650119867,3878.02149983821,4121.64686369293,4145.44887069171,4103.74378809993,4132.2899074346,4133.54761626454
2023-07-15 01:00:00,3695.24800243578,3609.41050378873,3469.25850314414,3695.19504437778,3691.2494751641,3653.10548735719,3714.35011080991,3693.22230136629
2023-07-15 02:00:00,3365.47000091069,3294.22500246519,3220.30500098492,3366.5751477716,3369.18401506465,3335.42662217928,3373.51935121845,3367.87955391468
2023-07-15 03:00:00,3163.45300389407,3084.05800014839,3020.51950285549,3172.65625643458,3153.88518288993,3130.75500595748,3190.95220545588,3163.27091755246
2023-07-15 04:00:00,3124.8370026818,3024.46650301048,2962.15199878078,3122.79160405188,3131.27473040837,3115.669922021,3162.21832429662,3127.0330777985
2023-07-15 05:00:00,3076.23950293369,3007.75600211474,3052.51449986559,3077.02596733314,3079.82967903813,3024.8834628276,3083.52215386889,3078.42779362808
2023-07-15 06:00:00,2884.14400253829,2710.46800186485,3097.09550037631,2889.18845756248,2888.71614091349,2790.66748061479,2886.68579449553,2888.95230421729
2023-07-15 07:00:00,2678.44250207604,2681.48850309057,3443.8740002038,2691.71136676657,2695.39656367267,2667.66271815538,2775.92257499479,2693.55392636919
2023-07-15 08:00:00,3233.96800220071,3248.19900084962,3872.05250156566,3230.36564752989,3251.35413150966,3105.36424179691,3284.38935167757,3240.85966825298
2023-07-15 09:00:00,3855.14700142923,3972.53850250947,4077.65400033828,3854.63636285927,3846.61215521643,3739.93847937725,3862.03230585794,3850.62434363141
2023-07-15 10:00:00,4239.98550182802,4358.50400316529,4095.96650322096,4230.00307211481,4223.59462679401,4194.29389020001,4258.3814718231,4226.79891701413
2023-07-15 11:00:00,4332.78100474726,4338.97150042292,4033.91550249851,4332.97571746928,4344.48669253739,4304.71167057107,4375.14105301691,4338.73108365124
2023-07-15 12:00:00,4349.66299949435,4259.3395031034,4095.3290033791,4364.14281234268,4324.10384351141,4319.05810670953,4348.53329425936,4344.12375002968
2023-07-15 13:00:00,4617.02950336912,4322.5750025938,4440.8240003332,4619.5778275905,4633.58225619635,4573.26667578063,4625.0817882861,4626.5798942546
2023-07-15 14:00:00,4640.91399898438,4387.26800414361,4630.41200199362,4639.08458676139,4652.56020106798,4636.25705641518,4651.50408148784,4645.82225185078
2023-07-15 15:00:00,4146.35149998369,3973.49150129128,4226.74000041885,4144.21797142155,4132.22289716654,4105.46656856788,4186.527253913,4138.22056074966
2023-07-15 16:00:00,3766.15850652801,3647.46549946209,3912.88799958269,3779.76424571264,3745.07940576705,3734.59797487227,3779.89021483362,3762.42219139766
2023-07-15 17:00:00,3640.09099958779,3497.72500005004,3757.89100159879,3639.6004823295,3626.97949727982,3619.89360882998,3658.71687741183,3633.29012285881
2023-07-15 18:00:00,3557.86050251359,3426.77900193352,3635.64300122496,3567.64822018012,3558.69841926258,3539.11361642102,3578.00585712424,3563.1734140728
2023-07-15 19:00:00,3648.42900062283,3477.07250109385,3577.32350106875,3639.14735732698,3657.91073509518,3636.16332533046,3673.86760314752,3648.52884840201
2023-07-15 20:00:00,4017.84350035817,3745.54350259621,3890.93600242247,4002.90274483348,3993.97007107732,4012.81624317516,4039.18851041079,3998.43650212628
2023-07-15 21:00:00,4552.59200089809,4258.97400144592,4362.49350314727,4542.21514549101,4544.31842875996,4513.28399290751,4575.16033216069,4543.26676495205
2023-07-15 22:00:00,4911.40150214336,4842.84700175363,4949.61250269215,4895.24297736207,4915.54556803284,4890.03000616305,4929.11014053265,4905.39405866155
2023-07-15 23:00:00,4395.38750413677,4521.1220019001,4462.87350037904,4389.25162799646,4413.98326754399,4401.68064576511,4420.65345323976,4401.61718704198
2023-07-16,3887.21000129881,3996.57750128047,3878.02149983821,3891.32871237536,3878.53897000425,3882.52201600568,3910.99185284855,3884.93397602305
2023-07-16 01:00:00,3499.40000385488,3550.27300327946,3469.25850314414,3496.33435125157,3493.1316869718,3482.2089733698,3514.64744097812,3494.73305287512
2023-07-16 02:00:00,3205.22450226359,3257.84999884665,3220.30500098492,3201.49691105482,3206.43531250163,3174.09612171618,3200.07616066214,3203.96605971614
2023-07-16 03:00:00,3068.6630011783,3081.54900307616,3020.51950285549,3076.78503638253,3061.59997963774,3047.49044096923,3085.41420172823,3069.19266809548
2023-07-16 04:00:00,2995.910002177,3012.7995023214,2962.15199878078,3003.99254896977,2992.43576958004,2971.30835659771,2999.95894319854,2998.21428110988
2023-07-16 05:00:00,3023.81400226185,3023.2755045637,3052.51449986559,3021.17673995707,3015.18862186404,2997.54729945972,3036.67718722247,3018.18274403906
2023-07-16 06:00:00,2811.04200304451,2684.3255003409,3097.09550037631,2799.64883274786,2810.70394110956,2768.2822248766,2831.06245953503,2805.17627038249
2023-07-16 07:00:00,2498.46800308698,2568.47500065074,3443.8740002038,2505.85987934552,2489.29173124326,2479.21990036522,2559.82178594015,2497.5759799607
2023-07-16 08:00:00,2968.96100264182,3043.41049893526,3872.05250156566,2975.98710524756,2977.13636026186,2891.85813669676,2989.50251149467,2976.56172063893
2023-07-16 09:00:00,3593.29999996279,3696.55300188798,4077.65400033828,3595.40707052496,3583.00628058716,3571.09737807871,3606.4375635365,3589.20680628885
2023-07-16 10:00:00,4011.35050200322,4136.40199957031,4095.96650322096,4008.27613965421,4031.73978384427,3986.64654371362,4011.7751966228,4020.00771438857
2023-07-16 11:00:00,4029.98400429194,4203.11700091604,4033.91550249851,4039.86490313512,4027.14268530877,4012.73968643603,4045.98324597681,4033.50392834332
2023-07-16 12:00:00,3986.34550334292,4135.43500003801,4095.3290033791,3998.18805719609,4013.7503529777,3992.57208230952,4022.86164893814,4005.96904102458
2023-07-16 13:00:00,4168.62900183536,4305.12950276397,4440.8240003332,4176.48612643804,4174.26511549538,4128.11763530361,4193.253773708,4175.37564438126
2023-07-16 14:00:00,4315.05600154679,4437.49050235003,4630.41200199362,4305.70442297845,4295.54808060952,4274.56289221241,4313.09245320876,4300.62635886514
2023-07-16 15:00:00,3938.08900380682,4158.15449999226,4226.74000041885,3950.8464272003,3945.75572582602,3916.00174625441,3953.17007510159,3948.30113018084
2023-07-16 16:00:00,3651.7785022445,3782.78049983922,3912.88799958269,3650.50576962514,3646.9634211089,3637.19366600771,3678.10012328231,3648.73463271151
2023-07-16 17:00:00,3546.5775000744,3715.63600158005,3757.89100159879,3549.89691822188,3537.65543495066,3518.75028638234,3546.59623273886,3543.7763056396
2023-07-16 18:00:00,3581.53949902696,3751.27450018923,3635.64300122496,3580.3194119548,3577.87957073164,3537.65880967707,3589.32141917188,3579.09951706475
2023-07-16 19:00:00,3868.88399997528,4028.33700247819,3577.32350106875,3867.45196359101,3882.22573809162,3872.81957365557,3883.92223491925,3874.83869509182
2023-07-16 20:00:00,4642.21799820731,4803.6940028799,3890.93600242247,4655.59290357321,4665.67957899532,4550.9293960358,4621.19664652157,4660.63613494756
2023-07-16 21:00:00,5252.08650187892,5320.9565022866,4362.49350314727,5232.75415912654,5240.82746011087,5224.48627105327,5263.0098190153,5236.79072450758
2023-07-16 22:00:00,5308.68950243469,5457.94950379978,4949.61250269215,5281.54360938263,5334.81645401799,5289.46197297858,5314.78458938064,5308.17947008225
2023-07-16 23:00:00,4501.84300677548,4571.14750221872,4462.87350037904,4501.61456534513,4506.89965915159,4480.81558715263,4520.72512460344,4504.25705653134
2023-07-17,3801.61749930272,3812.80499906244,3878.02149983821,3799.29562959904,3794.05116053733,3790.21308600633,3832.52561178357,3796.67345035693
2023-07-17 01:00:00,3364.84900055977,3397.92450404319,3469.25850314414,3364.04396796224,3373.86371537875,3349.37316485145,3395.03367804168,3368.95373814782
2023-07-17 02:00:00,3132.33300191746,3148.71050260798,3220.30500098492,3122.49154330835,3122.32304921281,3121.27474637,3140.95913998357,3122.40729803689
2023-07-17 03:00:00,3006.32000095269,3025.0705038954,3020.51950285549,3017.64850704912,3012.75611674655,2983.37137551038,3012.3681325792,3015.20236347486
2023-07-17 04:00:00,2959.56250135205,2994.02500433777,2962.15199878078,2961.14244864129,2965.55116892925,2948.5461371779,2983.19207544186,2963.34676230724
2023-07-17 05:00:00,3031.2165037205,3067.71149801568,3052.51449986559,3025.97302208322,3028.93481999354,3030.20649803156,3049.41856851486,3027.45388981423
2023-07-17 06:00:00,3174.07900241599,3091.76900229475,3097.09550037631,3175.13197324991,3172.40996934879,3134.69989854582,3187.44430691656,3173.77099999552
2023-07-17 07:00:00,3246.42100207671,3508.67150374467,3443.8740002038,3265.56421580059,3235.35479247874,3241.08209257706,3312.1659276875,3250.45982261632
2023-07-17 08:00:00,3710.1210025528,3868.24000271223,3872.05250156566,3711.95122730463,3688.13100653727,3637.37756220361,3753.87817055588,3700.04136804075
2023-07-17 09:00:00,4077.67650461209,4089.93500117643,4077.65400033828,4074.12190364618,4057.85315612046,4050.08411553838,4123.45393840709,4065.98770139326
2023-07-17 10:00:00,4167.17450393643,4179.94350156852,4095.96650322096,4175.75866898405,4170.98934432202,4164.0403370454,4185.14971021252,4173.37405693266
2023-07-17 11:00:00,4118.80100348662,4183.36300173879,4033.91550249851,4120.12560597911,4131.17058429288,4099.47128231728,4125.10235637657,4125.64797869657
2023-07-17 12:00:00,4209.16399931582,4281.9530013015,4095.3290033791,4206.09662778464,4203.43799626455,4194.59797296622,4225.54908914541,4204.76734005267
2023-07-17 13:00:00,4487.15200069931,4537.85950070084,4440.8240003332,4486.52563925418,4484.3945144104,4421.5222029438,4516.23829668219,4485.46009929924
2023-07-17 14:00:00,4628.75300181797,4727.99400077015,4630.41200199362,4658.27360668908,4639.05730160975,4605.767760553,4660.59543760346,4648.66565673337
2023-07-17 15:00:00,4204.85200247099,4292.26650282752,4226.74000041885,4223.56918128118,4198.15657832676,4182.70718231143,4242.74287546514,4210.86314771114
2023-07-17 16:00:00,3996.92200242693,4068.67900109151,3912.88799958269,4006.08870059035,3989.97548404278,3987.95876562548,4056.68433559359,3998.03226218685
2023-07-17 17:00:00,3869.66950091138,3990.68950289523,3757.89100159879,3864.51782420752,3869.37795777645,3836.32967025876,3888.87891317943,3866.94783975502
2023-07-17 18:00:00,3756.50500412728,3911.65200090094,3635.64300122496,3753.73911257763,3759.61561983038,3741.17308544202,3783.88387439616,3756.67730425213
2023-07-17 19:00:00,3915.02749995468,4276.07100102503,3577.32350106875,3939.09763425581,3907.07650904235,3891.79952534469,3919.49603753244,3923.08740922523
2023-07-17 20:00:00,4708.70950371609,5180.72500242095,3890.93600242247,4713.57499441803,4729.20717770966,4701.96234808093,4729.00869448178,4721.39092126475
2023-07-17 21:00:00,5375.28749988799,5529.52000025532,4362.49350314727,5381.96536024813,5388.47951299415,5332.88821132306,5422.24545156595,5385.22236794702
2023-07-17 22:00:00,5617.60400639218,5493.65250209486,4949.61250269215,5633.99567939426,5620.93865038781,5560.22286729694,5608.25694688161,5627.46730254209
2023-07-17 23:00:00,4717.60699708946,4605.84550008271,4462.87350037904,4719.46274122352,4743.08100192577,4702.73833342401,4743.00408930974,4731.27162258397
2023-07-18,4012.33399979549,3974.0605006431,3878.02149983821,3998.47908039583,4007.37287361434,3998.96034481775,4061.19892628982,4002.92588324409
2023-07-18 01:00:00,3524.7735042061,3479.58400138607,3469.25850314414,3525.10390340486,3510.78715624829,3500.32677754561,3534.28231883049,3517.94568075795
2023-07-18 02:00:00,3258.72150229046,3224.16650517471,3220.30500098492,3248.59941648849,3260.32414941194,3211.44349483569,3299.8125438855,3254.46165934462
2023-07-18 03:00:00,3085.81450679118,3026.64450340311,3020.51950285549,3087.8673906538,3088.77154113584,3083.53980369672,3112.57136687166,3088.319456363
2023-07-18 04:00:00,3037.67650297459,2979.62199939799,2962.15199878078,3042.4981254705,3035.71265446553,3028.27895836676,3073.98252336256,3039.10546150246
2023-07-18 05:00:00,3121.5495014427,3097.94800127589,3052.51449986559,3119.74816461387,3114.02965079375,3101.88234195507,3141.68735095277,3116.88896799007
2023-07-18 06:00:00,3264.97200174327,3119.46250026475,3097.09550037631,3262.01674446532,3260.59164111386,3235.20664730421,3289.13329204711,3261.30420781345
2023-07-18 07:00:00,3317.11950327666,3618.68900130154,3443.8740002038,3302.70120506002,3298.50013050348,3266.29505096559,3306.98810061875,3300.60071207072
2023-07-18 08:00:00,3774.86700173141,4014.44650246436,3872.05250156566,3774.95524668796,3777.41028083053,3743.92565314688,3790.88926023452,3776.18273787755
2023-07-18 09:00:00,4060.8090021403,4140.52750166203,4077.65400033828,4064.69741951883,4053.68641887201,4038.86486935686,4065.09805526866,4059.19203527664
2023-07-18 10:00:00,4114.95850040088,4119.28100655158,4095.96650322096,4110.56259405525,4105.77596252676,4118.12764279849,4121.55848213272,4108.16932875309
2023-07-18 11:00:00,4111.0830009476,4057.63500284182,4033.91550249851,4125.71268564875,4111.93343754623,4079.03908465174,4129.87428257565,4118.82320686239
2023-07-18 12:00:00,4238.87850008265,4194.73650531319,4095.3290033791,4236.61225079044,4240.2182060284,4211.36052900513,4254.92200004476,4238.41519039437
2023-07-18 13:00:00,4552.52449847281,4504.00250181463,4440.8240003332,4559.31450084709,4550.6428952142,4536.26293401988,4557.58041038083,4554.97878944927
2023-07-18 14:00:00,4667.53949952614,4613.98400094779,4630.41200199362,4670.97860873498,4672.85483285274,4641.29694430484,4694.89019188577,4671.91670101415
2023-07-18 15:00:00,4317.21150111442,4291.65250235808,4226.74000041885,4303.89969084998,4307.21310110089,4303.90281596784,4326.77750137361,4305.55636104449
2023-07-18 16:00:00,4115.44349937188,4084.72900088842,3912.88799958269,4122.76174674442,4111.24315325755,4089.92121366304,4129.83094820716,4117.0025714334
2023-07-18 17:00:00,4033.62450049655,3944.50400155748,3757.89100159879,4045.72612058127,4035.94941632879,4011.67569895964,4069.87823030157,4040.83787152393
2023-07-18 18:00:00,3961.53749993793,3888.7250029943,3635.64300122496,3971.70174037459,3948.86971513207,3945.14601795557,3977.21886812263,3960.28596845528
2023-07-18 19:00:00,4212.49850238126,4166.51049937564,3577.32350106875,4201.07084593533,4198.26470466888,4214.82077589988,4232.26965831178,4199.66780488527
2023-07-18 20:00:00,4959.71399983368,5002.06400427909,3890.93600242247,4966.53407355207,4932.09663655776,4884.37530001208,5021.48383533966,4949.31571810454
2023-07-18 21:00:00,5373.83000246785,5483.76650129189,4362.49350314727,5381.23394204618,5389.90856909941,5350.60944792706,5409.28439132459,5385.57116412232
2023-07-18 22:00:00,5476.83250026579,5516.21550051367,4949.61250269215,5469.85272563099,5497.29905839568,5499.22903690821,5517.25031074197,5483.57560266599
2023-07-18 23:00:00,4613.43449895503,4583.18400226114,4462.87350037904,4610.50592317851,4622.51925678162,4609.01559505325,4663.84633627966,4616.51246333196
2023-07-19,4021.6194987935,3937.83000165178,3878.02149983821,4019.55162500999,4016.35092583925,3999.69282649033,4017.83005840804,4017.95130916734
2023-07-19 01:00:00,3594.39099954464,3524.4159997399,3469.25850314414,3589.98290577253,3590.70498060644,3559.91396263185,3599.96525306209,3590.34393557716
2023-07-19 02:00:00,3315.44850335876,3284.64199897763,3220.30500098492,3314.64681573302,3311.91632227144,3295.83913944529,3327.21480694712,3313.2815977879
2023-07-19 03:00:00,3141.14150136302,3089.69300293387,3020.51950285549,3144.2575969736,3142.13095308912,3131.11940142182,3151.88500978015,3143.19429745107
2023-07-19 04:00:00,3087.34300231712,3037.19650082325,2962.15199878078,3083.69192814548,3075.96848846682,3061.48607356128,3094.47559337765,3079.83028972893
2023-07-19 05:00:00,3154.76000244298,3120.3994991259,3052.51449986559,3165.67038142023,3155.36582684889,3116.02067174695,3173.32710092481,3160.51821276822
2023-07-19 06:00:00,3335.44100116729,3167.17199901131,3097.09550037631,3336.35264720674,3332.853486641,3301.74592057033,3338.57178568626,3334.60310381305
2023-07-19 07:00:00,3394.95700286503,3586.44450181129,3443.8740002038,3384.82490134153,3379.8232345817,3371.77875816835,3397.45385644248,3382.32412069066
2023-07-19 08:00:00,3835.52300379629,3889.14750203351,3872.05250156566,3832.31099449462,3828.57193040762,3820.2904844757,3865.97627771439,3830.44150186944
2023-07-19 09:00:00,4220.69750235253,4103.82249803317,4077.65400033828,4231.34312290661,4217.88552557891,4181.15540136864,4251.67217189673,4224.61446611672
2023-07-19 10:00:00,4293.91450160451,4117.45250114182,4095.96650322096,4276.24273607726,4292.63574022475,4259.88063673132,4311.01937492083,4284.43906533112
2023-07-19 11:00:00,4194.31899975229,4014.28799769632,4033.91550249851,4192.75102361044,4194.32189690172,4164.74742943492,4202.37957807269,4193.53644369547
2023-07-19 12:00:00,4267.45300368773,4111.64700231131,4095.3290033791,4270.83366924442,4268.65053931161,4245.30144434698,4285.19797044046,4269.74212729322
2023-07-19 13:00:00,4589.59650288266,4453.63600384444,4440.8240003332,4577.12671371524,4581.52334255148,4567.01968256672,4619.12091166939,4579.3249817828
2023-07-19 14:00:00,4685.53350305464,4629.46149996202,4630.41200199362,4670.37715238851,4700.40627780877,4677.03768397456,4717.21392044697,4685.39139852273
2023-07-19 15:00:00,4347.20550085802,4288.95700080122,4226.74000041885,4348.74354818603,4349.56212939149,4330.73325218465,4357.79326249356,4349.15283015904
2023-07-19 16:00:00,4093.14899938763,4109.54250011093,3912.88799958269,4081.44662072656,4092.19636607263,4059.45986601092,4099.56122512909,4086.82138007261
2023-07-19 17:00:00,3994.10550140438,4042.09200018295,3757.89100159879,3981.11569016114,4007.33846962164,3974.28345356161,3991.34971937239,3994.22680344311
2023-07-19 18:00:00,3827.69350009511,3890.35600409959,3635.64300122496,3839.55702961066,3835.02342873221,3827.27563149438,3839.52946144824,3837.29027696599
2023-07-19 19:00:00,3950.37350156473,4128.75250369054,3577.32350106875,3939.41524257302,3958.45298766208,3918.96141466584,3954.87115758915,3948.93391441602
2023-07-19 20:00:00,4628.55050077697,4866.06450009916,3890.93600242247,4649.35593231335,4631.62466199064,4551.1117241298,4637.16816709761,4640.49048408028
2023-07-19 21:00:00,5268.20349884697,5215.71400297561,4362.49350314727,5256.52398444383,5282.35780988868,5270.79177936346,5312.14402174773,5269.44062481844
2023-07-19 22:00:00,5545.22050200065,5440.81550056499,4949.61250269215,5502.23102614916,5540.19551440023,5548.39253986808,5567.42450522144,5521.21287004186
2023-07-19 23:00:00,4724.52450012753,4616.35249849106,4462.87350037904,4740.53447407366,4737.36572177089,4722.3733261112,4764.47023720809,4738.9501313282
2023-07-20,4067.53850104392,3985.94000082661,3878.02149983821,4087.98449631832,4085.4409527239,4052.03947521538,4090.0577651692,4086.7127513359
2023-07-20 01:00:00,3573.935003113,3533.07100122375,3469.25850314414,3578.49725487182,3569.83374653479,3555.66476776578,3580.19780630499,3574.16559203657
2023-07-20 02:00:00,3303.20850343036,3257.75550389697,3220.30500098492,3299.67480272841,3283.40567685403,3273.06675440265,3302.57440712594,3291.54041130515
2023-07-20 03:00:00,3126.91050443903,3068.56349791156,3020.51950285549,3128.4950838807,3121.80778821484,3105.30499316605,3139.97946807225,3125.15150654721
2023-07-20 04:00:00,3069.67750582856,3005.89000203146,2962.15199878078,3072.23959861883,3061.53572440708,3051.91560279125,3084.60780618773,3066.88777435636
2023-07-20 05:00:00,3159.97850307741,3080.66700125381,3052.51449986559,3159.71175827089,3153.76784448621,3119.26251499978,3169.30942543882,3156.73986404104
2023-07-20 06:00:00,3313.10350060998,3127.032999933,3097.09550037631,3303.52175721746,3304.04918615498,3277.31596440191,3306.09227484401,3303.78546612591
2023-07-20 07:00:00,3333.36100164952,3536.91050184076,3443.8740002038,3330.32125074362,3320.45781104422,3306.76412142812,3345.50605372537,3325.38963487722
2023-07-20 08:00:00,3759.02400019276,3965.535000748,3872.05250156566,3758.4869670816,3774.7087174688,3748.28176935551,3771.61330208025,3766.59767126072
2023-07-20 09:00:00,4077.46850196691,4109.49650311226,4077.65400033828,4077.38303778665,4086.21265807007,4062.7449523139,4096.84035068257,4081.7977548439
2023-07-20 10:00:00,4104.93400629435,4106.71250284731,4095.96650322096,4095.83201611767,4119.56958351199,4062.64419084419,4105.35299941912,4107.70054956639
2023-07-20 11:00:00,4117.18599915074,4050.99200042791,4033.91550249851,4107.80969475888,4116.39169733797,4074.04994799234,4121.58600327158,4112.10060557442
2023-07-20 12:00:00,4273.76000093319,4204.54800402035,4095.3290033791,4272.32128819329,4272.61836964486,4251.76950895209,4270.61362508448,4272.46982578715
2023-07-20 13:00:00,4519.54700435459,4558.02100177261,4440.8240003332,4507.21953740638,4531.0734186984,4511.08889685199,4535.84755420656,4519.14622657773
2023-07-20 14:00:00,4630.73550312896,4610.15600136656,4630.41200199362,4648.40943568333,4634.70504222344,4621.61984063537,4663.85968253118,4641.55738342915
2023-07-20 15:00:00,4221.32850297377,4323.3590012677,4226.74000041885,4226.36150513071,4221.32294529653,4223.03464856279,4262.57965017497,4223.8422783316
2023-07-20 16:00:00,3946.069502078,4013.83449905342,3912.88799958269,3943.98811750964,3936.6500328398,3916.70035526754,3967.24956333477,3940.31915253498
2023-07-20 17:00:00,3877.71000265446,3982.3855019355,3757.89100159879,3869.58758425344,3878.28369105289,3866.09429026578,3890.76388597332,3873.93554597624
2023-07-20 18:00:00,3800.71750163008,3920.20749899792,3635.64300122496,3813.80068040351,3810.28915084158,3795.23121712607,3811.52152302821,3812.04495264213
2023-07-20 19:00:00,3951.83099912456,4119.91100104165,3577.32350106875,3954.15128101323,3938.88127476771,3935.50485250805,3959.83147801509,3946.51643887138
2023-07-20 20:00:00,4525.77100194478,4719.11000241095,3890.93600242247,4519.56562569301,4518.42296768924,4525.22935877451,4538.38802344529,4518.99430873736
2023-07-20 21:00:00,5098.98150070338,5144.51949917001,4362.49350314727,5128.87664077927,5098.31461098196,5063.28027088783,5115.2711412407,5113.59594807456
2023-07-20 22:00:00,5356.11800162389,5334.03500121133,4949.61250269215,5372.59233511137,5357.90248566459,5283.97040878648,5377.33253289882,5365.24756525271
2023-07-20 23:00:00,4608.27100157563,4501.58650224423,4462.87350037904,4616.8061439312,4590.12328379753,4587.84268507536,4626.35255410272,4603.46499516295
2023-07-21,4023.10100236465,3878.02149983821,3878.02149983821,4022.32289113955,4038.09825174579,4012.54447336036,4034.96010428254,4030.21040513416
2023-07-21 01:00:00,3533.77449993393,3469.25850314414,3469.25850314414,3543.61733101509,3523.6443910508,3515.06991697701,3550.44507592099,3533.63107159357
2023-07-21 02:00:00,3259.68150052137,3220.30500098492,3220.30500098492,3255.1437461645,3270.33268001459,3241.51189383267,3273.12920286568,3262.73805296332
2023-07-21 03:00:00,3105.43000160658,3020.51950285549,3020.51950285549,3113.83502374902,3102.81165079829,3072.16782182774,3114.26731776174,3108.3234534853
2023-07-21 04:00:00,3045.58600321074,2962.15199878078,2962.15199878078,3057.09511841703,3050.25650606561,3032.66755356527,3057.6624577561,3053.67588433599
2023-07-21 05:00:00,3125.77650207607,3052.51449986559,3052.51449986559,3109.38472033303,3125.82192265187,3111.70741084335,3141.63640066219,3117.60314820661
2023-07-21 06:00:00,3280.33350032393,3097.09550037631,3097.09550037631,3274.43207736269,3283.60614718551,3243.2038233718,3284.88756688947,3279.01901555835
2023-07-21 07:00:00,3300.06750202767,3443.8740002038,3443.8740002038,3292.77724251968,3290.32897891084,3282.64775900906,3305.79582256933,3291.55313652558
2023-07-21 08:00:00,3748.51300411776,3872.05250156566,3872.05250156566,3765.6219681473,3748.4462502748,3723.32886788279,3755.97359958132,3757.03429028254
2023-07-21 09:00:00,4175.85900031799,4077.65400033828,4077.65400033828,4165.93782292793,4183.51321855284,4152.63225247677,4185.72462986692,4174.72533545538
2023-07-21 10:00:00,4247.40050183854,4095.96650322096,4095.96650322096,4250.72118571099,4263.97860648046,4235.36729322436,4277.33648772408,4257.34975633208
2023-07-21 11:00:00,4192.32300416217,4033.91550249851,4033.91550249851,4180.05036310443,4195.26623226231,4164.60441230203,4198.9816126885,4187.65813727318
2023-07-21 12:00:00,4281.12000554102,4095.3290033791,4095.3290033791,4281.24204959368,4279.36887984107,4267.11165511316,4290.84671597707,4280.30548446489
2023-07-21 13:00:00,4538.11899946292,4440.8240003332,4440.8240003332,4537.73664932438,4555.38115612403,4534.61894489737,4562.14746773847,4546.55871671061
2023-07-21 14:00:00,4643.9530054658,4630.41200199362,4630.41200199362,4651.64635893786,4642.67401995253,4619.03719670545,4650.27963791306,4647.16028403424
2023-07-21 15:00:00,4260.61600161809,4226.74000041885,4226.74000041885,4263.72292454398,4272.40236617973,4246.94184451312,4290.29010081258,4268.06255386062
2023-07-21 16:00:00,3926.84900014638,3912.88799958269,3912.88799958269,3918.02881190915,3936.61248066183,3904.32320258297,3950.16573762895,3927.32045037097
2023-07-21 17:00:00,3780.49550186971,3757.89100159879,3757.89100159879,3776.93944312183,3790.2167015906,3759.52237452063,3799.53102745044,3783.57793238344
2023-07-21 18:00:00,3645.59450131981,3635.64300122496,3635.64300122496,3643.15856872143,3635.92399502683,3646.35813072122,3657.57576714639,3639.54135814314
2023-07-21 19:00:00,3641.47300315253,3577.32350106875,3577.32350106875,3618.56355294136,3626.21493755112,3630.65924740032,3663.16956088843,3622.38916458309
2023-07-21 20:00:00,3856.80300339346,3890.93600242247,3890.93600242247,3864.91423259229,3847.78653244847,3815.71238596,3888.93826847409,3856.35056308565
2023-07-21 21:00:00,4507.5584981906,4362.49350314727,4362.49350314727,4540.46486061856,4522.28642972112,4382.53005224535,4533.01014306262,4531.37583681223
2023-07-21 22:00:00,4960.84100190445,4949.61250269215,4949.61250269215,4966.86399195833,4961.63531474018,4976.14339093663,4969.39359742524,4964.24970847152
2023-07-21 23:00:00,4423.5495022434,4462.87350037904,4462.87350037904,4424.70976557514,4434.24401495539,4393.95338626284,4418.95861757266,4429.47678975239
2023-07-22,4025.39200308581,4023.42650119867,3878.02149983821,4025.67635180354,4036.39603348922,4043.2246412523,4027.44233627894,4031.03607963633
2023-07-22 01:00:00,3584.1025007182,3609.41050378873,3469.25850314414,3576.40782442343,3589.65356227486,3554.88132520137,3611.45703977649,3583.03055370867
2023-07-22 02:00:00,3283.70100387977,3294.22500246519,3220.30500098492,3283.70223022515,3280.33437323877,3280.06839145267,3300.61535603559,3282.01833723691
2023-07-22 03:00:00,3077.94700339984,3084.05800014839,3020.51950285549,3074.48511444675,3078.86025590535,3064.82323201962,3096.66385447646,3076.67263905202
2023-07-22 04:00:00,3001.2509981828,3024.46650301048,2962.15199878078,2993.81218367329,3008.0089031368,2995.25760443784,3027.7994313651,3000.91039373903
2023-07-22 05:00:00,3017.9915046423,3007.75600211474,3052.51449986559,3011.34847057958,3013.95774751146,2981.17498079077,3034.08262447251,3012.65308153775
2023-07-22 06:00:00,2896.48250216583,2710.46800186485,3097.09550037631,2892.84011663326,2899.21427661651,2855.93800589148,2903.79261877491,2896.02712942661
2023-07-22 07:00:00,2647.38500365405,2681.48850309057,3443.8740002038,2645.17444382739,2656.98100783502,2625.95195896707,2721.04360530802,2651.07760136292
2023-07-22 08:00:00,3128.67050130607,3248.19900084962,3872.05250156566,3121.32963538837,3103.34154058146,3025.81857646988,3167.75273477125,3112.33577762072
2023-07-22 09:00:00,3880.03150224721,3972.53850250947,4077.65400033828,3879.54247079567,3863.21507486554,3830.25229458102,3883.63325952392,3871.37894495884
2023-07-22 10:00:00,4270.50450112345,4358.50400316529,4095.96650322096,4247.01994590923,4254.49585121357,4251.53833708324,4259.14927086962,4250.7578197482
2023-07-22 11:00:00,4175.67400084669,4338.97150042292,4033.91550249851,4193.4356769516,4183.90432178158,4162.62254156899,4181.74173935353,4188.67009984895
2023-07-22 12:00:00,4079.01150424546,4259.3395031034,4095.3290033791,4065.80911908513,4078.6889071163,4068.91553573075,4081.30429181037,4072.24887731819
2023-07-22 13:00:00,4188.15650150343,4322.5750025938,4440.8240003332,4174.30426114536,4174.20538827602,4141.4410859622,4194.80604229486,4174.25482575304
2023-07-22 14:00:00,4181.24950189283,4387.26800414361,4630.41200199362,4174.82025806552,4184.0001077362,4110.25107255522,4199.83885888461,4179.41008612418
2023-07-22 15:00:00,3803.31449938926,3973.49150129128,4226.74000041885,3794.94510274607,3788.02990298538,3774.31625105681,3828.57193040762,3791.4875757678
2023-07-22 16:00:00,3493.47050164558,3647.46549946209,3912.88799958269,3474.44829392245,3495.16162495784,3485.89817578005,3521.6415880444,3484.8047410741
2023-07-22 17:00:00,3383.77600153047,3497.72500005004,3757.89100159879,3398.50420045195,3385.78681764071,3347.85261154162,3437.11043441148,3392.14564311674
2023-07-22 18:00:00,3286.39850158617,3426.77900193352,3635.64300122496,3297.05113568005,3264.13642114505,3235.21590617894,3304.88770868677,3280.59412540919
2023-07-22 19:00:00,3371.17400157382,3477.07250109385,3577.32350106875,3372.61374186683,3360.7672827031,3363.01225374032,3396.03134726773,3366.69063717383
2023-07-22 20:00:00,3700.55000248807,3745.54350259621,3890.93600242247,3702.68966279712,3704.45642509674,3699.68886663518,3716.85602193927,3703.5730253212
2023-07-22 21:00:00,4366.62050199881,4258.97400144592,4362.49350314727,4367.96953464379,4364.85318079357,4378.23882160778,4389.0647968037,4366.4113905722
2023-07-22 22:00:00,4890.95950164262,4842.84700175363,4949.61250269215,4899.66411211152,4881.11039254925,4845.8207926796,4890.6177621375,4890.38744792917
2023-07-22 23:00:00,4407.75649874494,4521.1220019001,4462.87350037904,4422.77071805081,4403.38565754989,4388.43683791328,4428.8120788559,4413.07839216338
2023-07-23,3908.65450273908,3996.57750128047,3878.02149983821,3918.64914988207,3919.40256673724,3907.43432051196,3913.4586667095,3919.02585036691
2023-07-23 01:00:00,3476.30400168418,3550.27300327946,3469.25850314414,3478.76144160575,3468.16601396828,3458.48907231015,3489.50806437902,3473.46383948714
2023-07-23 02:00:00,3225.49250578368,3257.84999884665,3220.30500098492,3216.65418299903,3221.79988658132,3199.49007977018,3232.59670136988,3219.22698054265
2023-07-23 03:00:00,3061.94950212608,3081.54900307616,3020.51950285549,3061.81396545554,3064.62149667276,3050.42528522125,3089.72639863618,3063.21770146633
2023-07-23 04:00:00,2984.46200132428,3012.7995023214,2962.15199878078,2975.27391527366,2995.50621324247,2979.92387288009,3010.13603899365,2985.38985096321
2023-07-23 05:00:00,2998.80350152391,3023.2755045637,3052.51449986559,2988.73623923245,2995.52621714634,2979.83716780972,3014.22803667664,2992.13115660744
2023-07-23 06:00:00,2863.75900084211,2684.3255003409,3097.09550037631,2844.40606338588,2856.88223177226,2861.78276933969,2892.61691843076,2850.64401605162
2023-07-23 07:00:00,2593.47750198119,2568.47500065074,3443.8740002038,2593.16660609881,2590.94090482593,2601.49868426157,2619.15398777524,2592.05377892637
2023-07-23 08:00:00,3030.1365014225,3043.41049893526,3872.05250156566,3029.56913538957,3012.580799196,2965.61906867409,3037.00745801299,3021.07514638884
2023-07-23 09:00:00,3632.98650540563,3696.55300188798,4077.65400033828,3639.42745101889,3627.36010743864,3594.71826707701,3638.3527143125,3633.39390644626
2023-07-23 10:00:00,3926.65050492354,4136.40199957031,4095.96650322096,3917.73726558924,3933.73704794606,3908.37373149391,3958.87970188835,3925.73698809322
2023-07-23 11:00:00,3923.70900446584,4203.11700091604,4033.91550249851,3923.75005063616,3928.48711270561,3896.95583583738,3927.50540321176,3926.11853173138
2023-07-23 12:00:00,3870.5424999356,4135.43500003801,4095.3290033791,3888.94977563487,3851.73800552992,3828.38932654163,3875.07009372983,3870.34428287986
2023-07-23 13:00:00,3985.74150270876,4305.12950276397,4440.8240003332,3988.76619811106,3967.60152978793,3943.1519527493,3981.00700785906,3978.18408707368
2023-07-23 14:00:00,4147.06250064482,4437.49050235003,4630.41200199362,4147.64579072769,4156.0997598815,4118.53227821413,4170.71482173746,4151.87268618036
2023-07-23 15:00:00,3867.59550215735,4158.15449999226,4226.74000041885,3860.46084369303,3855.36252705485,3858.97205257827,3882.97758739493,3857.9117391219
2023-07-23 16:00:00,3523.9515007931,3782.78049983922,3912.88799958269,3521.99516605991,3527.06119074414,3496.82245068921,3567.58347825223,3524.5281249945
2023-07-23 17:00:00,3477.6490011093,3715.63600158005,3757.89100159879,3465.78526702777,3467.21992500274,3455.42215249821,3479.1973608823,3466.50258089067
2023-07-23 18:00:00,3561.98050129123,3751.27450018923,3635.64300122496,3543.90371762095,3559.75775225758,3550.18090583397,3588.71199937521,3551.83056780135
2023-07-23 19:00:00,3730.83500014991,4028.33700247819,3577.32350106875,3739.05339145982,3728.12688150879,3736.45452140321,3778.49144733777,3733.5902516748
2023-07-23 20:00:00,4312.45750132785,4803.6940028799,3890.93600242247,4314.02721044936,4328.89531928496,4270.07592680636,4340.74610972049,4321.46110812317
2023-07-23 21:00:00,4906.23100169061,5320.9565022866,4362.49350314727,4893.74460765392,4907.0381067263,4873.89436261144,4911.67415810454,4900.39121704612
2023-07-23 22:00:00,5199.00500344438,5457.94950379978,4949.61250269215,5175.09879254606,5179.8274914801,5203.65736428928,5204.00482425066,5177.46309216174
2023-07-23 23:00:00,4578.22299814248,4571.14750221872,4462.87350037904,4574.03455203944,4576.15110521299,4546.42994398533,4584.30802787871,4575.09280631289
2023-07-24,4014.31600546825,3812.80499906244,3878.02149983821,3986.5179233307,4002.0514127047,3990.26856379638,4044.47446124072,3994.28450425907
2023-07-24 01:00:00,3503.30400160048,3397.92450404319,3469.25850314414,3512.02035453479,3504.6268703442,3494.11484303905,3504.62352711948,3508.32369038379
2023-07-24 02:00:00,3158.38350277534,3148.71050260798,3220.30500098492,3164.88380827723,3146.15920594287,3141.86118757269,3163.66364414477,3155.52170451034
2023-07-24 03:00:00,2996.96350365295,3025.0705038954,3020.51950285549,3001.19959136975,3007.56127657167,2980.10013358427,3007.64448416323,3004.38036690395
2023-07-24 04:00:00,2982.44000361837,2994.02500433777,2962.15199878078,2982.44547009931,2989.67078218952,2975.34616998371,2998.23655131255,2986.05804997304
2023-07-24 05:00:00,3001.78050356801,3067.71149801568,3052.51449986559,2993.0553193708,2999.19776438286,3003.23192125565,3005.55064820414,2996.12647712136
2023-07-24 06:00:00,3033.16000321717,3091.76900229475,3097.09550037631,3038.80245500671,3025.91383574035,3016.06319296754,3028.7354461531,3032.35828124916
2023-07-24 07:00:00,2836.18250253121,3508.67150374467,3443.8740002038,2811.80465660358,2856.47616277995,2860.65816338173,2878.78326193601,2834.13993875156
2023-07-24 08:00:00,3396.72200164688,3868.24000271223,3872.05250156566,3385.61375974402,3351.17252566702,3336.08533312167,3397.27236427202,3368.39350579518
2023-07-24 09:00:00,3977.13050189894,4089.93500117643,4077.65400033828,3970.54838858148,3983.1797920619,3932.870325698,3980.28174419317,3976.86395715771
2023-07-24 10:00:00,4248.45650042128,4179.94350156852,4095.96650322096,4235.80381924175,4245.96562882057,4227.81497854794,4272.56946224378,4240.88461690237
2023-07-24 11:00:00,4269.74150164938,4183.36300173879,4033.91550249851,4275.4907142777,4286.80880200088,4256.25754274582,4328.43286126794,4281.14963882067
2023-07-24 12:00:00,4305.60800525011,4281.9530013015,4095.3290033791,4332.55450715504,4345.5270059853,4312.55763526992,4331.39014096375,4339.04061981026
2023-07-24 13:00:00,4640.73350023467,4537.85950070084,4440.8240003332,4600.80258028645,4679.54115659091,4671.44207111873,4724.61712968793,4640.17103835336
2023-07-24 14:00:00,4672.04100523144,4727.99400077015,4630.41200199362,4700.22633961123,4714.37999901902,4679.61704030813,4712.75688425135,4707.30302010307
2023-07-24 15:00:00,4184.98300090991,4292.26650282752,4226.74000041885,4204.46591083513,4178.57569334241,4156.20283866051,4235.4480962886,4191.52107503109
2023-07-24 16:00:00,3801.60150038241,4068.67900109151,3912.88799958269,3812.11468414767,3805.79564259964,3778.06975560545,3842.84189243734,3808.95522999086
2023-07-24 17:00:00,3762.2930032739,3990.68950289523,3757.89100159879,3743.10833539516,3754.08228916345,3733.00941817868,3800.07111167744,3748.59519658865
2023-07-24 18:00:00,3742.12650002318,3911.65200090094,3635.64300122496,3737.3300882596,3741.57995239562,3720.36074912454,3768.98059900895,3739.45497552429
2023-07-24 19:00:00,3874.95850069833,4276.07100102503,3577.32350106875,3875.4662610561,3867.69150172223,3869.30782789081,3909.19776584836,3871.57896335297
2023-07-24 20:00:00,4360.49600461347,5180.72500242095,3890.93600242247,4353.03783402101,4373.32182305217,4343.1276143831,4379.0699976264,4363.17961469679
2023-07-24 21:00:00,4853.78400298941,5529.52000025532,4362.49350314727,4865.19045677166,4886.8452243512,4812.44773861585,4875.44274595698,4876.01761227047
2023-07-24 22:00:00,5017.12000400072,5493.65250209486,4949.61250269215,5008.0047580708,5004.6424106679,4992.56508852869,5027.23969740556,5006.32361981621
2023-07-24 23:00:00,4399.5325025554,4605.84550008271,4462.87350037904,4403.40572819175,4397.41680875463,4370.16500216406,4401.98716324682,4400.41133161015
2023-07-25,3882.53149929107,3974.0605006431,3878.02149983821,3892.25788704725,3882.12945263641,3870.64789761408,3883.78515416718,3887.19377661878
2023-07-25 01:00:00,3440.50600302953,3479.58400138607,3469.25850314414,3451.23517067744,3447.99040214415,3435.99253256599,3462.73778286811,3449.6128206181
2023-07-25 02:00:00,3171.21350168611,3224.16650517471,3220.30500098492,3166.9945620747,3176.46490685627,3156.90739742966,3196.012433826,3171.72963462631
2023-07-25 03:00:00,3043.8065060369,3026.64450340311,3020.51950285549,3042.5449895111,3039.37255021251,3023.2996241555,3068.08207251684,3040.9588033066
2023-07-25 04:00:00,2971.86000082816,2979.62199939799,2962.15199878078,2973.87018330089,2966.04489208821,2956.39190431289,2972.62249067232,2969.95762019108
2023-07-25 05:00:00,2976.00700273993,3097.94800127589,3052.51449986559,2968.29069098403,2978.62072000786,2976.09987783,2995.96062056476,2973.45559659373
2023-07-25 06:00:00,2884.44500662852,3119.46250026475,3097.09550037631,2903.37812801228,2883.07904742103,2899.68727722091,2915.95854061386,2893.22880171556
2023-07-25 07:00:00,2557.34100303368,3618.68900130154,3443.8740002038,2568.14174895316,2587.28635572291,2609.05969627811,2658.93863120991,2577.71385050994
2023-07-25 08:00:00,3001.62900122168,4014.44650246436,3872.05250156566,3024.40296372184,3040.88067724072,2885.32017726388,3081.13153592672,3032.64164676836
2023-07-25 09:00:00,3656.57250146684,4140.52750166203,4077.65400033828,3677.95936467106,3639.38714694497,3567.58688152026,3661.62535078682,3658.67366244772
2023-07-25 10:00:00,4074.08449996181,4119.28100655158,4095.96650322096,4088.96487165373,4071.39260579245,4025.99038928736,4074.92056556708,4080.17892397511
2023-07-25 11:00:00,4161.39200424647,4057.63500284182,4033.91550249851,4170.17229016075,4149.78511700223,4120.41455163201,4156.92049637912,4159.97891850909
2023-07-25 12:00:00,4186.31200111879,4194.73650531319,4095.3290033791,4198.76032405927,4176.00554357365,4161.67761271871,4180.86026913247,4187.38317370407
2023-07-25 13:00:00,4473.18650205829,4504.00250181463,4440.8240003332,4481.89370910743,4469.98506834283,4401.88638802155,4479.46087294202,4475.93951426954
2023-07-25 14:00:00,4468.21950422006,4613.98400094779,4630.41200199362,4464.85681540067,4475.39491771941,4443.90687980436,4470.16415420179,4470.12575546426
2023-07-25 15:00:00,3946.85950302449,4291.65250235808,4226.74000041885,3943.32448454884,3955.14656790453,3926.17561560693,3972.00563983406,3949.23540159479
2023-07-25 16:00:00,3540.31350298296,4084.72900088842,3912.88799958269,3530.21775070295,3528.22217608979,3546.9582591108,3592.59625324166,3529.21998443431
2023-07-25 17:00:00,3439.70000202279,3944.50400155748,3757.89100159879,3442.85638097901,3449.82956271478,3400.9105385622,3456.54637394078,3446.34289833355
2023-07-25 18:00:00,3396.54349993623,3888.7250029943,3635.64300122496,3399.88565688573,3385.76743834654,3393.197825815,3428.56003923668,3392.82669645456
2023-07-25 19:00:00,3625.81850263639,4166.51049937564,3577.32350106875,3628.96595879332,3629.39185682626,3611.32957304797,3656.53267803779,3629.17890331985
2023-07-25 20:00:00,4233.41700113018,5002.06400427909,3890.93600242247,4222.78411366829,4240.69955750544,4215.23893071592,4270.87027767128,4231.74164671696
2023-07-25 21:00:00,4930.0890043067,5483.76650129189,4362.49350314727,4925.10458337842,4935.44271839279,4913.45012859409,4949.32655531622,4930.27354189794
2023-07-25 22:00:00,5166.57500342047,5516.21550051367,4949.61250269215,5176.06779187604,5172.95443014829,5159.44234337277,5209.53752435299,5174.51114383414
2023-07-25 23:00:00,4348.34900410427,4583.18400226114,4462.87350037904,4362.80560557438,4363.20470567972,4340.34862918767,4365.2737248537,4363.00515141962
2023-07-26,3734.75349876401,3937.83000165178,3878.02149983821,3736.41503953732,3718.65408786497,3718.30291792448,3751.25784387503,3727.53475094234
2023-07-26 01:00:00,3330.93650333269,3524.4159997399,3469.25850314414,3332.75435963889,3346.8020442181,3332.95204982174,3356.46433907551,3339.77805383365
2023-07-26 02:00:00,3063.52550364903,3284.64199897763,3220.30500098492,3062.13335273918,3047.24624031952,3040.51227718947,3068.13475725449,3054.68995347368
2023-07-26 03:00:00,2944.50200468686,3089.69300293387,3020.51950285549,2948.5019090383,2946.53137817361,2920.50201944161,2975.70099924515,2947.51666437987
2023-07-26 04:00:00,2925.3585034702,3037.19650082325,2962.15199878078,2926.94760208446,2931.58963934939,2922.05292979666,2941.630288631,2929.26857177919
2023-07-26 05:00:00,2980.9135006367,3120.3994991259,3052.51449986559,2992.10511081939,2968.12537312453,2973.38827345651,2979.71635347455,2980.11549477343
2023-07-26 06:00:00,3169.87400160648,3167.17199901131,3097.09550037631,3210.53740290391,3148.71140040579,3118.72990761561,3211.0238056482,3179.62505344282
2023-07-26 07:00:00,3058.77750200371,3586.44450181129,3443.8740002038,3081.18312864372,3114.39804232334,3080.82585871853,3129.45607207959,3097.7902353221
2023-07-26 08:00:00,3485.95550376503,3889.14750203351,3872.05250156566,3470.92139500364,3482.11928465722,3415.8378417837,3507.00471032089,3476.52022177897
2023-07-26 09:00:00,3902.17900218919,4103.82249803317,4077.65400033828,3920.18126966465,3916.31928036109,3866.67703003204,3908.9926731922,3918.2503157271
2023-07-26 10:00:00,4027.39300300321,4117.45250114182,4095.96650322096,4020.26476306221,4023.7213303444,4038.86872207406,4033.5631621837,4021.99301026315
2023-07-26 11:00:00,4010.96750276873,4014.28799769632,4033.91550249851,4007.37520620542,4005.4314213485,3999.15108233763,4038.20610874523,4006.40333426891
2023-07-26 12:00:00,4113.37400206493,4111.64700231131,4095.3290033791,4119.36526719083,4113.23980383077,4077.30794433696,4125.13777114915,4116.30260008724
2023-07-26 13:00:00,4340.08500351035,4453.63600384444,4440.8240003332,4341.06870512174,4371.75355317654,4335.91670371755,4355.32893595645,4356.41080566041
2023-07-26 14:00:00,4385.9715030014,4629.46149996202,4630.41200199362,4394.21584095531,4369.31050879684,4371.45331032627,4407.21383864313,4381.76343743544
2023-07-26 15:00:00,4060.5900009874,4288.95700080122,4226.74000041885,4054.89357012083,4067.27404567841,4033.66320256488,4072.41027181896,4061.08367738099
2023-07-26 16:00:00,3761.3660028805,4109.54250011093,3912.88799958269,3760.37586949099,3768.89431198834,3734.60866251909,3777.04275467649,3764.63500093573
2023-07-26 17:00:00,3640.1225021272,4042.09200018295,3757.89100159879,3665.50914122608,3641.82860110714,3636.32982526521,3685.79212565572,3653.66912081385
2023-07-26 18:00:00,3552.2615058166,3890.35600409959,3635.64300122496,3558.27023889838,3548.9822269947,3544.28960547906,3557.55455785786,3553.6263308635
2023-07-26 19:00:00,3640.35750312067,4128.75250369054,3577.32350106875,3630.52902164543,3649.07228566197,3639.36631654222,3671.60431145158,3639.80045816514
2023-07-26 20:00:00,4283.27800138388,4866.06450009916,3890.93600242247,4296.87771385543,4284.6420878691,4263.29127117706,4310.04076759761,4290.76002985384
2023-07-26 21:00:00,4996.12500124564,5215.71400297561,4362.49350314727,4986.0927255877,4982.37004089243,4944.80590338637,5016.73937215434,4984.23142248571
2023-07-26 22:00:00,5275.43150181149,5440.81550056499,4949.61250269215,5271.30686430746,5278.90245887649,5212.9822875207,5298.60199288119,5275.10458151697
2023-07-26 23:00:00,4495.60550132871,4616.35249849106,4462.87350037904,4507.08989940377,4501.36585877473,4498.61867119828,4520.78980886286,4504.22793943378
2023-07-27,3941.66300085164,3985.94000082661,3878.02149983821,3932.90254414579,3927.58033422045,3920.52062351996,3967.7377832475,3930.24149529143
2023-07-27 01:00:00,3471.22300237464,3533.07100122375,3469.25850314414,3487.76213105209,3467.47130808489,3460.32722929131,3498.17036684566,3477.61693348033
2023-07-27 02:00:00,3220.51850185159,3257.75550389697,3220.30500098492,3221.90510246174,3219.82730255965,3192.39542689438,3255.0969174879,3220.86622441548
2023-07-27 03:00:00,3056.70750453556,3068.56349791156,3020.51950285549,3053.08442801128,3050.93749980925,3043.19943037387,3065.70049656984,3052.01098654381
2023-07-27 04:00:00,2988.48100103275,3005.89000203146,2962.15199878078,2986.45638055791,2994.58617800667,2985.11940390022,3010.82243991749,2990.52119357556
2023-07-27 05:00:00,3070.39849825343,3080.66700125381,3052.51449986559,3072.70366446324,3060.24214456375,3041.47833442168,3096.51614987509,3066.47303588651
2023-07-27 06:00:00,3241.92249980208,3127.032999933,3097.09550037631,3236.57619840004,3235.46899234599,3214.9317924693,3256.16219451861,3236.02260704551
2023-07-27 07:00:00,3217.26850310352,3536.91050184076,3443.8740002038,3221.32577690722,3211.12489365091,3194.36339968388,3229.11080598315,3216.22544281979
2023-07-27 08:00:00,3647.88950185967,3965.535000748,3872.05250156566,3656.94710725598,3657.18500996415,3584.61308879524,3698.35857781658,3657.06605610202
2023-07-27 09:00:00,4001.91550159117,4109.49650311226,4077.65400033828,3994.29081384543,4004.74755101742,4005.4314213485,4021.06995715904,3999.51907219341
2023-07-27 10:00:00,4049.79050263378,4106.71250284731,4095.96650322096,4046.67765235288,4056.54115887428,4065.16397726886,4059.69608661533,4051.60930162958
2023-07-27 11:00:00,3903.30750035553,4050.99200042791,4033.91550249851,3899.15827838735,3904.89307834251,3904.44610992936,3916.42762141608,3902.02561790697
2023-07-27 12:00:00,3959.5115035465,4204.54800402035,4095.3290033791,3966.91210323133,3961.39182804365,3927.89506006424,3991.51724854841,3964.15202383386
2023-07-27 13:00:00,4229.62700081686,4558.02100177261,4440.8240003332,4235.99489595073,4223.83233783774,4214.35844145343,4228.74265009811,4229.91374511551
2023-07-27 14:00:00,4276.08450275066,4610.15600136656,4630.41200199362,4297.16861159314,4270.59325649203,4251.37611871367,4281.24296372886,4283.88121420782
2023-07-27 15:00:00,4015.96300093504,4323.3590012677,4226.74000041885,4020.15438789392,4006.5128623783,3991.11366746493,4035.51824663895,4013.3337689491
2023-07-27 16:00:00,3818.92700138153,4013.83449905342,3912.88799958269,3822.52103676956,3815.67598712781,3807.7783807716,3831.53132645018,3819.09858411122
2023-07-27 17:00:00,3887.34699902066,3982.3855019355,3757.89100159879,3873.77086828423,3872.83065675812,3884.21864227069,3900.04992365337,3873.30077243317
2023-07-27 18:00:00,3927.13450046233,3920.20749899792,3635.64300122496,3935.47052067531,3916.96563517339,3902.04453088095,3972.09278671888,3926.21827300832
2023-07-27 19:00:00,4040.47949976602,4119.91100104165,3577.32350106875,4026.700446311,4017.33567632296,4025.39132563093,4056.80816818184,4022.01816004315
2023-07-27 20:00:00,4478.63600244466,4719.11000241095,3890.93600242247,4509.74596365619,4495.37571529352,4447.73209698576,4493.81512577341,4502.56099097025
2023-07-27 21:00:00,5021.25050106994,5144.51949917001,4362.49350314727,5017.7391287486,5020.1715978037,4979.57159735061,5040.9152839897,5018.95533763234
2023-07-27 22:00:00,5181.36100261682,5334.03500121133,4949.61250269215,5180.3658390447,5166.00671626636,5104.27050295412,5186.86305417753,5173.18642903364
2023-07-27 23:00:00,4449.20350158843,4501.58650224423,4462.87350037904,4454.76953208511,4459.606098256,4436.79530478195,4496.84247716607,4457.18776418205
2023-07-28,3853.9329999414,3878.02149983821,3878.02149983821,3867.26280066913,3871.63755811119,3796.49855749837,3861.44658239065,3869.45013327017
2023-07-28 01:00:00,3474.02200260642,3469.25850314414,3469.25850314414,3476.35120365379,3477.10703474601,3448.53645481743,3483.88026320419,3476.7291112317
2023-07-28 02:00:00,3225.48000147066,3220.30500098492,3220.30500098492,3236.78086396756,3219.38501960976,3201.02571733207,3244.59328815954,3228.08312518079
2023-07-28 03:00:00,3048.3945037165,3020.51950285549,3020.51950285549,3041.99454803427,3043.02524486876,3039.50883095175,3062.44710642856,3042.5098855856
2023-07-28 04:00:00,3015.0400034138,2962.15199878078,2962.15199878078,3012.60963711664,3013.41436709527,3010.35141992895,3022.65074947744,3013.01199362225
2023-07-28 05:00:00,3083.29849867465,3052.51449986559,3052.51449986559,3085.51859801848,3084.75494294148,3052.70763003106,3083.08682341734,3085.13677853066
2023-07-28 06:00:00,3249.09550040914,3097.09550037631,3097.09550037631,3247.82835899744,3247.90998260911,3219.81501610198,3259.1455810483,3247.86916994278
2023-07-28 07:00:00,3171.0845020886,3443.8740002038,3443.8740002038,3179.794897776,3172.19510225289,3151.76173234656,3187.34396415985,3175.99508013373
2023-07-28 08:00:00,3608.67900129268,3872.05250156566,3872.05250156566,3608.5028064005,3615.85912202785,3551.74250396285,3609.78654899752,3612.18088666172
2023-07-28 09:00:00,3997.85200102977,4077.65400033828,4077.65400033828,3994.79648458404,4005.73327834836,3982.29458129923,4016.00995955814,4000.26476616729
2023-07-28 10:00:00,4097.81850084662,4095.96650322096,4095.96650322096,4112.6724396188,4097.41095915029,4090.84595150269,4131.62773599393,4105.04186027558
2023-07-28 11:00:00,4029.14550133666,4033.91550249851,4033.91550249851,4019.33259006349,4032.26670935467,3987.38057406974,4069.0397415913,4025.79951335378
2023-07-28 12:00:00,4022.20300329558,4095.3290033791,4095.3290033791,4021.67123520352,4029.07159818349,4031.66286617068,4038.18299628861,4025.3713386767
2023-07-28 13:00:00,4323.62100174918,4440.8240003332,4440.8240003332,4320.43138747552,4334.7959908998,4289.15662992893,4360.64164816201,4327.61353775177
2023-07-28 14:00:00,4369.46000021358,4630.41200199362,4630.41200199362,4379.3509439344,4362.16432222318,4352.21000920807,4411.36093245582,4370.75781426523
2023-07-28 15:00:00,4068.77750156727,4226.74000041885,4226.74000041885,4065.18389320821,4064.46603386828,4053.4621477573,4069.73070587818,4064.82497110613
2023-07-28 16:00:00,3735.1940003637,3912.88799958269,3912.88799958269,3732.64453220364,3737.4954461318,3696.6514279394,3763.84277602027,3735.06993802795
2023-07-28 17:00:00,3642.45300076122,3757.89100159879,3757.89100159879,3641.77335108924,3645.48863643413,3620.04555076026,3659.28582064407,3643.63095459405
2023-07-28 18:00:00,3560.43499977619,3635.64300122496,3635.64300122496,3554.78370079298,3562.55019688453,3520.53314304753,3584.51392446029,3558.66686696206
2023-07-28 19:00:00,3560.00500073819,3577.32350106875,3577.32350106875,3568.5630151951,3570.9781484552,3508.21598821951,3573.82030276452,3569.7705563641
2023-07-28 20:00:00,3749.98900204408,3890.93600242247,3890.93600242247,3769.51565298289,3760.2648147172,3704.73207164143,3802.07262956848,3764.89033137511
2023-07-28 21:00:00,4452.88050283829,4362.49350314727,4362.49350314727,4497.3407528064,4445.10243673689,4317.22924569842,4466.54971473926,4471.22214548339
2023-07-28 22:00:00,4905.81900065928,4949.61250269215,4949.61250269215,4912.65863468785,4914.90324669147,4905.37207107904,4931.48508068503,4913.7809170263
2023-07-28 23:00:00,4440.99550389522,4462.87350037904,4462.87350037904,4439.02912346978,4428.74871033906,4405.52415442863,4455.86417903249,4433.88902528357
2023-07-29,3963.45500871912,4023.42650119867,3878.02149983821,3963.18846590803,3968.72197491627,3940.55365640324,3992.43116781204,3965.95516207627
2023-07-29 01:00:00,3572.48100233113,3609.41050378873,3469.25850314414,3564.67026847864,3554.55918028886,3533.42943021592,3578.97533890107,3559.61483097783
2023-07-29 02:00:00,3268.34550380206,3294.22500246519,3220.30500098492,3264.42674660536,3257.77474868945,3258.02649100481,3277.39412647707,3261.10081777473
2023-07-29 03:00:00,3100.53100410069,3084.05800014839,3020.51950285549,3119.94407435854,3103.19055718258,3061.06261376521,3133.88959498018,3111.56749239108
2023-07-29 04:00:00,3024.02350204729,3024.46650301048,2962.15199878078,3031.24521750629,3017.76127510094,2998.92596159814,3031.40930266375,3024.50338845531
2023-07-29 05:00:00,3048.11350168195,3007.75600211474,3052.51449986559,3037.79637984068,3050.29433506462,3030.40018673307,3058.36261015797,3044.04522569552
2023-07-29 06:00:00,2966.71799969336,2710.46800186485,3097.09550037631,2956.95955321146,2983.18353761206,2925.90798885737,2980.09444759242,2970.07126895077
2023-07-29 07:00:00,2628.55150230462,2681.48850309057,3443.8740002038,2621.3368317119,2617.76628667184,2606.70726863764,2672.84051853836,2619.55159683361
2023-07-29 08:00:00,3149.2460040705,3248.19900084962,3872.05250156566,3146.58488202225,3164.20995987175,3048.68847033436,3170.70656371949,3155.39723513823
2023-07-29 09:00:00,3734.45599926182,3972.53850250947,4077.65400033828,3733.93621252881,3734.77966902689,3676.72498432786,3753.55231998606,3734.35793188589
2023-07-29 10:00:00,4032.43250111002,4358.50400316529,4095.96650322096,4015.17684279548,4020.83981905439,4017.49279891944,4040.24052290852,4018.00827122416
2023-07-29 11:00:00,4042.81449890311,4338.97150042292,4033.91550249851,4041.58528877634,4034.9100677033,4022.83094942719,4061.5243565664,4038.24774861197
2023-07-29 12:00:00,3930.08800384693,4259.3395031034,4095.3290033791,3934.85602573787,3939.97857771096,3943.56197062921,3933.42935844859,3937.41724772096
2023-07-29 13:00:00,4152.32650274283,4322.5750025938,4440.8240003332,4148.98131922304,4139.34388045531,4050.4086553869,4160.76068097601,4144.1627014399
2023-07-29 14:00:00,4189.02499833354,4387.26800414361,4630.41200199362,4186.2025685017,4189.18779451029,4117.27136105241,4199.2099275258,4187.69515003486
2023-07-29 15:00:00,3886.36549950868,3973.49150129128,4226.74000041885,3903.17170425153,3877.65111561296,3871.6560243301,3915.59832828218,3890.41167897782
2023-07-29 16:00:00,3612.60200365994,3647.46549946209,3912.88799958269,3609.28990496716,3612.9180607234,3584.60966928976,3622.22523765446,3611.1039445962
2023-07-29 17:00:00,3470.96300239058,3497.72500005004,3757.89100159879,3478.49640465001,3474.47434843885,3469.14876413389,3473.31447730579,3476.48541894613
2023-07-29 18:00:00,3461.81599889055,3426.77900193352,3635.64300122496,3465.1744605704,3459.49548256289,3447.95422098473,3472.85726309395,3462.33503143611
2023-07-29 19:00:00,3540.46100167593,3477.07250109385,3577.32350106875,3541.98097752227,3550.74313756002,3525.19431999893,3551.417255561,3546.36196516787
2023-07-29 20:00:00,3889.56699973892,3745.54350259621,3890.93600242247,3891.09455983103,3902.16364416487,3857.82002263404,3896.81457794302,3896.6289853044
2023-07-29 21:00:00,4479.12050265225,4258.97400144592,4362.49350314727,4456.97213284237,4478.51238944782,4470.60763577365,4496.46501904229,4467.74203406135
2023-07-29 22:00:00,4883.10450301517,4842.84700175363,4949.61250269215,4886.37647453715,4880.02102337532,4820.2670483116,4896.89622669786,4883.19881595728
2023-07-29 23:00:00,4381.89799939794,4521.1220019001,4462.87350037904,4372.83662969684,4374.62358036196,4351.28846386763,4411.14212420594,4373.73008619083
2023-07-30,3880.30550132378,3996.57750128047,3878.02149983821,3880.27754797374,3890.49295770996,3845.4784872747,3883.68883004591,3885.38514514799
2023-07-30 01:00:00,3497.17550203786,3550.27300327946,3469.25850314414,3498.02699490222,3495.73515431734,3486.58326831167,3515.58634547741,3496.88109877104
2023-07-30 02:00:00,3202.64299903228,3257.84999884665,3220.30500098492,3201.5516200694,3205.36489411924,3177.01949404995,3214.50858100429,3203.45821689365
2023-07-30 03:00:00,3062.80750216485,3081.54900307616,3020.51950285549,3054.25077344125,3069.68057864887,3034.79764532923,3071.21838892233,3061.9655133795
2023-07-30 04:00:00,2985.63650092308,3012.7995023214,2962.15199878078,2981.13636375752,2996.76957892169,2987.11066951505,2990.46663119259,2988.95280652964
2023-07-30 05:00:00,3006.06750133727,3023.2755045637,3052.51449986559,3014.66033686042,3008.8957446832,2994.11198448474,3028.18362466409,3011.77810154384
2023-07-30 06:00:00,2926.96050161053,2684.3255003409,3097.09550037631,2921.02252909571,2929.18263849889,2913.95075179228,2960.39956928332,2925.10249777102
2023-07-30 07:00:00,2475.77700135112,2568.47500065074,3443.8740002038,2478.75908513152,2472.32630597132,2457.03131885752,2511.53429760938,2475.54276336768
2023-07-30 08:00:00,2877.4200014954,3043.41049893526,3872.05250156566,2886.29784977312,2882.41488489085,2796.25999865868,2883.42150152903,2884.35640826735
2023-07-30 09:00:00,3491.79600336077,3696.55300188798,4077.65400033828,3494.35651519523,3496.90251040785,3426.55569628674,3508.76153443356,3495.62948596091
2023-07-30 10:00:00,3972.28050176112,4136.40199957031,4095.96650322096,3969.57302391061,3965.92145502339,3960.75703523598,3983.93218586404,3967.74727796292
2023-07-30 11:00:00,4040.79650231171,4203.11700091604,4033.91550249851,4054.63339729011,4045.28473604472,4031.47826973969,4071.58291331445,4049.95916522376
2023-07-30 12:00:00,4090.68900023063,4135.43500003801,4095.3290033791,4098.48545625733,4090.27235531647,4061.13306857235,4127.58212468455,4094.37899237183
2023-07-30 13:00:00,4233.66850196221,4305.12950276397,4440.8240003332,4223.88595094245,4237.37166412569,4207.87101093998,4245.9089260905,4230.6286653637
2023-07-30 14:00:00,4302.50800114137,4437.49050235003,4630.41200199362,4302.58480534354,4312.59877275737,4261.58358027543,4299.18000649377,4307.59168348025
2023-07-30 15:00:00,3904.75599921646,4158.15449999226,4226.74000041885,3884.14819723982,3885.00423112812,3898.00055969814,3923.4088535017,3884.57620515941
2023-07-30 16:00:00,3537.64750302641,3782.78049983922,3912.88799958269,3529.67430103707,3543.07263580696,3511.29290694624,3554.92541045965,3536.37332717282
2023-07-30 17:00:00,3411.91299944744,3715.63600158005,3757.89100159879,3415.37936112144,3406.59607938963,3409.58064409089,3420.74221812208,3410.98781285148
2023-07-30 18:00:00,3351.03850207606,3751.27450018923,3635.64300122496,3344.69658605062,3353.38549734647,3318.10196069913,3356.47714680998,3349.04095009747
2023-07-30 19:00:00,3442.4545026311,4028.33700247819,3577.32350106875,3447.83827013333,3430.63100681569,3446.51386140365,3455.57708211894,3439.23481987856
2023-07-30 20:00:00,3892.37550129404,4803.6940028799,3890.93600242247,3874.88415065495,3870.15316221073,3875.90929199189,3909.13437242416,3872.51870630831
2023-07-30 21:00:00,4733.36050154502,5320.9565022866,4362.49350314727,4721.18100031028,4744.70550664613,4670.41285126326,4741.06811192433,4732.94300547591
2023-07-30 22:00:00,5110.47450035613,5457.94950379978,4949.61250269215,5104.96608971512,5104.52368503041,5099.02467087879,5117.61860193031,5104.74489203673
2023-07-30 23:00:00,4453.08750329562,4571.14750221872,4462.87350037904,4459.64228357894,4459.4742272757,4431.54201000077,4469.72071661319,4459.55825719902
2023-07-31,3847.08649815118,3812.80499906244,3878.02149983821,3855.87693506804,3840.59543011866,3820.62212712593,3879.21609554088,3848.23634369549
2023-07-31 01:00:00,3410.80550413532,3397.92450404319,3469.25850314414,3407.07976308828,3407.01207109751,3384.72434999131,3445.64270305182,3407.04591780653
2023-07-31 02:00:00,3106.56750105007,3148.71050260798,3220.30500098492,3108.13975217856,3089.25482719348,3089.42281626894,3119.57498063722,3098.69748877647
2023-07-31 03:00:00,2966.1685046145,3025.0705038954,3020.51950285549,2971.42811134063,2971.09009932265,2947.33542952351,2987.54955314038,2971.25910889506
2023-07-31 04:00:00,2929.03499948955,2994.02500433777,2962.15199878078,2937.3052394897,2940.41961458476,2936.43898850682,2942.22107637942,2938.86239420457
2023-07-31 05:00:00,2957.72600424592,3067.71149801568,3052.51449986559,2952.75177025553,2970.79675277996,2952.25587878592,2968.40429671807,2961.77407128221
2023-07-31 06:00:00,2968.91700147674,3091.76900229475,3097.09550037631,2969.32165531021,2974.26916746034,2966.79199908426,2976.8608763048,2971.79535922714
2023-07-31 07:00:00,2673.86850314168,3508.67150374467,3443.8740002038,2671.66840661302,2673.67448974957,2711.4852904303,2722.03803310549,2672.67142703258
2023-07-31 08:00:00,3096.86850343668,3868.24000271223,3872.05250156566,3107.63082667845,3082.32220247498,3051.12669170965,3143.72304102529,3094.9767813877
2023-07-31 09:00:00,3622.30700306268,4089.93500117643,4077.65400033828,3609.82842315904,3620.35290733832,3539.85306291662,3678.13170138748,3615.09055429646
2023-07-31 10:00:00,3836.456003253,4179.94350156852,4095.96650322096,3840.37523700709,3839.13391947303,3830.58114771584,3860.16861377005,3839.75459132639
2023-07-31 11:00:00,3778.04150447214,4183.36300173879,4033.91550249851,3778.95453420146,3775.38212644634,3715.80312079017,3810.7762355929,3777.16836798528
2023-07-31 12:00:00,3771.26099989016,4281.9530013015,4095.3290033791,3756.93287374628,3763.45143906964,3757.01996060112,3825.16232761096,3760.19208768732
2023-07-31 13:00:00,3993.23600522743,4537.85950070084,4440.8240003332,4002.54441630701,3996.92764799445,3943.73501848718,4013.70440806902,3999.73609136436
2023-07-31 14:00:00,4106.39050308091,4727.99400077015,4630.41200199362,4104.25495239015,4109.20043388348,4041.1887248442,4104.91441702273,4106.72764100009
2023-07-31 15:00:00,3807.49550045456,4292.26650282752,4226.74000041885,3795.35382171204,3798.09600878199,3784.44339546315,3826.87039991903,3796.72488633807
2023-07-31 16:00:00,3444.31850111892,4068.67900109151,3912.88799958269,3442.79321443418,3432.25462933425,3437.21863775553,3487.64775668002,3437.52403298509
2023-07-31 17:00:00,3369.67050213867,3990.68950289523,3757.89100159879,3387.83979057217,3356.72050304794,3351.6904603716,3398.27717476824,3372.28047487877
2023-07-31 18:00:00,3330.08350200392,3911.65200090094,3635.64300122496,3307.6045645998,3325.48223605889,3314.57131786545,3329.94241836329,3316.54321185766
2023-07-31 19:00:00,3523.79250141431,4276.07100102503,3577.32350106875,3527.23283695001,3508.50715877531,3490.14392459622,3555.64780830701,3517.87019527428
2023-07-31 20:00:00,4087.72600337025,5180.72500242095,3890.93600242247,4067.99682530851,4076.71680179735,4070.45673291248,4109.18867452253,4072.35672162436
2023-07-31 21:00:00,4957.50849989266,5529.52000025532,4362.49350314727,4979.95382111073,4973.3816514795,4877.6289888419,4973.72797115598,4976.66780558087
2023-07-31 22:00:00,5310.63200104504,5493.65250209486,4949.61250269215,5277.79092717972,5306.56311097779,5292.08622002771,5357.3403439075,5292.1767157539
2023-07-31 23:00:00,4543.07849882066,4605.84550008271,4462.87350037904,4550.57462316315,4555.40288269425,4533.33877661784,4541.09451606917,4552.98870202777
2023-08-01,3898.7270037015,3974.0605006431,3878.02149983821,3904.77041999017,3900.06852535331,3861.50551909796,3924.85002211187,3902.4195222405
2023-08-01 01:00:00,3405.74800073565,3479.58400138607,3469.25850314414,3405.9124492147,3402.41298795146,3379.92963499744,3411.4644097816,3404.16275547544
2023-08-01 02:00:00,3141.68100357929,3224.16650517471,3220.30500098492,3149.32164537845,3139.88960521434,3098.98669664769,3165.49613596186,3144.60572473175
2023-08-01 03:00:00,3002.26650233776,3026.64450340311,3020.51950285549,3006.59632922719,2994.81758884617,2973.29892197095,3009.08233038359,3000.70708321164
2023-08-01 04:00:00,2979.39550004504,2979.62199939799,2962.15199878078,2971.5183685208,2980.0574889098,2965.04621333701,3002.64177710879,2975.78783869337
2023-08-01 05:00:00,3025.92799960065,3097.94800127589,3052.51449986559,3038.80691813413,3022.54982592964,3019.95292468299,3057.88998970928,3030.67854341895
2023-08-01 06:00:00,3214.98650194088,3119.46250026475,3097.09550037631,3205.30181923923,3228.06669418129,3196.71985888906,3208.88944754127,3216.68401671623
2023-08-01 07:00:00,3028.69100318046,3618.68900130154,3443.8740002038,3040.46023268017,3041.43191024074,2998.97173718483,3057.79080703341,3040.94606121674
2023-08-01 08:00:00,3445.69749899977,4014.44650246436,3872.05250156566,3450.72895925529,3439.69841083037,3376.82927526404,3479.78154947967,3445.21380133013
2023-08-01 09:00:00,3872.34650117625,4140.52750166203,4077.65400033828,3876.3684413224,3870.3451415769,3821.15062818248,3872.01059280903,3873.35685494905
2023-08-01 10:00:00,4027.397002863,4119.28100655158,4095.96650322096,4039.78098754821,4028.90249319732,4011.27773297709,4035.08327388974,4034.34185505706
2023-08-01 11:00:00,4057.55950348312,4057.63500284182,4033.91550249851,4044.16550199224,4054.16593666133,4032.58982181779,4082.0207013958,4049.16561389925
2023-08-01 12:00:00,4066.3594995304,4194.73650531319,4095.3290033791,4056.61664042963,4077.82915423006,4042.32608963919,4102.89832401819,4067.22267370126
2023-08-01 13:00:00,4371.59800172085,4504.00250181463,4440.8240003332,4348.94729761335,4358.65381935357,4336.61988174961,4401.48331018531,4353.80045615444
2023-08-01 14:00:00,4525.57100079104,4613.98400094779,4630.41200199362,4526.87895178763,4530.83138632833,4507.97025422428,4567.31157089612,4528.85512739025
2023-08-01 15:00:00,4087.12400041707,4291.65250235808,4226.74000041885,4095.31458243366,4101.6930560515,4071.34988491795,4131.83662386233,4098.50375199883
2023-08-01 16:00:00,3719.13450204779,4084.72900088842,3912.88799958269,3701.59037984751,3703.79919684525,3700.79368737407,3749.50839861494,3702.69476506038
2023-08-01 17:00:00,3621.22000077367,3944.50400155748,3757.89100159879,3580.36477458505,3613.13519679894,3625.20845533439,3641.6965887603,3596.74964021653
2023-08-01 18:00:00,3522.54000188992,3888.7250029943,3635.64300122496,3530.57865503104,3545.0470419467,3523.70489610106,3572.2694467536,3537.81269595887
2023-08-01 19:00:00,3686.36500187009,4166.51049937564,3577.32350106875,3697.16680340955,3691.25299636928,3666.7740842082,3705.26928792555,3694.20996223451
2023-08-01 20:00:00,4267.3764994262,5002.06400427909,3890.93600242247,4248.83359869257,4248.52208805078,4245.43103316041,4292.2795134817,4248.67784665572
2023-08-01 21:00:00,5145.29000272544,5483.76650129189,4362.49350314727,5145.81890513263,5137.13777138929,5126.20257848616,5148.89677028761,5141.47842978004
2023-08-01 22:00:00,5300.5975027458,5516.21550051367,4949.61250269215,5305.93607544496,5299.04677184369,5276.30991228861,5315.40817780382,5302.4914962734
2023-08-01 23:00:00,4550.35700383969,4583.18400226114,4462.87350037904,4537.35716701622,4540.26290986185,4532.47832606489,4576.98055153353,4538.81000780583
2023-08-02,4001.45049984229,3937.83000165178,3878.02149983821,4001.97310610397,4007.49902411397,3992.21028482209,4019.99225727427,4004.73600685311
2023-08-02 01:00:00,3514.76299918932,3524.4159997399,3469.25850314414,3499.64080039283,3508.48038346272,3494.40151010278,3522.16570166858,3504.06049873828
2023-08-02 02:00:00,3223.3625043116,3284.64199897763,3220.30500098492,3241.10279309545,3231.53604880578,3171.65043396289,3234.04332618408,3236.31952180606
2023-08-02 03:00:00,3077.59100372228,3089.69300293387,3020.51950285549,3073.98057122513,3081.01984266254,3055.17238137443,3108.17985386842,3077.50013273376
2023-08-02 04:00:00,3036.82550137956,3037.19650082325,2962.15199878078,3041.09122738428,3032.93952005341,3009.50434378064,3042.47372318565,3037.01545965655
2023-08-02 05:00:00,3069.64850536687,3120.3994991259,3052.51449986559,3059.28417742996,3061.30792127019,3062.75972617693,3079.54469573033,3060.29602801517
2023-08-02 06:00:00,3293.42499864742,3167.17199901131,3097.09550037631,3290.39322976994,3276.06562460593,3266.77805664655,3309.79385661904,3283.22957823378
2023-08-02 07:00:00,3114.32200050633,3586.44450181129,3443.8740002038,3122.81434347535,3107.56909400021,3104.65333280634,3139.39241053678,3115.1918794577
2023-08-02 08:00:00,3483.04650059808,3889.14750203351,3872.05250156566,3483.19777965238,3481.81701748579,3441.3985470874,3508.76488160458,3482.50741312549
2023-08-02 09:00:00,3894.13300413603,4103.82249803317,4077.65400033828,3886.91734373747,3886.92440427306,3880.49296512486,3917.26456363237,3886.92087393083
2023-08-02 10:00:00,3997.1665040839,4117.45250114182,4095.96650322096,3987.69014170897,3999.46009642204,3989.05451634396,4005.71799390303,3993.57499498317
2023-08-02 11:00:00,3889.81000128132,4014.28799769632,4033.91550249851,3892.15438401878,3876.85591859981,3872.91193381243,3924.48312898812,3884.50531259024
2023-08-02 12:00:00,3919.79000063613,4111.64700231131,4095.3290033791,3928.90220966998,3914.69825834492,3887.65862069341,3945.84229692555,3921.8003837497
2023-08-02 13:00:00,4138.67750033049,4453.63600384444,4440.8240003332,4131.82612017248,4137.49637623253,4107.43690565756,4155.49719662659,4134.66118842499
2023-08-02 14:00:00,4360.73400222976,4629.46149996202,4630.41200199362,4352.78576273802,4367.76867526997,4333.86986387416,4396.8925078631,4360.2770610497
2023-08-02 15:00:00,4075.1425021555,4288.95700080122,4226.74000041885,4075.98410139434,4069.22217582118,4024.4237956661,4078.81341124102,4072.60320989398
2023-08-02 16:00:00,3855.47900121263,4109.54250011093,3912.88799958269,3854.38392289488,3850.47426832897,3828.29802787379,3877.38849763756,3852.42913682866
2023-08-02 17:00:00,3816.72500121419,4042.09200018295,3757.89100159879,3819.62280741907,3822.85690959093,3787.23862900882,3831.78352882979,3821.23982441014
2023-08-02 18:00:00,3872.72200285655,3890.35600409959,3635.64300122496,3876.41006501103,3861.03405061895,3845.97006924166,3888.20381044384,3868.72221991347
2023-08-02 19:00:00,4069.52400068828,4128.75250369054,3577.32350106875,4079.74748548842,4097.58293892642,4073.98388192984,4101.23139133489,4088.6650241808
2023-08-02 20:00:00,4692.36750303616,4866.06450009916,3890.93600242247,4674.7214100363,4684.2706153156,4650.1776154956,4688.07908771415,4679.49591200541
2023-08-02 21:00:00,5257.55749741511,5215.71400297561,4362.49350314727,5264.67424081967,5261.45380223692,5209.97482841417,5327.45320137482,5263.06405547911
2023-08-02 22:00:00,5148.88350172399,5440.81550056499,4949.61250269215,5144.52117676489,5156.11164354438,5132.23020630555,5168.05209225701,5150.31628796452
2023-08-02 23:00:00,4416.35150100326,4616.35249849106,4462.87350037904,4399.55352197223,4423.19270611302,4400.03085663207,4436.66410816779,4411.37286483137
2023-08-03,3876.30899850931,3985.94000082661,3878.02149983821,3881.99179283853,3867.87966935608,3872.20266428944,3885.58982046921,3874.93587987147
2023-08-03 01:00:00,3449.07049854076,3533.07100122375,3469.25850314414,3460.24361393911,3449.1352384273,3440.04952845507,3469.26128527764,3454.68954329098
2023-08-03 02:00:00,3166.39000342926,3257.75550389697,3220.30500098492,3167.31395568996,3158.46478638042,3149.25813924653,3167.53516125805,3162.88946432575
2023-08-03 03:00:00,3018.32950235426,3068.56349791156,3020.51950285549,3018.49164843592,3024.25732912477,3011.21597041077,3024.34965406042,3021.37442799684
2023-08-03 04:00:00,2964.84750149597,3005.89000203146,2962.15199878078,2965.30552726963,2964.48336697063,2955.20898789043,2958.55170013505,2964.89445578758
2023-08-03 05:00:00,3050.67400350829,3080.66700125381,3052.51449986559,3057.54285645474,3058.10586900337,3032.12947895499,3066.58678856701,3057.82435679361
2023-08-03 06:00:00,3218.64399980404,3127.032999933,3097.09550037631,3212.55667939129,3216.3306265151,3184.66324572472,3216.9995823087,3214.44361316713
2023-08-03 07:00:00,3064.31750183471,3536.91050184076,3443.8740002038,3059.48241708783,3064.98696901683,3047.88294728555,3069.4170313311,3062.23463502172
2023-08-03 08:00:00,3452.7910003193,3965.535000748,3872.05250156566,3453.83902962652,3460.69365734121,3404.06547449957,3496.50890110071,3457.26627122035
2023-08-03 09:00:00,3874.79750172212,4109.49650311226,4077.65400033828,3856.47925789756,3884.63735618698,3882.96277122451,3912.49564056686,3870.55801019129
2023-08-03 10:00:00,4072.6640023035,4106.71250284731,4095.96650322096,4077.07228804343,4079.66558833377,4029.45979783252,4085.95930438975,4078.36891084926
2023-08-03 11:00:00,4091.58650223759,4050.99200042791,4033.91550249851,4091.16570072538,4086.90263924654,4069.38909089668,4093.65656398074,4089.03421492841
2023-08-03 12:00:00,4113.8670025944,4204.54800402035,4095.3290033791,4118.43717636312,4122.53362882404,4089.52328955517,4149.90387361582,4120.48535940757
2023-08-03 13:00:00,4322.38949993561,4558.02100177261,4440.8240003332,4317.15498648575,4296.95785444334,4254.9747642974,4319.16522617757,4307.05663338867
2023-08-03 14:00:00,4441.3460026707,4610.15600136656,4630.41200199362,4450.95789738356,4431.90133668957,4398.74671608425,4459.82305577113,4441.42981793645
2023-08-03 15:00:00,4056.86150208092,4323.3590012677,4226.74000041885,4060.58460025481,4064.26442807913,4041.25040421988,4073.36602178799,4062.42447537314
2023-08-03 16:00:00,3704.6205017498,4013.83449905342,3912.88799958269,3698.80294446059,3711.53430736334,3698.57026286865,3717.66451206067,3705.16849169418
2023-08-03 17:00:00,3617.46150076605,3982.3855019355,3757.89100159879,3598.98280092188,3620.83644239322,3595.15722432082,3639.47394157273,3609.90939127001
2023-08-03 18:00:00,3590.30199781072,3920.20749899792,3635.64300122496,3596.94233407253,3582.46628126302,3589.8384799967,3646.91471586774,3589.7044602786
2023-08-03 19:00:00,3764.7350014603,4119.91100104165,3577.32350106875,3760.41085917126,3750.98231473268,3686.68178071614,3803.73773772603,3755.69668635047
2023-08-03 20:00:00,4293.13200357649,4719.11000241095,3890.93600242247,4277.56288423801,4295.61364123057,4258.04433396113,4315.77577129971,4286.58807243788
2023-08-03 21:00:00,5031.44300212699,5144.51949917001,4362.49350314727,5017.07652853695,5016.97385680215,4981.54317240835,5075.4172732043,5017.02519375195
2023-08-03 22:00:00,5110.5265005118,5334.03500121133,4949.61250269215,5093.72096201624,5111.0035727214,5067.44032792967,5132.12250797958,5102.36208517043
2023-08-03 23:00:00,4358.16250135726,4501.58650224423,4462.87350037904,4358.63990443324,4360.79555554521,4346.37270316656,4382.53841317338,4359.71770726372
2023-08-04,3812.21000011184,3878.02149983821,3878.02149983821,3814.50146164284,3804.92080631876,3803.07015585842,3828.5974956437,3809.7112349829
2023-08-04 01:00:00,3415.63600557821,3469.25850314414,3469.25850314414,3426.33304283189,3422.7431615054,3399.91143637351,3432.82111383365,3424.53814001423
2023-08-04 02:00:00,3148.59650590585,3220.30500098492,3220.30500098492,3161.33475029854,3133.62950502896,3142.151935822,3157.71160106559,3147.48241974062
2023-08-04 03:00:00,2989.02500054205,3020.51950285549,3020.51950285549,2986.95254411209,2984.86311421482,2964.25995506619,2987.52105224676,2985.90785119084
2023-08-04 04:00:00,2951.56200421893,2962.15199878078,2962.15199878078,2953.03955616695,2956.06757739729,2941.08030309222,2963.88811055058,2954.55353485982
2023-08-04 05:00:00,2983.02800225734,3052.51449986559,3052.51449986559,2999.45514559054,2989.83621006764,2975.31920468932,3014.47246795421,2994.64577923475
2023-08-04 06:00:00,3206.61400060286,3097.09550037631,3097.09550037631,3213.33149380984,3201.08068421822,3183.06865020876,3214.10075599176,3207.20621816568
2023-08-04 07:00:00,3008.18850227247,3443.8740002038,3443.8740002038,3012.88158749383,3017.82749087433,3018.77770320878,3028.35118286624,3015.35448704291
2023-08-04 08:00:00,3376.57250081038,3872.05250156566,3872.05250156566,3379.71005923368,3373.38097178108,3334.85711706643,3380.69710686293,3376.54558223049
2023-08-04 09:00:00,3802.0235016832,4077.65400033828,4077.65400033828,3797.27587563106,3816.9792815765,3773.56023811287,3822.52871940434,3807.12737088465
2023-08-04 10:00:00,4020.34150327486,4095.96650322096,4095.96650322096,4007.30204357956,4026.66636298172,4013.57040508858,4037.54745555441,4016.98399913627
2023-08-04 11:00:00,4105.83400047617,4033.91550249851,4033.91550249851,4103.47773034318,4101.21183041794,4075.7174991217,4118.15906936829,4102.34480426835
2023-08-04 12:00:00,4068.75500077079,4095.3290033791,4095.3290033791,4060.09289706897,4084.97332342852,4030.12482074734,4087.8071977499,4072.53284795195
2023-08-04 13:00:00,4294.94550147589,4440.8240003332,4440.8240003332,4310.78587615805,4300.7878877419,4267.97873591944,4300.66481436379,4305.78698735172
2023-08-04 14:00:00,4405.56000104884,4630.41200199362,4630.41200199362,4399.12624198428,4405.56197609114,4377.47878866736,4419.61623784763,4402.3440411903
2023-08-04 15:00:00,4006.82050325506,4226.74000041885,4226.74000041885,3997.97047456021,4005.12576654869,3983.48377245285,4021.00475002573,4001.54804512125
2023-08-04 16:00:00,3607.58050058968,3912.88799958269,3912.88799958269,3612.06849080218,3616.31790877474,3605.6704536266,3634.0307192012,3614.19315498984
2023-08-04 17:00:00,3550.35450070945,3757.89100159879,3757.89100159879,3536.60278283874,3554.80672062478,3516.59594747843,3556.76730606796,3545.70455982047
2023-08-04 18:00:00,3456.49850011681,3635.64300122496,3635.64300122496,3460.47608020557,3464.9186324599,3452.08461196322,3467.32246063866,3462.69730949804
2023-08-04 19:00:00,3522.06050154101,3577.32350106875,3577.32350106875,3502.50860933675,3533.94181292689,3512.06339565813,3553.28106132457,3518.22487975371
2023-08-04 20:00:00,3856.16050127777,3890.93600242247,3890.93600242247,3869.87745541474,3857.9893089944,3852.43617766566,3865.05811558076,3863.93350753292
2023-08-04 21:00:00,4550.8650009043,4362.49350314727,4362.49350314727,4560.8083123387,4530.67580091596,4433.87181008319,4560.1504486017,4545.74237429316
2023-08-04 22:00:00,4813.25050175621,4949.61250269215,4949.61250269215,4795.83491395052,4813.90313488834,4798.19255377741,4834.99363738753,4804.86883393891
2023-08-04 23:00:00,4262.33000194072,4462.87350037904,4462.87350037904,4266.42366759525,4254.70689101541,4263.08387222256,4285.079430609,4260.56540282705
2023-08-05,3853.94800071174,4023.42650119867,3878.02149983821,3851.77207296288,3860.38219292248,3852.42515291209,3866.0426593314,3856.07704217226
2023-08-05 01:00:00,3413.71600490925,3609.41050378873,3469.25850314414,3414.61704269633,3417.70550146608,3383.32330674739,3416.33643638376,3416.16123952176
2023-08-05 02:00:00,3123.59800416871,3294.22500246519,3220.30500098492,3128.82625087393,3115.97905530896,3073.82123834039,3149.01479870292,3122.40278853037
2023-08-05 03:00:00,2948.75500249933,3084.05800014839,3020.51950285549,2952.39153842999,2954.084316908,2931.59243608614,2968.73705710375,2953.23790982323
2023-08-05 04:00:00,2933.32250433345,3024.46650301048,2962.15199878078,2930.22549627078,2941.73131755871,2934.17496179651,2956.73178068011,2935.97828561698
2023-08-05 05:00:00,2909.49450251844,3007.75600211474,3052.51449986559,2906.82669749657,2904.90230624114,2890.60313475259,2903.21369921332,2905.86452215636
2023-08-05 06:00:00,2892.97400000214,2710.46800186485,3097.09550037631,2907.31334127981,2872.48037215443,2827.02080054161,2891.89124302026,2889.89722393657
2023-08-05 07:00:00,2518.18700100936,2681.48850309057,3443.8740002038,2500.36843569216,2529.06180934277,2555.91604243464,2578.84470856696,2514.71482002345
2023-08-05 08:00:00,2998.02100222179,3248.19900084962,3872.05250156566,3018.36897644528,3006.21019266627,2907.29490912049,3026.32377347457,3012.28971273727
2023-08-05 09:00:00,3626.56850297586,3972.53850250947,4077.65400033828,3645.39959943716,3628.05222821135,3599.00725320447,3628.83794525186,3636.72609670536
2023-08-05 10:00:00,3921.80050135264,4358.50400316529,4095.96650322096,3928.95866183177,3922.63046825658,3893.38878380094,3915.28832233523,3925.79463175786
2023-08-05 11:00:00,3874.92950037605,4338.97150042292,4033.91550249851,3881.4148592741,3870.54082265105,3857.24965587093,3888.22235565698,3875.97795559988
2023-08-05 12:00:00,3780.65400146821,4259.3395031034,4095.3290033791,3786.79863224071,3782.9130309111,3748.01003407986,3825.31558501542,3784.85587253906
2023-08-05 13:00:00,3836.51150324335,4322.5750025938,4440.8240003332,3860.00055988223,3876.40846081474,3817.36890009472,3863.14505664918,3868.20433737155
2023-08-05 14:00:00,3900.13400324521,4387.26800414361,4630.41200199362,3904.637430738,3897.75887270409,3854.07186550694,3929.00054702408,3901.19822423684
2023-08-05 15:00:00,3657.71200356632,3973.49150129128,4226.74000041885,3644.17436510094,3671.82847627048,3622.33581140093,3686.45670935115,3658.0011291479
2023-08-05 16:00:00,3341.64650174143,3647.46549946209,3912.88799958269,3360.69162949447,3335.70345586442,3332.23038043118,3368.29705180986,3348.19780611215
2023-08-05 17:00:00,3218.88199985307,3497.72500005004,3757.89100159879,3182.05039647519,3202.16494619688,3190.71477582545,3242.19845717788,3192.10745928251
2023-08-05 18:00:00,3215.25250008923,3426.77900193352,3635.64300122496,3240.29979268203,3213.37722388877,3183.28425358705,3240.23502527808,3226.83879211107
2023-08-05 19:00:00,3304.75650006911,3477.07250109385,3577.32350106875,3296.53591576191,3303.28335334939,3295.8422835576,3323.59203441472,3299.90956342217
2023-08-05 20:00:00,3723.37700530363,3745.54350259621,3890.93600242247,3716.37254753469,3734.79035719355,3732.1121467242,3726.11807227752,3725.58125819813
2023-08-05 21:00:00,4519.24500391062,4258.97400144592,4362.49350314727,4513.59483905574,4519.3411032085,4485.51966576663,4557.18916107657,4516.4679105533
2023-08-05 22:00:00,4690.75650297652,4842.84700175363,4949.61250269215,4689.35648715397,4689.04958051283,4654.6065600385,4687.40835754562,4689.2030370689
2023-08-05 23:00:00,4209.80100781284,4521.1220019001,4462.87350037904,4203.35418336507,4212.61810656429,4197.95234727669,4233.01659890241,4207.98604730167
2023-08-06,3725.97800551949,3996.57750128047,3878.02149983821,3720.57308680282,3721.40784142864,3721.7664051371,3735.22147207236,3720.9904553155
2023-08-06 01:00:00,3325.33000708604,3550.27300327946,3469.25850314414,3335.13881349603,3330.44754150247,3328.17667790634,3338.87436145737,3332.79322695602
2023-08-06 02:00:00,3070.68450087006,3257.84999884665,3220.30500098492,3076.48759680147,3066.82668720324,3011.62391759952,3079.72978498097,3071.65724385051
2023-08-06 03:00:00,2921.37450314523,3081.54900307616,3020.51950285549,2926.74841329377,2923.55027612776,2909.81300990999,2941.24725212092,2925.14937842647
2023-08-06 04:00:00,2869.0590013786,3012.7995023214,2962.15199878078,2866.10873839126,2867.72019578162,2871.94194099578,2871.75837684728,2866.91445009798
2023-08-06 05:00:00,2876.89100297925,3023.2755045637,3052.51449986559,2877.81807572554,2858.65298515812,2860.80690264623,2871.92550193716,2868.23573248587
2023-08-06 06:00:00,2832.27750312153,2684.3255003409,3097.09550037631,2824.79931984341,2827.44291423186,2832.1213966296,2851.24059461553,2826.12108916808
2023-08-06 07:00:00,2406.9340036714,2568.47500065074,3443.8740002038,2415.59053753217,2408.14425417113,2397.98076270558,2436.83191686723,2411.86747435257
2023-08-06 08:00:00,2736.79500011652,3043.41049893526,3872.05250156566,2752.9988179495,2743.71702684795,2651.80482470457,2753.3376986939,2748.35802025011
2023-08-06 09:00:00,3327.5715028781,3696.55300188798,4077.65400033828,3337.11113825233,3348.77891689806,3269.30331263456,3364.72585393327,3342.94490457003
2023-08-06 10:00:00,3760.15600179404,4136.40199957031,4095.96650322096,3774.45916032387,3759.88102298253,3745.2115920687,3772.17820594251,3767.17024534023
2023-08-06 11:00:00,3893.76000119961,4203.11700091604,4033.91550249851,3892.87215087456,3884.22605274422,3868.8464787434,3914.30991031441,3888.54919295911
2023-08-06 12:00:00,3822.31750230712,4135.43500003801,4095.3290033791,3811.35884941547,3803.99173985045,3811.07069760675,3838.19283987209,3807.67537229921
2023-08-06 13:00:00,3925.47050135909,4305.12950276397,4440.8240003332,3935.0273132944,3925.01101665333,3906.16721898562,3935.88779377758,3930.01927056862
2023-08-06 14:00:00,4059.15300176403,4437.49050235003,4630.41200199362,4049.94816263943,4070.72465794403,4045.93307273608,4087.64732586869,4060.33619125978
2023-08-06 15:00:00,3660.95550469775,4158.15449999226,4226.74000041885,3651.66126833284,3658.71687741183,3639.19967761111,3680.91865898849,3655.18899849002
2023-08-06 16:00:00,3369.20500230807,3782.78049983922,3912.88799958269,3366.75054094293,3377.22552443406,3375.9467409423,3384.2949364038,3371.98792225813
2023-08-06 17:00:00,3217.84400191437,3715.63600158005,3757.89100159879,3226.44489659411,3207.28884482992,3197.51284885617,3233.98162321787,3216.86707266077
2023-08-06 18:00:00,3199.74700098042,3751.27450018923,3635.64300122496,3196.00068247606,3201.50518250645,3191.32969404737,3224.34267490659,3198.75287446119
2023-08-06 19:00:00,3301.87600444298,4028.33700247819,3577.32350106875,3294.30897450255,3300.1871652599,3282.94213607363,3312.6083125944,3297.2480079116
2023-08-06 20:00:00,3884.16549926496,4803.6940028799,3890.93600242247,3879.96023646006,3896.26818113262,3862.82814795814,3933.09918185141,3888.11403687318
2023-08-06 21:00:00,4788.2619984746,5320.9565022866,4362.49350314727,4793.55032628416,4832.17193959685,4731.09769670381,4850.75991168328,4812.86072578005
2023-08-06 22:00:00,4920.96950064995,5457.94950379978,4949.61250269215,4921.98338757069,4922.69646898067,4895.64922904459,4978.78793487912,4922.33992075817
2023-08-06 23:00:00,4224.50200561481,4571.14750221872,4462.87350037904,4230.40798467798,4221.56052851645,4223.64700265479,4265.48787907163,4225.98434986971
2023-08-07,3649.80500145361,3812.80499906244,3878.02149983821,3645.85928077122,3650.62513304721,3635.7367040352,3660.64396285461,3648.24215666619
2023-08-07 01:00:00,3263.38200627244,3397.92450404319,3469.25850314414,3263.70976350898,3266.90271486437,3262.96892614272,3293.09861449039,3265.30620552564
2023-08-07 02:00:00,3014.03400436626,3148.71050260798,3220.30500098492,3026.00004751309,3010.93158920809,2990.99446145919,3030.58521436366,3018.46597721672
2023-08-07 03:00:00,2873.86150207219,3025.0705038954,3020.51950285549,2871.05109919002,2868.27014926893,2864.63721116564,2886.22042090874,2869.66065354707
2023-08-07 04:00:00,2857.82499830017,2994.02500433777,2962.15199878078,2857.70855188138,2869.48945185827,2848.50004260989,2867.80090374767,2863.5988776721
2023-08-07 05:00:00,2889.18200169422,3067.71149801568,3052.51449986559,2883.4230237493,2893.95837939515,2879.46032303466,2884.3362871281,2888.69059050539
2023-08-07 06:00:00,3067.11850039673,3091.76900229475,3097.09550037631,3079.78643307246,3080.98163273824,3041.3970925699,3089.61144646489,3080.3840203052
2023-08-07 07:00:00,2813.60500330699,3508.67150374467,3443.8740002038,2844.56517522005,2846.16531265293,2817.25026543201,2863.12769014154,2845.36522706737
2023-08-07 08:00:00,3160.74850093562,3868.24000271223,3872.05250156566,3124.6660970377,3154.23421522018,3124.55484230255,3180.66763341952,3139.44984441311
2023-08-07 09:00:00,3634.51000146643,4089.93500117643,4077.65400033828,3630.65802323417,3634.79692637347,3578.7670829961,3642.66247383088,3632.72743117028
2023-08-07 10:00:00,3730.25950026745,4179.94350156852,4095.96650322096,3744.20075190475,3725.09097581467,3716.01580405556,3734.33079363915,3734.64606532061
2023-08-07 11:00:00,3592.92200168705,4183.36300173879,4033.91550249851,3617.77344299187,3613.28340827812,3592.6750778765,3628.7687122477,3615.52847297026
2023-08-07 12:00:00,3612.93650077702,4281.9530013015,4095.3290033791,3607.99421028353,3591.90061512877,3598.18680367475,3618.86816754904,3599.94758236958
2023-08-07 13:00:00,3876.11150186323,4537.85950070084,4440.8240003332,3885.57279621931,3874.50826516018,3850.35305951731,3898.71827244874,3880.0406473353
2023-08-07 14:00:00,4058.27000136528,4727.99400077015,4630.41200199362,4044.96372112816,4050.62116580105,4013.00381335734,4075.09548885466,4047.79238382215
2023-08-07 15:00:00,3716.61000260117,4292.26650282752,4226.74000041885,3708.00421922869,3709.92724621914,3703.98292633664,3737.67371573649,3708.9657124508
2023-08-07 16:00:00,3448.67100319744,4068.67900109151,3912.88799958269,3439.30185050367,3457.37741183676,3435.96631049399,3488.04369616462,3448.33944061231
2023-08-07 17:00:00,3296.74099980289,3990.68950289523,3757.89100159879,3308.62168313666,3298.07221405412,3294.26117356874,3320.16007102323,3303.34705981101
2023-08-07 18:00:00,3243.14900149149,3911.65200090094,3635.64300122496,3251.95488020667,3256.71205105677,3235.29923724357,3264.78728624702,3254.33341548022
2023-08-07 19:00:00,3389.43400124012,4276.07100102503,3577.32350106875,3385.95170765708,3382.8037123413,3390.12410707868,3415.49245288933,3384.37774318628
2023-08-07 20:00:00,3993.86850310082,5180.72500242095,3890.93600242247,3981.36976789355,3998.1364632372,3993.93197225547,4005.37793007513,3989.75293880592
2023-08-07 21:00:00,4924.60850463877,5529.52000025532,4362.49350314727,4924.78937386092,4938.36710237614,4892.82014261019,4943.56556997999,4931.57809497811
2023-08-07 22:00:00,5037.27100310463,5493.65250209486,4949.61250269215,5047.74263108455,5045.14359134756,4995.25171140549,5052.19865172439,5046.4431386159
2023-08-07 23:00:00,4245.93700041925,4605.84550008271,4462.87350037904,4240.66749605932,4250.37050292982,4237.40400045864,4294.29442623042,4245.51889720261
2023-08-08,3773.52750129718,3974.0605006431,3878.02149983821,3767.42159586205,3777.56162552087,3764.30956135706,3788.38042874682,3772.49150379227
2023-08-08 01:00:00,3334.0820004805,3479.58400138607,3469.25850314414,3326.28540516474,3319.85602365583,3312.06797901659,3354.9693718575,3323.07078219072
2023-08-08 02:00:00,3077.34800177382,3224.16650517471,3220.30500098492,3076.67170032686,3078.56067774662,3052.05244575649,3087.52242013561,3077.61616912259
2023-08-08 03:00:00,2916.18600385718,3026.64450340311,3020.51950285549,2921.5092382799,2922.15468044599,2911.12911600086,2931.51832346334,2921.83195255851
2023-08-08 04:00:00,2848.68900486466,2979.62199939799,2962.15199878078,2858.47938808691,2859.69359270368,2855.39858831836,2848.2826513024,2859.08647759479
2023-08-08 05:00:00,2920.19900467817,3097.94800127589,3052.51449986559,2920.38995316944,2927.5022648909,2925.51862603981,2927.38077898412,2923.94603405008
2023-08-08 06:00:00,3124.4095020222,3119.46250026475,3097.09550037631,3124.73677411505,3116.08607012929,3090.06243719066,3136.63231569165,3120.41151332044
2023-08-08 07:00:00,2865.40750428976,3618.68900130154,3443.8740002038,2870.0443156591,2881.52819826553,2767.94551869773,2895.60293099066,2875.78613589584
2023-08-08 08:00:00,3238.08400315617,4014.44650246436,3872.05250156566,3235.75558312102,3247.06732656025,3166.51397414848,3261.81740688319,3241.4113355889
2023-08-08 09:00:00,3615.92750134954,4140.52750166203,4077.65400033828,3607.67210864433,3605.99378948323,3546.6537484791,3633.72220174058,3606.83296675712
2023-08-08 10:00:00,3713.31100208813,4119.28100655158,4095.96650322096,3738.76083009541,3728.49676259435,3701.76464872106,3745.10084106667,3733.62890455171
2023-08-08 11:00:00,3603.30300182512,4057.63500284182,4033.91550249851,3615.61308255555,3612.2219346083,3573.1896537517,3635.76445024017,3613.91754433241
2023-08-08 12:00:00,3586.28800159058,4194.73650531319,4095.3290033791,3567.10711229681,3591.63678762377,3547.8448721988,3595.96326189329,3579.37169136121
2023-08-08 13:00:00,3840.38549938868,4504.00250181463,4440.8240003332,3834.20047199903,3831.08178945325,3810.58357522784,3849.86091747348,3832.64116360421
2023-08-08 14:00:00,3974.54200280324,4613.98400094779,4630.41200199362,3966.36745466494,3980.76017555183,3938.2538450143,4003.15867193519,3973.56366337608
2023-08-08 15:00:00,3627.29400130792,4291.65250235808,4226.74000041885,3622.93864846786,3620.31146448035,3600.25029863364,3645.77728555027,3621.62508417066
2023-08-08 16:00:00,3393.08500234643,4084.72900088842,3912.88799958269,3409.83837094478,3392.93240553136,3379.50727732649,3390.69657834374,3401.38556646575
2023-08-08 17:00:00,3282.86650197773,3944.50400155748,3757.89100159879,3282.63846353622,3292.81903310083,3260.68806792077,3277.67552537821,3287.72864099195
2023-08-08 18:00:00,3213.96050011541,3888.7250029943,3635.64300122496,3213.6282956483,3222.68517657771,3192.29797368698,3221.62777509442,3218.15664063269
2023-08-08 19:00:00,3352.95000126504,4166.51049937564,3577.32350106875,3367.35384989982,3362.09804894045,3327.12593521023,3361.1840925851,3364.72600482834
2023-08-08 20:00:00,3822.76000210387,5002.06400427909,3890.93600242247,3838.16716058753,3837.17512237664,3795.70551498842,3848.68223594112,3837.67115194045
2023-08-08 21:00:00,4870.8910016116,5483.76650129189,4362.49350314727,4882.00891752426,4877.74530580765,4768.38028807331,4882.25123192909,4879.87715661421
2023-08-08 22:00:00,4991.90900531516,5516.21550051367,4949.61250269215,4986.31630379416,5007.6030124657,4980.93498892758,5006.98687205553,4996.95943371916
2023-08-08 23:00:00,4301.63400013593,4583.18400226114,4462.87350037904,4300.49597408455,4295.41696236852,4302.04754105161,4338.20451829874,4297.95652177097
2023-08-09,3815.23000405193,3937.83000165178,3878.02149983821,3817.23341145902,3813.43812594989,3813.51451907997,3835.55026255723,3815.33580871547
2023-08-09 01:00:00,3395.80800237192,3524.4159997399,3469.25850314414,3407.29016602006,3394.79402195114,3364.1385106336,3414.5835301274,3401.04222572364
2023-08-09 02:00:00,3135.73300127685,3284.64199897763,3220.30500098492,3126.30998582918,3138.55095313425,3107.53648398369,3155.39291827036,3132.43034043382
2023-08-09 03:00:00,2983.08400285593,3089.69300293387,3020.51950285549,2982.01727477835,2994.72616514388,2970.82934541041,3020.2266325771,2988.37158598024
2023-08-09 04:00:00,2940.68600111594,3037.19650082325,2962.15199878078,2942.95674445091,2953.65739226573,2948.64881004832,2965.2286663636,2948.30695554893
2023-08-09 05:00:00,2984.08550203603,3120.3994991259,3052.51449986559,2984.54457578881,2988.82096942917,2988.57861743723,3003.96833161468,2986.68272752598
2023-08-09 06:00:00,3198.31050100306,3167.17199901131,3097.09550037631,3202.6025218319,3196.44845749335,3142.09198552825,3224.52723577511,3199.52555454059
2023-08-09 07:00:00,2950.2780019507,3586.44450181129,3443.8740002038,2963.06823956634,2953.076986421,2942.41054649623,2968.3561557499,2958.07271832441
2023-08-09 08:00:00,3271.56550215336,3889.14750203351,3872.05250156566,3269.65938253191,3267.86585987006,3260.14376041836,3287.50522058717,3268.76264010883
2023-08-09 09:00:00,3622.54100421694,4103.82249803317,4077.65400033828,3612.74973505776,3624.98367787977,3560.1347063659,3641.22763621465,3618.86657749493
2023-08-09 10:00:00,3677.81500202022,4117.45250114182,4095.96650322096,3700.55708119659,3697.74123226234,3670.49419677731,3707.56747315026,3699.14918641498
2023-08-09 11:00:00,3644.70500077016,4014.28799769632,4033.91550249851,3641.3537694509,3653.63173405677,3617.19079910134,3659.03100691183,3647.49262231591
2023-08-09 12:00:00,3675.61700318853,4111.64700231131,4095.3290033791,3660.23017949565,3682.7836586867,3658.82856481176,3713.52817145861,3671.50668132574
2023-08-09 13:00:00,3918.57800360443,4453.63600384444,4440.8240003332,3920.42460663203,3921.40332827613,3899.82299005599,3924.63662091894,3920.91395713611
2023-08-09 14:00:00,4089.61800141289,4629.46149996202,4630.41200199362,4064.30413717037,4069.90540643637,4056.94748436086,4094.07051159601,4067.10471275313
2023-08-09 15:00:00,3788.31300230208,4288.95700080122,4226.74000041885,3766.54606397944,3793.67839683504,3779.25205308938,3829.78829428272,3780.11194437018
2023-08-09 16:00:00,3525.94300019881,4109.54250011093,3912.88799958269,3535.69843166964,3533.93507056688,3519.45190565136,3543.77234231641,3534.81676970814
2023-08-09 17:00:00,3506.18600203592,4042.09200018295,3757.89100159879,3516.25926547972,3490.72995069216,3481.24909188857,3540.73790045951,3503.49487722352
2023-08-09 18:00:00,3498.11900329962,3890.35600409959,3635.64300122496,3484.28843509611,3488.17346762103,3500.6106147105,3528.35007609206,3486.23091040141
2023-08-09 19:00:00,3621.98400167096,4128.75250369054,3577.32350106875,3599.19949382203,3615.37625147256,3612.34598686829,3649.20108420145,3607.28770210714
2023-08-09 20:00:00,4038.99000235542,4866.06450009916,3890.93600242247,4039.28522168105,4029.52514204409,4047.38448845149,4047.94821038109,4034.40528475621
2023-08-09 21:00:00,5008.46750152716,5215.71400297561,4362.49350314727,5035.92478535013,4998.52143154571,4954.06870852453,5020.92824766626,5017.22350276512
2023-08-09 22:00:00,5144.92400128453,5440.81550056499,4949.61250269215,5157.97572812115,5134.12019005887,5110.48682907017,5165.70121151928,5146.04821058213
2023-08-09 23:00:00,4486.19700147584,4616.35249849106,4462.87350037904,4496.21887934807,4467.10788655715,4450.19775474998,4526.07548139391,4481.66368984929
2023-08-10,3920.91800253745,3985.94000082661,3878.02149983821,3903.97164462141,3932.57395800595,3917.37293083099,3940.56117432739,3918.27249977965
2023-08-10 01:00:00,3501.16849951935,3533.07100122375,3469.25850314414,3494.86089812873,3496.12534142688,3472.27423661753,3502.15041477391,3495.49310644767
2023-08-10 02:00:00,3250.38750258926,3257.75550389697,3220.30500098492,3237.35984609711,3255.8174165835,3194.29635899503,3271.35925063394,3246.58843675515
2023-08-10 03:00:00,3074.20049974951,3068.56349791156,3020.51950285549,3086.92852460757,3069.27941005582,3054.80225046485,3095.10444934258,3078.10415339387
2023-08-10 04:00:00,3034.72800136672,3005.89000203146,2962.15199878078,3035.78266501086,3029.85673337445,3017.62021155724,3064.11575481804,3032.81976166558
2023-08-10 05:00:00,3050.88450230716,3080.66700125381,3052.51449986559,3044.21023224144,3058.37136307713,3044.360921821,3082.78389321328,3051.29064836846
2023-08-10 06:00:00,3230.07400440052,3127.032999933,3097.09550037631,3229.57471474816,3247.42356990949,3217.34025085386,3248.04941369126,3238.49895416092
2023-08-10 07:00:00,3001.76900217461,3536.91050184076,3443.8740002038,2999.12599358998,3003.98839200947,3011.44866591176,3022.74590905086,3001.55714153888
2023-08-10 08:00:00,3324.38950235042,3965.535000748,3872.05250156566,3325.51550283247,3320.82843963506,3309.71807942861,3348.23268516025,3323.17202064617
2023-08-10 09:00:00,3699.63000138325,4109.49650311226,4077.65400033828,3678.43831672208,3704.11719595783,3634.47447562123,3713.65215928188,3691.27748562563
2023-08-10 10:00:00,3840.03300067235,4106.71250284731,4095.96650322096,3827.5390419972,3861.59024219028,3808.51218294193,3854.10863051251,3844.56428311594
2023-08-10 11:00:00,3761.43500329374,4050.99200042791,4033.91550249851,3750.91074968075,3760.98228746876,3731.24712487796,3777.67693983002,3755.94641239763
2023-08-10 12:00:00,3802.48750177841,4204.54800402035,4095.3290033791,3786.71932583366,3815.94170658516,3781.61415044916,3841.66169465692,3801.33020813845
2023-08-10 13:00:00,4029.22400306206,4558.02100177261,4440.8240003332,4026.58641375587,4036.55775188585,3996.46633538053,4060.02914228764,4031.57197770007
2023-08-10 14:00:00,4074.04349980585,4610.15600136656,4630.41200199362,4074.9301044402,4074.20151535943,4051.47131893258,4071.89363858559,4074.56581758082
2023-08-10 15:00:00,3826.8435008165,4323.3590012677,4226.74000041885,3830.3486708599,3811.92876600895,3820.50914672705,3849.03102933316,3821.1389126225
2023-08-10 16:00:00,3562.69050193095,4013.83449905342,3912.88799958269,3557.69898137743,3555.27811220265,3553.11158403718,3583.76515130895,3556.48857231156
2023-08-10 17:00:00,3501.83700193197,3982.3855019355,3757.89100159879,3501.89382754446,3500.91117325873,3467.0413217793,3527.4885235329,3501.40251076102
2023-08-10 18:00:00,3491.12450067734,3920.20749899792,3635.64300122496,3484.20522373634,3492.02888177263,3464.77319977759,3529.07044160945,3488.11697027517
2023-08-10 19:00:00,3516.53350287728,4119.91100104165,3577.32350106875,3518.16309233985,3522.19594137213,3498.05357138314,3527.89235010528,3520.17947434051
2023-08-10 20:00:00,3869.09250111319,4719.11000241095,3890.93600242247,3874.91011112382,3859.08248884432,3853.92848533533,3887.62524421198,3866.99646684354
2023-08-10 21:00:00,4910.54049760802,5144.51949917001,4362.49350314727,4914.03839257812,4933.56938600183,4872.53702563874,4971.91598997811,4923.80368338848
2023-08-10 22:00:00,5058.48550380894,5334.03500121133,4949.61250269215,5052.81209959262,5075.20910377541,5019.86513916314,5080.36259544441,5064.01036556818
2023-08-10 23:00:00,4387.12950407888,4501.58650224423,4462.87350037904,4390.17774244272,4383.85545840843,4356.46742290864,4417.82065981294,4387.01666707696
2023-08-11,3896.16700154974,3878.02149983821,3878.02149983821,3899.57877262563,3890.90863620045,3875.65788314421,3922.95602406962,3895.24379581618
2023-08-11 01:00:00,3476.33649952803,3469.25850314414,3469.25850314414,3482.10742537195,3479.69856216984,3476.91465514839,3498.42399327385,3480.90301916584
2023-08-11 02:00:00,3203.76199987635,3220.30500098492,3220.30500098492,3196.99239735026,3218.06467500437,3175.99222041769,3227.54014638347,3207.52831402714
2023-08-11 03:00:00,3055.14450368658,3020.51950285549,3020.51950285549,3063.75028970637,3050.76287154092,3034.03631314029,3043.5507347949,3057.25671754084
2023-08-11 04:00:00,3019.53200138826,2962.15199878078,2962.15199878078,3018.2333095753,3004.58739977635,3006.98462513079,3021.765620592,3011.41049853503
2023-08-11 05:00:00,3032.6060006402,3052.51449986559,3052.51449986559,3042.44837701847,3032.62415691321,3031.10566512528,3044.3231663826,3037.53637053567
2023-08-11 06:00:00,3212.0225005853,3097.09550037631,3097.09550037631,3208.16745146792,3220.20513401335,3189.4153137404,3227.28152277397,3214.18616583583
2023-08-11 07:00:00,2977.52100244688,3443.8740002038,3443.8740002038,2976.30457434954,2986.72598688475,2989.91892743814,2997.63594953406,2981.51517075154
2023-08-11 08:00:00,3331.74200353702,3872.05250156566,3872.05250156566,3333.64376472707,3335.32480407281,3314.18557933026,3346.67114555136,3334.48426667792
2023-08-11 09:00:00,3632.44850105915,4077.65400033828,4077.65400033828,3621.71373235159,3635.75057711123,3606.6061431824,3637.25958999027,3628.73200675085
2023-08-11 10:00:00,3770.78000113694,4095.96650322096,4095.96650322096,3770.89351846073,3781.82338438971,3733.75018565404,3784.66000646893,3776.35833619935
2023-08-11 11:00:00,3752.76300059387,4033.91550249851,4033.91550249851,3763.95274435418,3754.95260350917,3731.32187193918,3758.50041403253,3759.45276881382
2023-08-11 12:00:00,3790.92800262937,4095.3290033791,4095.3290033791,3773.15870180836,3779.74959367097,3747.94210333826,3802.20682696565,3776.45407825653
2023-08-11 13:00:00,3996.62300175533,4440.8240003332,4440.8240003332,3984.55342700326,3996.03175897316,3952.98907170318,3995.46764253837,3990.29247198025
2023-08-11 14:00:00,4108.2784991184,4630.41200199362,4630.41200199362,4110.79885116035,4113.96966650046,4092.29395664216,4137.4569086437,4112.38422540273
2023-08-11 15:00:00,3830.27000204002,4226.74000041885,4226.74000041885,3829.8722161101,3837.18976388071,3810.12922613963,3859.04935763275,3833.53091285166
2023-08-11 16:00:00,3554.9380030121,3912.88799958269,3912.88799958269,3546.41356306132,3548.50489979888,3537.53057233591,3564.16823406775,3547.45920938261
2023-08-11 17:00:00,3487.64850272448,3757.89100159879,3757.89100159879,3483.75747038571,3492.04220664577,3466.32038746116,3509.59507858697,3487.8997511756
2023-08-11 18:00:00,3414.77550234325,3635.64300122496,3635.64300122496,3425.75176424927,3412.84454577447,3399.65197732008,3451.30093879407,3419.29829108358
2023-08-11 19:00:00,3443.65400035947,3577.32350106875,3577.32350106875,3436.86449880559,3438.85849910237,3445.22856913151,3453.54706600527,3437.86147793264
2023-08-11 20:00:00,3707.65750038624,3890.93600242247,3890.93600242247,3722.05637789111,3695.86160873988,3734.06006948308,3689.91518018982,3708.95926946849
2023-08-11 21:00:00,4610.53100143676,4362.49350314727,4362.49350314727,4615.38851647757,4614.73452893356,4520.50520504267,4642.39060123249,4615.0615296001
2023-08-11 22:00:00,4872.15000048419,4949.61250269215,4949.61250269215,4869.10929125362,4856.2228435271,4833.42121372193,4878.1314980218,4862.66620324309
2023-08-11 23:00:00,4365.80350165779,4462.87350037904,4462.87350037904,4374.81610298087,4356.95781186309,4333.27460096476,4386.96358041061,4365.88714568936
2023-08-12,3946.1960047771,4023.42650119867,3878.02149983821,3947.93310995447,3936.42097012473,3925.01850493222,3966.71221240817,3942.17716140398
2023-08-12 01:00:00,3535.50549863256,3609.41050378873,3469.25850314414,3540.4947561177,3526.61036029096,3522.60588296034,3530.09064987086,3533.55270457773
2023-08-12 02:00:00,3224.54349945358,3294.22500246519,3220.30500098492,3226.2152372242,3226.73047728694,3210.74506430432,3237.09291826723,3226.47285182376
2023-08-12 03:00:00,3078.15800125326,3084.05800014839,3020.51950285549,3087.01832196304,3070.04665411845,3047.27821786289,3082.96623598477,3078.53266696108
2023-08-12 04:00:00,2995.71350025071,3024.46650301048,2962.15199878078,2990.5128140109,2986.50944659928,2981.26599093743,2997.81039765564,2988.51117250977
2023-08-12 05:00:00,2986.82050411392,3007.75600211474,3052.51449986559,2985.84435105857,2985.41843633692,2976.73308312236,2994.33478895868,2985.63139818787
2023-08-12 06:00:00,3015.63600550208,2710.46800186485,3097.09550037631,3014.05583561732,3007.61005315658,2973.20815495624,3013.49773656539,3010.8330123403
2023-08-12 07:00:00,2635.85650352237,2681.48850309057,3443.8740002038,2643.47353104512,2660.9751243112,2626.33403838391,2643.29396854098,2652.2241431712
2023-08-12 08:00:00,3008.03350041271,3248.19900084962,3872.05250156566,3020.14918326169,3011.76470092961,2965.81428909757,3012.62390912348,3015.95703048734
2023-08-12 09:00:00,3508.52400110313,3972.53850250947,4077.65400033828,3526.02664553358,3505.03142406881,3469.87359661693,3506.61665448255,3515.52925613902
2023-08-12 10:00:00,3748.96350080759,4358.50400316529,4095.96650322096,3748.73383809772,3745.05797059008,3722.74997000217,3769.58825936658,3746.89594309598
2023-08-12 11:00:00,3784.25850226113,4338.97150042292,4033.91550249851,3789.50277382016,3782.59548561679,3764.5178381005,3800.77804926809,3786.04920253714
2023-08-12 12:00:00,3800.84900066524,4259.3395031034,4095.3290033791,3797.9385949711,3804.06794379435,3782.24188699257,3820.27590743714,3801.00320476532
2023-08-12 13:00:00,3994.62850131333,4322.5750025938,4440.8240003332,3983.77318632395,3988.81860014281,3942.69684520178,3994.01960008891,3986.29584004314
2023-08-12 14:00:00,4094.91600589571,4387.26800414361,4630.41200199362,4095.33758420445,4104.10394606228,4069.8044674216,4115.61821980801,4099.72067271579
2023-08-12 15:00:00,3772.64649941784,3973.49150129128,4226.74000041885,3780.44965233248,3781.44460729656,3774.36305683484,3797.04545497833,3780.94711932541
2023-08-12 16:00:00,3479.73900046997,3647.46549946209,3912.88799958269,3464.39859044309,3466.19473535075,3473.66239799599,3499.26843477151,3465.29664396143
2023-08-12 17:00:00,3447.41400042537,3497.72500005004,3757.89100159879,3465.35075069007,3443.77292184648,3439.82310270654,3483.9400856521,3454.56206374812
2023-08-12 18:00:00,3428.27949984046,3426.77900193352,3635.64300122496,3432.15427278036,3424.22912072033,3410.89168702702,3442.81049521834,3428.19178029964
2023-08-12 19:00:00,3567.00950336707,3477.07250109385,3577.32350106875,3572.14920627136,3558.35895615404,3545.76743297128,3572.6477253931,3565.25422659359
2023-08-12 20:00:00,3927.82850178925,3745.54350259621,3890.93600242247,3926.32614572284,3930.30879599001,3926.13067290584,3937.51758784441,3928.31742887015
2023-08-12 21:00:00,4794.54750437173,4258.97400144592,4362.49350314727,4796.0579331097,4785.92395204811,4726.38859461091,4787.08364477315,4790.99104941432
2023-08-12 22:00:00,4719.02850254846,4842.84700175363,4949.61250269215,4739.02663011958,4708.08848847401,4691.74296704775,4744.80960250923,4723.55788545582
2023-08-12 23:00:00,4212.8310025445,4521.1220019001,4462.87350037904,4224.14620510331,4210.67364038677,4181.26308993831,4240.41235803407,4217.4100647768
2023-08-13,3755.83849959215,3996.57750128047,3878.02149983821,3754.76010051381,3744.60428811704,3750.23097444572,3758.49324336139,3749.682301381
2023-08-13 01:00:00,3420.70550058316,3550.27300327946,3469.25850314414,3438.95091473456,3432.00907260902,3416.21259564013,3446.86238639452,3435.48006685474
2023-08-13 02:00:00,3172.66100161371,3257.84999884665,3220.30500098492,3175.42991035549,3174.78961118526,3123.03204431945,3194.24150856854,3175.1097675206
2023-08-13 03:00:00,3050.67350135674,3081.54900307616,3020.51950285549,3049.39308349137,3052.49213168751,3040.41655849499,3066.89983076314,3050.94257491836
2023-08-13 04:00:00,3013.53899965819,3012.7995023214,2962.15199878078,3015.93128056741,3001.31294498523,2999.30076976693,3022.03660972835,3008.62226688713
2023-08-13 05:00:00,2996.42000364151,3023.2755045637,3052.51449986559,3001.48374951907,2993.43224762203,2985.14218627017,3009.25170280288,2997.45808345186
2023-08-13 06:00:00,3023.56200347422,2684.3255003409,3097.09550037631,3033.16773588469,3004.15174592363,3001.30435531128,3039.70891374224,3018.66004679929
2023-08-13 07:00:00,2595.95100379852,2568.47500065074,3443.8740002038,2589.8365776997,2623.66064902321,2604.26751492571,2628.93616070076,2606.74825677811
2023-08-13 08:00:00,2793.86700355331,3043.41049893526,3872.05250156566,2778.40226237994,2790.82722567967,2757.50554694746,2823.33908242667,2784.61461304217
2023-08-13 09:00:00,3319.94600145315,3696.55300188798,4077.65400033828,3313.67648489818,3350.27751853296,3267.30165311876,3330.18702818039,3331.97661585667
2023-08-13 10:00:00,3746.40500156349,4136.40199957031,4095.96650322096,3761.64457971,3754.77351000254,3722.15695935984,3761.97621327508,3758.20911729312
2023-08-13 11:00:00,3844.26500122994,4203.11700091604,4033.91550249851,3867.06580163145,3851.05832789187,3841.4125066889,3864.63045183826,3859.06223351718
2023-08-13 12:00:00,3822.31849984353,4135.43500003801,4095.3290033791,3815.52995961881,3806.58353030383,3796.81364775481,3837.72055611448,3811.05683927722
2023-08-13 13:00:00,4020.09650208044,4305.12950276397,4440.8240003332,4013.35928698513,4011.18972659913,3970.05102082972,4046.53133265265,4012.27452966427
2023-08-13 14:00:00,4079.6635002658,4437.49050235003,4630.41200199362,4083.05497167917,4065.35011574447,4043.72220849698,4081.47559570966,4074.20273036163
2023-08-13 15:00:00,3776.63500264433,4158.15449999226,4226.74000041885,3772.40210576502,3774.91396844393,3764.39215248036,3806.04615142475,3773.65801062368
2023-08-13 16:00:00,3469.29499948153,3782.78049983922,3912.88799958269,3463.80011745467,3464.68065488436,3461.83610542135,3483.57452006319,3464.24037688663
2023-08-13 17:00:00,3360.66250216379,3715.63600158005,3757.89100159879,3357.31224794286,3353.81099017276,3342.40856406811,3375.04189961623,3355.5616559691
2023-08-13 18:00:00,3389.1954996456,3751.27450018923,3635.64300122496,3391.33428730684,3384.92454636785,3375.45725929946,3412.26833624019,3388.12948441073
2023-08-13 19:00:00,3585.97199989867,4028.33700247819,3577.32350106875,3585.53752980175,3599.94464823258,3562.77110404071,3598.8596271498,3592.74093713307
2023-08-13 20:00:00,4038.13700480387,4803.6940028799,3890.93600242247,4051.82745242611,4043.36734807736,4029.85187899325,4067.14601401359,4047.59748944065
2023-08-13 21:00:00,4987.81899930409,5320.9565022866,4362.49350314727,4971.77440137415,4978.71669895082,4934.74601928336,5033.02135902982,4975.24547697473
2023-08-13 22:00:00,4831.52349960711,5457.94950379978,4949.61250269215,4830.83872624094,4823.83635368304,4808.12546567196,4866.97682265387,4827.33761378307
2023-08-13 23:00:00,4259.19450036378,4571.14750221872,4462.87350037904,4273.44339345323,4253.3880639403,4227.02863378149,4259.61651790976,4263.41594012597
2023-08-14,3774.11250499683,3812.80499906244,3878.02149983821,3779.62992654035,3777.85352168606,3759.74114601388,3769.72850258866,3778.74174284059
2023-08-14 01:00:00,3410.14849803993,3397.92450404319,3469.25850314414,3408.55903751137,3423.50075684545,3400.32012452566,3434.38352349947,3416.02973965839
2023-08-14 02:00:00,3150.27500222181,3148.71050260798,3220.30500098492,3143.15758873666,3147.96354328642,3115.66397745055,3148.660336239,3145.56051534575
2023-08-14 03:00:00,3052.74150464393,3025.0705038954,3020.51950285549,3066.86677592335,3050.33507451114,3030.23829681999,3078.87787905752,3058.60109949932
2023-08-14 04:00:00,3008.65100044536,2994.02500433777,2962.15199878078,3004.30304495182,3003.68750014844,2991.17423032071,3023.55055969365,3003.99527903938
2023-08-14 05:00:00,3019.13950045884,3067.71149801568,3052.51449986559,3022.6550909846,3017.19418209978,3008.81537286881,3022.35087223052,3019.9246941127
2023-08-14 06:00:00,3136.30249889649,3091.76900229475,3097.09550037631,3133.6309893467,3136.677200203,3115.81556753879,3158.10323501851,3135.1540626608
2023-08-14 07:00:00,2869.94400209934,3508.67150374467,3443.8740002038,2845.3004944934,2842.38681082407,2834.30400107718,2894.44294867325,2843.84368337565
2023-08-14 08:00:00,3164.27400096261,3868.24000271223,3872.05250156566,3147.41890193623,3157.96465129986,3144.11294060175,3202.41850265153,3152.69166544164
2023-08-14 09:00:00,3665.09050397959,4089.93500117643,4077.65400033828,3639.33097007769,3681.22064758064,3608.14436617665,3683.09634051402,3660.27536721582
2023-08-14 10:00:00,3814.06400146609,4179.94350156852,4095.96650322096,3821.97184249484,3810.86348122564,3813.67822379635,3814.85346608511,3816.41777896786
2023-08-14 11:00:00,3827.08650492015,4183.36300173879,4033.91550249851,3829.93821379845,3841.98419719278,3786.18746582206,3834.90270617017,3835.9610785033
2023-08-14 12:00:00,3822.2964994412,4281.9530013015,4095.3290033791,3805.19654366228,3809.44598709151,3792.43370377551,3829.05769907835,3807.32122057801
2023-08-14 13:00:00,4078.71800329024,4537.85950070084,4440.8240003332,4071.61387501991,4070.59651768582,4025.09182722278,4080.47901922353,4071.10520707815
2023-08-14 14:00:00,4202.61150422471,4727.99400077015,4630.41200199362,4200.3402365629,4201.834436326,4148.42361732123,4212.74669794619,4201.08732069215
2023-08-14 15:00:00,3835.57950041356,4292.26650282752,4226.74000041885,3827.84681631961,3833.01919477015,3840.60275738744,3849.16688373129,3830.43295101614
2023-08-14 16:00:00,3560.65900276066,4068.67900109151,3912.88799958269,3552.77170636361,3556.10913440204,3538.30344143777,3584.87640051058,3554.44038519867
2023-08-14 17:00:00,3476.10150211165,3990.68950289523,3757.89100159879,3482.15609092118,3478.37103426303,3443.80248869652,3483.7240649871,3480.26360249529
2023-08-14 18:00:00,3399.75200261764,3911.65200090094,3635.64300122496,3411.41142568367,3402.65967370531,3377.09665781531,3412.27159138809,3407.03564195804
2023-08-14 19:00:00,3531.15900129767,4276.07100102503,3577.32350106875,3523.04693768928,3539.44786762761,3522.18586144211,3550.58394243601,3531.247229755
2023-08-14 20:00:00,3856.2665006778,5180.72500242095,3890.93600242247,3861.79300657837,3836.61878660693,3853.38074865534,3869.40748652952,3849.20616198671
2023-08-14 21:00:00,4814.35250208259,5529.52000025532,4362.49350314727,4817.9076225352,4800.49526997669,4765.44290366482,4832.66976660383,4809.20162982211
2023-08-14 22:00:00,4726.39100352558,5493.65250209486,4949.61250269215,4754.02496576706,4753.16280943604,4695.87105293215,4793.80991783663,4753.59389669066
2023-08-14 23:00:00,4237.7235047298,4605.84550008271,4462.87350037904,4233.33236794318,4244.45111588643,4220.62235398093,4260.92914676448,4238.89162469769
2023-08-15,3886.75549867563,3974.0605006431,3878.02149983821,3857.86175890543,3880.88906511023,3867.81694579457,3883.85925127035,3869.37516924717
2023-08-15 01:00:00,3489.33450207673,3479.58400138607,3469.25850314414,3481.79524316563,3490.00076271691,3458.16906220189,3495.20163558135,3485.89791643626
2023-08-15 02:00:00,3243.41300024558,3224.16650517471,3220.30500098492,3255.10690445043,3248.99770375503,3171.89854903339,3272.38926514523,3252.05236850773
2023-08-15 03:00:00,3100.97050055687,3026.64450340311,3020.51950285549,3100.38043498629,3097.70684937516,3072.32315821817,3108.32811465179,3099.04367036645
2023-08-15 04:00:00,3019.73950292554,2979.62199939799,2962.15199878078,3030.55307545382,3016.96679909783,2993.766384699,3036.3266759259,3023.76008050637
2023-08-15 05:00:00,2991.74450527329,3097.94800127589,3052.51449986559,2979.81200133275,2988.30492586897,2979.64386722386,2999.68707145486,2984.05837406594
2023-08-15 06:00:00,3016.34500623308,3119.46250026475,3097.09550037631,3010.29463610517,3021.06807947485,2992.88685608834,3030.83964579609,3015.68124421319
2023-08-15 07:00:00,2609.96200240788,3618.68900130154,3443.8740002038,2624.05860629269,2626.46558677919,2645.11280815571,2666.42102998872,2625.26207116085
2023-08-15 08:00:00,2867.11600093881,4014.44650246436,3872.05250156566,2922.71560983942,2864.37486625261,2844.19742343018,2915.51765412823,2893.54585309136
2023-08-15 09:00:00,3400.38400175521,4140.52750166203,4077.65400033828,3386.64688699225,3388.78225102729,3329.52630527198,3415.79222238134,3387.71454649813
2023-08-15 10:00:00,3698.63200134027,4119.28100655158,4095.96650322096,3694.40477692751,3693.22892193754,3676.39530803019,3709.12397653674,3693.81686182873
2023-08-15 11:00:00,3772.1080013435,4057.63500284182,4033.91550249851,3778.42299515741,3784.85496697178,3759.35023540758,3788.32622161269,3781.63891325685
2023-08-15 12:00:00,3712.30050101294,4194.73650531319,4095.3290033791,3704.04836544584,3718.4235180044,3675.70448654692,3736.8466165515,3711.23579017802
2023-08-15 13:00:00,3860.2905017942,4504.00250181463,4440.8240003332,3863.56836547472,3859.56108250992,3763.74942589723,3865.906209466,3861.56476623828
2023-08-15 14:00:00,3961.24500273081,4613.98400094779,4630.41200199362,3961.83014495186,3957.90172586212,3897.29784983476,3971.60024250059,3959.86597682155
2023-08-15 15:00:00,3683.86050482129,4291.65250235808,4226.74000041885,3677.5370540347,3686.40044365632,3670.55021976023,3693.01049673811,3681.96865540504
2023-08-15 16:00:00,3379.11900118925,4084.72900088842,3912.88799958269,3383.10044226652,3386.40055264744,3355.16460814589,3390.05942713622,3384.75046266625
2023-08-15 17:00:00,3366.62700164126,3944.50400155748,3757.89100159879,3360.38516045049,3356.23060650352,3354.23653697142,3374.80687375246,3358.30792727554
2023-08-15 18:00:00,3409.3905008455,3888.7250029943,3635.64300122496,3406.36904711851,3394.26619048618,3392.25600135448,3416.7992494111,3400.31774639423
2023-08-15 19:00:00,3609.59350186668,4166.51049937564,3577.32350106875,3602.74263584709,3606.36531752834,3573.95667393792,3610.9127537995,3604.55393849634
2023-08-15 20:00:00,4143.86300241004,5002.06400427909,3890.93600242247,4139.35176583061,4142.80424638828,4126.95613783132,4134.51763157978,4141.07796971237
2023-08-15 21:00:00,5060.04600044945,5483.76650129189,4362.49350314727,5079.94002858134,5050.26174251193,4952.45284360831,5074.87508229838,5065.10119842388
2023-08-15 22:00:00,4812.92750118801,5516.21550051367,4949.61250269215,4808.71708795998,4821.74780543293,4768.16196816697,4874.0105905357,4815.23230932278
2023-08-15 23:00:00,4230.87800456583,4583.18400226114,4462.87350037904,4240.15532785626,4242.85619713854,4230.90531795057,4263.05133996848,4241.50573402404
2023-08-16,3754.66500060703,3937.83000165178,3878.02149983821,3750.93515567998,3746.05483608229,3750.0234879313,3751.23637334486,3748.4950473309
2023-08-16 01:00:00,3381.04500269075,3524.4159997399,3469.25850314414,3384.31618368727,3386.25841464575,3368.37738306905,3425.88239542807,3385.28727869094
2023-08-16 02:00:00,3108.42749885644,3284.64199897763,3220.30500098492,3104.59515026958,3100.63383646193,3063.54579899245,3101.83499608915,3102.6145351271
2023-08-16 03:00:00,3008.9905031455,3089.69300293387,3020.51950285549,3021.62082924729,3012.99467995793,2992.94681574177,3024.19385736588,3017.30784554202
2023-08-16 04:00:00,2981.77700111119,3037.19650082325,2962.15199878078,2974.24588605943,2977.74848026014,2963.45976954226,2988.22225313558,2975.9971462344
2023-08-16 05:00:00,2994.6860002795,3120.3994991259,3052.51449986559,2998.19824597188,2998.6742083563,2998.30233881602,3002.92251083709,2998.43622214635
2023-08-16 06:00:00,3188.61800095986,3167.17199901131,3097.09550037631,3181.78655626492,3178.6656422318,3147.2248708665,3211.83872675285,3180.22613214996
2023-08-16 07:00:00,2946.78350119235,3586.44450181129,3443.8740002038,2936.04067975427,2937.67464814216,2955.70803913293,2968.06024753074,2936.85764672243
2023-08-16 08:00:00,3176.8145022578,3889.14750203351,3872.05250156566,3190.28870325348,3186.93654419842,3171.49612827851,3245.6303588646,3188.6126590654
2023-08-16 09:00:00,3653.40850207407,4103.82249803317,4077.65400033828,3626.43772195837,3644.53938543148,3614.2314161313,3658.14104335,3635.48836286184
2023-08-16 10:00:00,3850.45350121404,4117.45250114182,4095.96650322096,3847.96127323286,3869.04208406612,3810.73624867858,3837.43501737696,3858.50145640936
2023-08-16 11:00:00,3814.23249818705,4014.28799769632,4033.91550249851,3819.01398430864,3817.21231965019,3791.20388507013,3838.44548061721,3818.1131709731
2023-08-16 12:00:00,3926.23950050084,4111.64700231131,4095.3290033791,3916.12845653253,3934.00348146036,3911.15601000355,3944.0961862972,3925.06578055266
2023-08-16 13:00:00,4224.94049939833,4453.63600384444,4440.8240003332,4196.56152678031,4205.91669931106,4171.24001115458,4219.29799038186,4201.23901442069
2023-08-16 14:00:00,4356.20800133632,4629.46149996202,4630.41200199362,4343.51632945703,4337.16182024596,4323.63364865994,4365.32369317693,4340.33914184261
2023-08-16 15:00:00,3954.99799816834,4288.95700080122,4226.74000041885,3962.3266487961,3958.58137471667,3919.22684767519,3980.07292313175,3960.45405124017
2023-08-16 16:00:00,3623.57250016386,4109.54250011093,3912.88799958269,3619.41788825898,3625.35716192385,3627.67154544998,3662.36942507514,3622.38746247784
2023-08-16 17:00:00,3571.06750152621,4042.09200018295,3757.89100159879,3561.814084892,3559.78491878693,3564.94352049125,3583.6215688494,3560.79952323153
2023-08-16 18:00:00,3556.56499975652,3890.35600409959,3635.64300122496,3563.93817249151,3549.34788272741,3555.05427819462,3584.88665979993,3556.64318142461
2023-08-16 19:00:00,3785.20800268673,4128.75250369054,3577.32350106875,3806.4032839994,3809.87117997577,3769.1711565093,3811.1288656332,3808.137195428
2023-08-16 20:00:00,4362.72400291567,4866.06450009916,3890.93600242247,4347.26339312212,4367.26457207585,4294.597564013,4379.69243872786,4357.26377174065
2023-08-16 21:00:00,5271.85250492487,5215.71400297561,4362.49350314727,5250.43776069861,5233.29439191647,5207.98737837136,5329.03889926933,5241.866257038
2023-08-16 22:00:00,4940.25849673571,5440.81550056499,4949.61250269215,4963.87158596438,4954.26245870468,4917.5949933311,4988.00019316686,4959.06712363679
2023-08-16 23:00:00,4278.31850200216,4616.35249849106,4462.87350037904,4280.88809768931,4286.17911557999,4272.12932081972,4326.26987444623,4283.53355085518
2023-08-17,3871.22650260257,3985.94000082661,3878.02149983821,3867.33263741936,3875.14772118559,3862.39336204981,3862.48547362345,3871.24009691356
2023-08-17 01:00:00,3457.46600565885,3533.07100122375,3469.25850314414,3464.78897874115,3453.66237587811,3439.97076998303,3463.92716702217,3459.22579460956
2023-08-17 02:00:00,3213.06400014309,3257.75550389697,3220.30500098492,3216.02461395215,3204.0869768073,3155.17920337489,3244.46638584316,3210.05592122982
2023-08-17 03:00:00,3081.44150170544,3068.56349791156,3020.51950285549,3099.3361916939,3091.79331947022,3048.2464241201,3134.17960577198,3095.56483510125
2023-08-17 04:00:00,3020.61500153027,3005.89000203146,2962.15199878078,3024.85527842636,3020.99026462152,3004.81385007586,3023.72940002444,3022.92281227006
2023-08-17 05:00:00,3033.27350376174,3080.66700125381,3052.51449986559,3036.85377125974,3036.9263355449,3028.09984903852,3037.47685196072,3036.89005263732
2023-08-17 06:00:00,3232.99400297401,3127.032999933,3097.09550037631,3236.13108637954,3239.10388646811,3221.39728303702,3236.93234177422,3237.61745508369
2023-08-17 07:00:00,3008.32250187849,3536.91050184076,3443.8740002038,3012.35334756239,3012.37100635236,3007.74204082189,3044.1082597257,3012.36217677121
2023-08-17 08:00:00,3268.62750354118,3965.535000748,3872.05250156566,3257.07089942417,3279.3237571464,3255.47267514392,3289.8048317131,3268.19709368909
2023-08-17 09:00:00,3694.11950195272,4109.49650311226,4077.65400033828,3687.81836403184,3686.06286751622,3658.15849153577,3699.24067878274,3686.94063428099
2023-08-17 10:00:00,3816.04900031735,4106.71250284731,4095.96650322096,3823.96902959655,3819.92971911411,3809.14801693579,3834.40156524968,3821.94941693893
2023-08-17 11:00:00,3804.68899991276,4050.99200042791,4033.91550249851,3804.39586995162,3809.55137235849,3792.98725230428,3823.86353516245,3806.97356680422
2023-08-17 12:00:00,3798.03950500628,4204.54800402035,4095.3290033791,3805.21646285734,3807.06287816445,3781.80173896261,3815.37025064155,3806.13965104544
2023-08-17 13:00:00,4106.40050296672,4558.02100177261,4440.8240003332,4096.03133459131,4100.97710668971,4053.10643281202,4131.30063092282,4098.50416850072
2023-08-17 14:00:00,4198.14600516058,4610.15600136656,4630.41200199362,4191.34321458917,4224.13856160601,4155.17216587661,4220.5700156188,4207.74054235936
2023-08-17 15:00:00,3863.69350163487,4323.3590012677,4226.74000041885,3858.320311149,3875.54327569759,3822.1276363172,3857.73538223873,3866.93161185372
2023-08-17 16:00:00,3624.89549982618,4013.83449905342,3912.88799958269,3617.77124090932,3627.26668124765,3594.69083402838,3625.13237525137,3622.51886097475
2023-08-17 17:00:00,3528.29750259657,3982.3855019355,3757.89100159879,3537.75722032499,3533.37212887271,3512.67990832131,3536.55881934328,3535.56472082778
2023-08-17 18:00:00,3466.82350016083,3920.20749899792,3635.64300122496,3463.80266117905,3462.45701563829,3446.85909825828,3472.9168963179,3463.12985259486
2023-08-17 19:00:00,3552.78500259318,4119.91100104165,3577.32350106875,3555.008315729,3561.23523310026,3560.81060687911,3572.11610195569,3558.12170876863
2023-08-17 20:00:00,4034.98350439209,4719.11000241095,3890.93600242247,4028.78276995334,4062.3264210355,3995.30375877114,4062.39229810031,4045.55424186735
2023-08-17 21:00:00,5125.57050151832,5144.51949917001,4362.49350314727,5143.14273499335,5121.2956878682,5050.96029330503,5143.87984215602,5132.2194417488
2023-08-17 22:00:00,5010.80400053482,5334.03500121133,4949.61250269215,5006.66026350221,5013.25210871564,4988.66634102487,5054.14112460175,5009.95611661575
2023-08-17 23:00:00,4344.21150038205,4501.58650224423,4462.87350037904,4344.09196665874,4350.01439600851,4329.20915821509,4364.58671839438,4347.05311889762
2023-08-18,3868.09349790332,3878.02149983821,3878.02149983821,3860.20276685123,3858.3168623853,3860.80202086033,3875.90929199189,3859.25983450003
2023-08-18 01:00:00,3490.12250039878,3469.25850314414,3469.25850314414,3490.10440696319,3496.39216109467,3471.55221448423,3491.81569071518,3493.24821774157
2023-08-18 02:00:00,3244.78299962275,3220.30500098492,3220.30500098492,3243.69503859363,3240.02483847685,3213.68685116952,3247.77365578109,3241.85997722757
2023-08-18 03:00:00,3098.39500268188,3020.51950285549,3020.51950285549,3100.03898033458,3092.90843808777,3085.1257586799,3103.80933969055,3096.47378438346
2023-08-18 04:00:00,3043.64100164396,2962.15199878078,2962.15199878078,3042.82799878443,3038.6651483686,3015.24902816298,3049.30802449587,3040.74661746251
2023-08-18 05:00:00,3076.03150376189,3052.51449986559,3052.51449986559,3078.76512313598,3066.64822423561,3063.94037250549,3086.37979907919,3072.70680142572
2023-08-18 06:00:00,3206.23600367166,3097.09550037631,3097.09550037631,3197.06495615524,3209.82018394679,3177.46505222922,3230.24153770213,3203.44243558164
2023-08-18 07:00:00,3052.67300112871,3443.8740002038,3443.8740002038,3043.22526769234,3050.50094787329,3050.99280084404,3069.78893244101,3046.86303108045
2023-08-18 08:00:00,3254.84500360966,3872.05250156566,3872.05250156566,3247.51418979404,3268.38963064112,3239.3078331412,3286.60526498187,3257.95169014252
2023-08-18 09:00:00,3677.08150043152,4077.65400033828,4077.65400033828,3672.90279164115,3669.35291462941,3665.04305116215,3684.53712767846,3671.12789055913
2023-08-18 10:00:00,3838.48050285346,4095.96650322096,4095.96650322096,3827.22713461191,3818.57806298351,3821.97815247564,3851.93642053223,3822.90268997878
2023-08-18 11:00:00,3837.51200101629,4033.91550249851,4033.91550249851,3836.83681014411,3815.70874606116,3818.61813216216,3838.09764622249,3826.27300084093
2023-08-18 12:00:00,3867.63750303612,4095.3290033791,4095.3290033791,3860.78297605346,3866.96843284465,3850.5697688673,3866.28606834317,3863.87563924014
2023-08-18 13:00:00,4099.30900493055,4440.8240003332,4440.8240003332,4099.79628098498,4109.80804664219,4053.11029911104,4134.99487548591,4104.8020582666
2023-08-18 14:00:00,4200.19650112523,4630.41200199362,4630.41200199362,4202.12422543198,4207.30910354639,4178.67932943106,4207.04021726428,4204.71660982867
2023-08-18 15:00:00,3930.12150325294,4226.74000041885,4226.74000041885,3909.08091224187,3918.79319178203,3914.76921070407,3925.12708658111,3913.93694962223
2023-08-18 16:00:00,3706.28750030312,3912.88799958269,3912.88799958269,3700.20139166808,3681.64558044798,3679.20902796551,3731.48560882809,3690.92368167887
2023-08-18 17:00:00,3619.58450313541,3757.89100159879,3757.89100159879,3605.61619083402,3611.70165069016,3587.67827657002,3625.6303829473,3608.65885660737
2023-08-18 18:00:00,3569.53050102649,3635.64300122496,3635.64300122496,3585.05930180727,3580.10900970026,3565.07275128535,3571.50278856823,3582.58420794121
2023-08-18 19:00:00,3630.19650301465,3577.32350106875,3577.32350106875,3637.79077379496,3636.81896290406,3614.28313280145,3639.26563794255,3637.30487859463
2023-08-18 20:00:00,3859.32300514448,3890.93600242247,3890.93600242247,3863.49983942852,3846.22689077248,3846.93507322891,3875.21426024221,3854.86354719703
2023-08-18 21:00:00,4879.85400291742,4362.49350314727,4362.49350314727,4853.71796425835,4867.1485968698,4756.09716279087,4878.89932032639,4860.43313897438
2023-08-18 22:00:00,4941.95850513503,4949.61250269215,4949.61250269215,4918.65624779158,4948.1606058202,4880.854322384,4953.72375744339,4933.40811576223
2023-08-18 23:00:00,4458.28700082318,4462.87350037904,4462.87350037904,4443.68133691395,4426.61583250871,4418.49918454179,4463.69603296161,4435.14876462091
2023-08-19,4039.3460018863,4023.42650119867,3878.02149983821,4038.8641253765,4038.24077767813,4004.4381285055,4053.94163902374,4038.55245809883
2023-08-19 01:00:00,3623.39450585691,3609.41050378873,3469.25850314414,3637.54680924223,3625.13237525137,3588.16087168872,3654.59729755907,3631.33972312343
2023-08-19 02:00:00,3297.67150372674,3294.22500246519,3220.30500098492,3303.57613145477,3293.35622733713,3281.39538568274,3307.24048970975,3298.46628713719
2023-08-19 03:00:00,3156.75499998999,3084.05800014839,3020.51950285549,3158.03386225493,3157.40736512318,3109.28308348097,3184.63286501741,3157.72062029377
2023-08-19 04:00:00,3109.44150291139,3024.46650301048,2962.15199878078,3097.02405315918,3115.25085758094,3089.90030876556,3143.91798477117,3106.1372632177
2023-08-19 05:00:00,3053.11400318658,3007.75600211474,3052.51449986559,3056.6511683807,3049.43311407876,3045.24976195086,3042.23572890826,3053.04221732459
2023-08-19 06:00:00,3096.47750062111,2710.46800186485,3097.09550037631,3079.97536332086,3090.71398442429,3052.86198278633,3111.02472862177,3085.34456066286
2023-08-19 07:00:00,2791.23150405707,2681.48850309057,3443.8740002038,2791.50292191586,2772.56790836546,2703.17750814745,2812.25156342984,2782.03561475916
2023-08-19 08:00:00,3014.10800196504,3248.19900084962,3872.05250156566,3025.96468790461,3005.1521240704,3000.13638856753,3027.25644425612,3015.5586253997
2023-08-19 09:00:00,3560.33500302292,3972.53850250947,4077.65400033828,3557.96480730132,3551.36305038899,3514.41945914893,3563.43730698857,3554.66399844282
2023-08-19 10:00:00,3854.66850163246,4358.50400316529,4095.96650322096,3845.51253316504,3845.61054790037,3841.23295478826,3859.34386726185,3845.5615394994
2023-08-19 11:00:00,3870.49500047427,4338.97150042292,4033.91550249851,3874.03952441588,3865.4157672751,3850.26491005019,3884.38908673798,3869.72773675968
2023-08-19 12:00:00,3866.20600167627,4259.3395031034,4095.3290033791,3876.06321733707,3851.96214174363,3838.39055730189,3865.50795090936,3864.01293362101
2023-08-19 13:00:00,4011.96250180254,4322.5750025938,4440.8240003332,4005.78246379621,3997.40045334352,3952.4611924482,4026.47815436294,4001.59154693549
2023-08-19 14:00:00,4110.71700312139,4387.26800414361,4630.41200199362,4106.38499794614,4115.08040485231,4086.08403039278,4115.22957276151,4110.73260972968
2023-08-19 15:00:00,3775.32200110331,3973.49150129128,4226.74000041885,3776.43183350799,3767.37742116285,3746.68381958005,3781.3796778889,3771.90472278971
2023-08-19 16:00:00,3510.28500289988,3647.46549946209,3912.88799958269,3501.15372582365,3521.69198019696,3499.64900069466,3535.29728839262,3511.42263648997
2023-08-19 17:00:00,3442.09200245631,3497.72500005004,3757.89100159879,3443.24667002956,3449.72754422957,3390.66099821729,3454.89148877233,3446.48703880627
2023-08-19 18:00:00,3466.98100010958,3426.77900193352,3635.64300122496,3470.65874505333,3467.29930716558,3439.65575412063,3481.80373161858,3468.97906152564
2023-08-19 19:00:00,3456.06950152351,3477.07250109385,3577.32350106875,3472.91648379368,3467.07770317143,3460.21829870239,3460.56820913769,3469.99715503671
2023-08-19 20:00:00,3754.84099975845,3745.54350259621,3890.93600242247,3749.88562320958,3771.92992567437,3756.48957681888,3773.45224862303,3760.90754204443
2023-08-19 21:00:00,4820.15300285362,4258.97400144592,4362.49350314727,4821.30477493682,4829.40256087952,4736.66535059439,4836.30361224968,4825.35358253892
2023-08-19 22:00:00,4871.45950255555,4842.84700175363,4949.61250269215,4864.90317034334,4877.69412600106,4825.68183686558,4902.13521519271,4871.29851332617
2023-08-19 23:00:00,4413.4545036417,4521.1220019001,4462.87350037904,4405.25908050807,4420.68297105963,4390.93245862166,4436.85455613715,4412.97086318064
2023-08-20,3940.03300376819,3996.57750128047,3878.02149983821,3945.18341517945,3928.88436258338,3926.38910046101,3959.52930208215,3937.03406071084
2023-08-20 01:00:00,3559.06600309885,3550.27300327946,3469.25850314414,3552.8926876711,3543.66416610016,3536.07304292528,3567.80469742531,3548.27852417543
2023-08-20 02:00:00,3269.11250091786,3257.84999884665,3220.30500098492,3254.31918258959,3270.88804905173,3244.64281236075,3271.01598449243,3262.60344114678
2023-08-20 03:00:00,3130.85900632921,3081.54900307616,3020.51950285549,3120.75309240156,3132.57740732101,3098.44868259998,3138.79348533948,3126.66512520586
2023-08-20 04:00:00,3084.95300423016,3012.7995023214,2962.15199878078,3080.35405116744,3084.25470660281,3069.23841767683,3096.95633036654,3082.30433776326
2023-08-20 05:00:00,3067.71250360983,3023.2755045637,3052.51449986559,3066.7174097084,3055.76701620928,3059.95897314461,3085.08749785173,3061.24232840112
2023-08-20 06:00:00,3128.05449992977,2684.3255003409,3097.09550037631,3129.55622149339,3135.4176854366,3104.62371512937,3160.173676304,3132.48689167172
2023-08-20 07:00:00,2788.79350282997,2568.47500065074,3443.8740002038,2788.26543156927,2781.89423682606,2744.45135236236,2815.72138302897,2785.07990136468
2023-08-20 08:00:00,2930.58900075062,3043.41049893526,3872.05250156566,2945.88818880341,2935.60570208613,2901.01817802115,2935.62530610961,2940.74705384578
2023-08-20 09:00:00,3389.0975015423,3696.55300188798,4077.65400033828,3381.09003147693,3399.05205407057,3347.13090979089,3384.3562778674,3390.07085341281
2023-08-20 10:00:00,3742.51700050663,4136.40199957031,4095.96650322096,3757.80727218076,3751.40814102628,3728.08064895249,3745.60460591845,3754.60777406505
2023-08-20 11:00:00,3867.38100120187,4203.11700091604,4033.91550249851,3862.39201733545,3854.46526926246,3848.04347524534,3882.54423776048,3858.42872686507
2023-08-20 12:00:00,3942.9055020652,4135.43500003801,4095.3290033791,3925.89686653083,3955.74272712725,3919.12964476915,3945.91004954541,3940.81948218517
2023-08-20 13:00:00,4085.8110026666,4305.12950276397,4440.8240003332,4086.37410410481,4082.87354841605,4059.56829343461,4091.9192215421,4084.62386316432
2023-08-20 14:00:00,4200.36250066367,4437.49050235003,4630.41200199362,4192.08755931468,4203.38988056549,4169.19930486159,4207.81080298786,4197.73860078768
2023-08-20 15:00:00,3891.00000374718,4158.15449999226,4226.74000041885,3873.45131908981,3902.98636953081,3867.07172012391,3901.01732967614,3888.21853294309
2023-08-20 16:00:00,3624.10850161396,3782.78049983922,3912.88799958269,3625.50781317331,3620.31837159041,3602.11910779444,3652.63855043524,3622.91314709049
2023-08-20 17:00:00,3513.26200205047,3715.63600158005,3757.89100159879,3515.45942360551,3519.15646996683,3478.43076213795,3531.75796106122,3517.30790781081
2023-08-20 18:00:00,3551.52349998849,3751.27450018923,3635.64300122496,3552.06919770366,3554.36251669065,3525.91067787827,3565.18498182714,3553.21583302031
2023-08-20 19:00:00,3724.6445008805,4028.33700247819,3577.32350106875,3721.57775442121,3743.41497213389,3709.52735895795,3757.54683481773,3732.49613306315
2023-08-20 20:00:00,4280.05300448718,4803.6940028799,3890.93600242247,4339.09868012296,4274.12662255847,4257.78845195289,4287.62671462625,4306.61333629533
2023-08-20 21:00:00,5413.84499344381,5320.9565022866,4362.49350314727,5377.07160075406,5392.01171819952,5314.61729761435,5436.27972607204,5384.54150197366
2023-08-20 22:00:00,5164.5999983626,5457.94950379978,4949.61250269215,5144.0369930627,5156.3329675149,5153.00427456828,5161.96762967083,5150.18485066101
2023-08-20 23:00:00,4469.48600216769,4571.14750221872,4462.87350037904,4473.88611282879,4476.51781154659,4460.48250122802,4497.67042239118,4475.20193444354
2023-08-21,3847.67400119046,3812.80499906244,3878.02149983821,3869.11414480824,3867.93132481735,3815.30837838018,3854.34393485098,3868.52274728243
2023-08-21 01:00:00,3461.02699870581,3397.92450404319,3469.25850314414,3453.73442434834,3458.85530576641,3457.67096104293,3472.17486686603,3456.29481107153
2023-08-21 02:00:00,3195.16000131145,3148.71050260798,3220.30500098492,3184.13406475951,3200.14332261732,3177.57417803997,3214.86432024293,3192.13852491409
2023-08-21 03:00:00,3105.32600299572,3025.0705038954,3020.51950285549,3105.71432974201,3088.92182321436,3069.77721833321,3102.42687134174,3097.31825350974
2023-08-21 04:00:00,3076.67250242108,2994.02500433777,2962.15199878078,3074.39240412662,3066.23282606332,3054.45838947874,3084.28413002484,3070.31270111565
2023-08-21 05:00:00,3112.58750388795,3067.71149801568,3052.51449986559,3121.9457409155,3117.83152469461,3096.65794615717,3116.02661699774,3119.88867617833
2023-08-21 06:00:00,3306.6970037662,3091.76900229475,3097.09550037631,3302.22002039688,3300.61220737133,3243.58749137587,3308.2660184258,3301.41613083414
2023-08-21 07:00:00,3175.72100442729,3508.67150374467,3443.8740002038,3162.62251421069,3182.80448005704,3159.02225913413,3165.2787173917,3172.71328436962
2023-08-21 08:00:00,3333.87250428414,3868.24000271223,3872.05250156566,3321.24145650352,3337.12935396494,3300.20605485842,3360.98209365054,3329.18523773933
2023-08-21 09:00:00,3772.55900260771,4089.93500117643,4077.65400033828,3763.88753145223,3799.88261718881,3768.94464584369,3791.87661883956,3781.8846948497
2023-08-21 10:00:00,3925.84000367956,4179.94350156852,4095.96650322096,3924.01600842297,3907.51632358763,3890.43728985484,3948.65124159493,3915.76633994985
2023-08-21 11:00:00,3904.92300134269,4183.36300173879,4033.91550249851,3907.58686215145,3891.69557777061,3885.00052514746,3910.30918221439,3899.64138749164
2023-08-21 12:00:00,4025.8485031107,4281.9530013015,4095.3290033791,4014.10385534264,4035.31422703474,3989.07354245189,4039.69714159473,4024.70881758269
2023-08-21 13:00:00,4350.23350289505,4537.85950070084,4440.8240003332,4330.35878020577,4334.45693930034,4325.5725004084,4368.26033606625,4332.40781654905
2023-08-21 14:00:00,4434.37500019849,4727.99400077015,4630.41200199362,4429.29846945566,4419.42231400553,4391.9001025089,4440.36872914034,4424.36049584794
2023-08-21 15:00:00,4089.20999929286,4292.26650282752,4226.74000041885,4065.66241292749,4056.46763765735,4057.09067541801,4122.66733626765,4061.06512222645
2023-08-21 16:00:00,3851.56050209334,4068.67900109151,3912.88799958269,3868.69104680413,3867.99405023323,3842.48999431045,3842.51198699952,3868.34255586663
2023-08-21 17:00:00,3731.84600310447,3990.68950289523,3757.89100159879,3742.34186499146,3717.17159584978,3713.35105317574,3729.92684026713,3729.75699577303
2023-08-21 18:00:00,3679.09850045317,3911.65200090094,3635.64300122496,3697.70242147216,3691.13679837161,3665.36821321389,3678.68260749459,3694.41967913862
2023-08-21 19:00:00,3765.21050135291,4276.07100102503,3577.32350106875,3776.01434653893,3761.88290943388,3754.56219064838,3786.4041766272,3768.94877696419
2023-08-21 20:00:00,4300.42350082134,5180.72500242095,3890.93600242247,4281.18528593968,4303.59491633556,4284.51538943151,4319.83684336817,4292.38986488868
2023-08-21 21:00:00,5610.66450069484,5529.52000025532,4362.49350314727,5583.70084363146,5591.77828736146,5500.88159467364,5620.24169878701,5587.73948034166
2023-08-21 22:00:00,5430.74200226821,5493.65250209486,4949.61250269215,5470.44095964866,5468.87389581981,5366.72560830381,5458.69559541728,5469.65744425469
2023-08-21 23:00:00,4679.90300023009,4605.84550008271,4462.87350037904,4691.82505736969,4694.53193756277,4646.48413746785,4658.49312226625,4693.1784689295
2023-08-22,4087.09899985441,3974.0605006431,3878.02149983821,4093.11144237308,4096.54335305855,4061.93893050809,4085.02787742213,4094.8273615356
2023-08-22 01:00:00,3594.13350192003,3479.58400138607,3469.25850314414,3598.35038751641,3598.00832059561,3562.9716316235,3589.94464076937,3598.17935766218
2023-08-22 02:00:00,3309.50250141742,3224.16650517471,3220.30500098492,3293.3408597782,3311.50562011375,3301.73647135197,3322.65367576587,3302.42304844771
2023-08-22 03:00:00,3186.17750279896,3026.64450340311,3020.51950285549,3182.84746034379,3186.09146583671,3137.6977479928,3227.90964462398,3184.46942889099
2023-08-22 04:00:00,3148.48200102709,2979.62199939799,2962.15199878078,3144.30472649834,3153.88819162434,3131.45994042151,3169.99279712421,3149.09635802962
2023-08-22 05:00:00,3151.1040025996,3097.94800127589,3052.51449986559,3156.4599268152,3150.44506930117,3133.62651561473,3166.52303649161,3153.45256146859
2023-08-22 06:00:00,3345.14800232381,3119.46250026475,3097.09550037631,3324.06551637793,3339.03999348899,3324.46722912933,3352.30441253721,3331.5525970681
2023-08-22 07:00:00,3239.12900216901,3618.68900130154,3443.8740002038,3253.10044087619,3231.80426236719,3193.85148824452,3258.11973383449,3242.45257613229
2023-08-22 08:00:00,3375.9500009811,4014.44650246436,3872.05250156566,3384.20429275243,3377.88926537522,3345.95927412861,3397.26588258806,3381.04684563871
2023-08-22 09:00:00,3836.80050023826,4140.52750166203,4077.65400033828,3838.68640695298,3819.57991856331,3810.42727303018,3866.45572610879,3829.13336418439
2023-08-22 10:00:00,3981.66450340534,4119.28100655158,4095.96650322096,3986.57858074601,3985.50583207402,3970.17220953867,3992.45401847385,3986.04221771925
2023-08-22 11:00:00,3938.46550147538,4057.63500284182,4033.91550249851,3922.85536267525,3917.85501434408,3927.05210108727,3963.17961845208,3920.35524122481
2023-08-22 12:00:00,4034.55050134513,4194.73650531319,4095.3290033791,4021.60566199242,4031.2513815364,4026.07487979444,4021.35764830882,4026.42842007639
2023-08-22 13:00:00,4301.2600041168,4504.00250181463,4440.8240003332,4299.82640624995,4309.64609809415,4289.23436746486,4337.43488361106,4304.73614864996
2023-08-22 14:00:00,4427.28600262955,4613.98400094779,4630.41200199362,4441.1538027921,4427.25769956198,4414.73700352721,4436.64717985494,4434.20589767386
2023-08-22 15:00:00,4151.41550125141,4291.65250235808,4226.74000041885,4161.78071470316,4163.00772115297,4146.722370714,4168.18131406844,4162.3942049926
2023-08-22 16:00:00,3869.9910014926,4084.72900088842,3912.88799958269,3858.91163528258,3866.24918720506,3873.85782855411,3898.00427807661,3862.58033388918
2023-08-22 17:00:00,3733.95850028133,3944.50400155748,3757.89100159879,3736.31216638859,3744.41854421903,3699.8759217145,3765.28281533327,3740.36526984398
2023-08-22 18:00:00,3723.11700102332,3888.7250029943,3635.64300122496,3736.07258534937,3720.79019880854,3715.97326642889,3726.843252,3728.43155319038
2023-08-22 19:00:00,3868.4749967776,4166.51049937564,3577.32350106875,3866.85032028632,3878.23929642825,3851.51755640006,3891.27610326466,3872.54468829134
2023-08-22 20:00:00,4354.99450043484,5002.06400427909,3890.93600242247,4335.8907646965,4346.15297190212,4351.98998290598,4362.7302600577,4341.02176011209
2023-08-22 21:00:00,5520.91950457392,5483.76650129189,4362.49350314727,5508.21799023796,5525.34487888345,5448.2452058577,5564.09053265541,5516.78125400399
2023-08-22 22:00:00,5378.01450178085,5516.21550051367,4949.61250269215,5345.0182773268,5384.43086560057,5377.65568079523,5462.36239331043,5364.72415596454
2023-08-22 23:00:00,4604.6620018133,4583.18400226114,4462.87350037904,4603.41757875438,4589.98317597192,4583.67837488268,4614.42640569539,4596.70051899259
2023-08-23,4064.82249994855,3937.83000165178,3878.02149983821,4072.0688940682,4061.84206365016,4037.15847693076,4100.38253335259,4066.95558667345
2023-08-23 01:00:00,3685.81450415461,3524.4159997399,3469.25850314414,3697.08712619466,3695.08958253243,3685.85541418021,3708.08741413052,3696.08837542224
2023-08-23 02:00:00,3391.53350110957,3284.64199897763,3220.30500098492,3382.20658723611,3375.75673635272,3354.91816421944,3412.21950939422,3378.98172979065
2023-08-23 03:00:00,3234.7080023014,3089.69300293387,3020.51950285549,3230.22203788034,3239.18113748549,3226.37650327742,3242.79854597212,3234.70149323344
2023-08-23 04:00:00,3188.1790025814,3037.19650082325,2962.15199878078,3188.43430789239,3197.95822943703,3135.31598897163,3200.1066886489,3193.19616826072
2023-08-23 05:00:00,3196.79100005608,3120.3994991259,3052.51449986559,3189.28735531867,3192.72739920131,3165.1730332013,3218.81996866696,3191.00734099403
2023-08-23 06:00:00,3420.66950245481,3167.17199901131,3097.09550037631,3419.98959793458,3414.78223451866,3387.79963799789,3427.86999448445,3417.38597112418
2023-08-23 07:00:00,3316.33950203646,3586.44450181129,3443.8740002038,3325.19906242088,3309.0235359954,3301.12862844851,3324.42282964812,3317.11146973531
2023-08-23 08:00:00,3484.42750007106,3889.14750203351,3872.05250156566,3499.78619241323,3477.07054814255,3500.46368436443,3475.10083984578,3488.42860975292
2023-08-23 09:00:00,3894.07150099659,4103.82249803317,4077.65400033828,3892.81379775375,3900.38848847607,3887.66232920903,3917.06278442099,3896.60106326029
2023-08-23 10:00:00,3965.94650528568,4117.45250114182,4095.96650322096,3958.96599518531,3962.30641075643,3980.14506007827,3987.92072413164,3960.63616775522
2023-08-23 11:00:00,4053.24300034897,4014.28799769632,4033.91550249851,4048.67642412709,4035.69147892616,4024.14740123882,4088.63785227073,4042.18408841775
2023-08-23 12:00:00,4185.55950329336,4111.64700231131,4095.3290033791,4168.97338900972,4183.17003562692,4159.93521828119,4204.51272369522,4176.07156265308
2023-08-23 13:00:00,4479.07300155127,4453.63600384444,4440.8240003332,4458.16187976653,4460.78885743757,4406.31427437233,4502.67136037664,4459.47534090768
2023-08-23 14:00:00,4568.50900377624,4629.46149996202,4630.41200199362,4563.05284713143,4564.23678904983,4558.4064914215,4584.11562473356,4563.64480560916
2023-08-23 15:00:00,4268.93150108773,4288.95700080122,4226.74000041885,4253.1429303601,4257.91029861088,4268.58539011171,4291.94788066797,4255.52656422649
2023-08-23 16:00:00,4040.66100010957,4109.54250011093,3912.88799958269,4037.99170917972,4051.20852528233,4031.38597469295,4060.67209444489,4044.59997789545
2023-08-23 17:00:00,3977.64850137196,4042.09200018295,3757.89100159879,3982.83777152783,3977.11643346213,3940.59124616737,3997.49578377542,3979.97716281102
2023-08-23 18:00:00,4000.26950101752,3890.35600409959,3635.64300122496,3989.3303162639,3959.28757793428,3953.60376278395,4022.51245582144,3974.30926381851
2023-08-23 19:00:00,4141.15500042052,4128.75250369054,3577.32350106875,4154.81813243356,4137.86738996616,4123.46967198027,4118.72871750404,4146.34293989959
2023-08-23 20:00:00,4525.40350262891,4866.06450009916,3890.93600242247,4510.85471684936,4520.58713460926,4491.87372000796,4547.076168202,4515.72082312729
2023-08-23 21:00:00,5669.01999722107,5215.71400297561,4362.49350314727,5673.42797006565,5671.09267945609,5660.49489791162,5713.12124088414,5672.26034938019
2023-08-23 22:00:00,5497.33299928077,5440.81550056499,4949.61250269215,5494.44832695139,5535.43094871612,5484.84393790355,5541.14151989927,5514.93920578286
2023-08-23 23:00:00,4810.66100069892,4616.35249849106,4462.87350037904,4824.8851860331,4800.01449246308,4778.58879013575,4805.83742675406,4812.45010144229
2023-08-24,4272.69399987208,3985.94000082661,3878.02149983821,4274.85923038192,4274.60366735202,4257.83312865605,4298.53620220956,4274.73145156119
2023-08-24 01:00:00,3786.91950534959,3533.07100122375,3469.25850314414,3791.60104007833,3797.15774168863,3783.78280844237,3811.65605384444,3794.37933230309
2023-08-24 02:00:00,3492.88550258614,3257.75550389697,3220.30500098492,3499.61386984691,3491.93560908389,3460.0730632498,3489.91420256815,3495.77482041189
2023-08-24 03:00:00,3360.42400166311,3068.56349791156,3020.51950285549,3379.18904012446,3343.00168192628,3310.38118865563,3394.14638740784,3361.09574252318
2023-08-24 04:00:00,3293.7780028712,3005.89000203146,2962.15199878078,3291.8583690052,3289.14270520743,3238.8103493988,3303.72140059606,3290.50056573565
2023-08-24 05:00:00,3327.07850281079,3080.66700125381,3052.51449986559,3333.96493892772,3335.64936012035,3274.08168952763,3350.79851147514,3334.80713176637
2023-08-24 06:00:00,3526.75600443268,3127.032999933,3097.09550037631,3537.29878461145,3527.8755230754,3496.83245805383,3540.19413822578,3532.58725318623
2023-08-24 07:00:00,3440.5205023525,3536.91050184076,3443.8740002038,3446.76282246996,3433.51870579482,3388.79194928597,3459.83211787339,3440.14090375578
2023-08-24 08:00:00,3594.60600108688,3965.535000748,3872.05250156566,3622.62129803243,3615.64872050318,3587.88705089102,3625.93475465318,3619.13508277478
2023-08-24 09:00:00,4010.89200160105,4109.49650311226,4077.65400033828,4015.5633591655,4005.92816013723,3988.63216011024,4059.09588083498,4010.74586122848
2023-08-24 10:00:00,4183.77350267704,4106.71250284731,4095.96650322096,4180.17751688263,4170.58751304706,4138.56609121561,4215.17057565076,4175.3826160655
2023-08-24 11:00:00,4223.96850078879,4050.99200042791,4033.91550249851,4222.69425459094,4225.55715065572,4204.15979783125,4265.04439857168,4224.12567244184
2023-08-24 12:00:00,4308.09400166629,4204.54800402035,4095.3290033791,4292.53118020957,4312.38486210668,4258.70644923692,4349.12235556745,4302.45781185475
2023-08-24 13:00:00,4525.54550083558,4558.02100177261,4440.8240003332,4514.97572493401,4519.75928307187,4508.89916914726,4537.46601926798,4517.36745357326
2023-08-24 14:00:00,4596.27900157287,4610.15600136656,4630.41200199362,4603.99368226617,4596.25718861246,4578.60932283247,4589.76426605408,4600.12551699971
2023-08-24 15:00:00,4328.51200053206,4323.3590012677,4226.74000041885,4328.21824324772,4336.9053218316,4316.89156778745,4366.07328665061,4332.56169095791
2023-08-24 16:00:00,4088.99949862901,4013.83449905342,3912.88799958269,4100.81431154085,4075.32873158246,4075.41814483345,4112.88276764382,4088.07179023816
2023-08-24 17:00:00,4004.94550515944,3982.3855019355,3757.89100159879,3995.27663890852,3995.07890593401,3966.01603492854,4012.45643919737,3995.17777450583
2023-08-24 18:00:00,3977.36100203911,3920.20749899792,3635.64300122496,3976.30138108008,3954.53540930575,3974.06736526827,3999.16252687805,3965.41862465621
2023-08-24 19:00:00,4034.09099959955,4119.91100104165,3577.32350106875,4049.76930781276,4043.93436818384,4016.08657867338,4055.45782314017,4046.85189951195
2023-08-24 20:00:00,4489.06650256144,4719.11000241095,3890.93600242247,4489.66266476306,4485.30573693836,4475.31807596742,4531.61803879378,4487.48424678273
2023-08-24 21:00:00,5565.15150283894,5144.51949917001,4362.49350314727,5559.60711339594,5532.48551927496,5498.43703443348,5588.87218214415,5546.04660225931
2023-08-24 22:00:00,5249.51000220422,5334.03500121133,4949.61250269215,5260.63598780513,5232.79523450592,5200.74457695675,5262.02596138031,5246.71590466097
2023-08-24 23:00:00,4636.60650057404,4501.58650224423,4462.87350037904,4647.33676083843,4630.64396644361,4590.41664840593,4658.51978417604,4638.99053962139
2023-08-25,4110.91550362541,3878.02149983821,3878.02149983821,4120.54657629029,4108.29114259798,4076.87235731565,4144.54342071613,4114.41898864453
2023-08-25 01:00:00,3713.01500205009,3469.25850314414,3469.25850314414,3716.82747083752,3711.56617243765,3658.93327484478,3723.47804633545,3714.19687710375
2023-08-25 02:00:00,3453.82750317734,3220.30500098492,3220.30500098492,3463.96122614588,3433.52525662562,3406.20613327956,3482.38171369365,3448.74356225073
2023-08-25 03:00:00,3297.72200171521,3020.51950285549,3020.51950285549,3285.3675069193,3283.85048694592,3235.25911461127,3320.0713876656,3284.60901292548
2023-08-25 04:00:00,3244.04000182659,2962.15199878078,2962.15199878078,3234.93492236832,3238.20790925292,3185.99116565493,3245.80065587012,3236.57138130583
2023-08-25 05:00:00,3288.0505027686,3052.51449986559,3052.51449986559,3277.24250970756,3283.80036448765,3233.35848922536,3310.05909044437,3280.52136796276
2023-08-25 06:00:00,3460.52700430411,3097.09550037631,3097.09550037631,3473.37035863598,3427.25201540789,3432.0385384887,3458.36040489378,3450.31167321513
2023-08-25 07:00:00,3346.63450198295,3443.8740002038,3443.8740002038,3337.33564751431,3350.84965625181,3319.00737206531,3354.71334148069,3344.09250941439
2023-08-25 08:00:00,3436.15950110462,3872.05250156566,3872.05250156566,3413.28791146721,3432.26445196859,3435.41569319293,3461.08653770578,3422.77598166161
2023-08-25 09:00:00,3929.68500400014,4077.65400033828,4077.65400033828,3927.2466754328,3947.44608759287,3909.76462332034,3930.02011909573,3937.34616856467
2023-08-25 10:00:00,4175.14700348896,4095.96650322096,4095.96650322096,4185.1498203006,4190.850491292,4161.30049512318,4194.6379854973,4188.00009569814
2023-08-25 11:00:00,4168.90300200507,4033.91550249851,4033.91550249851,4180.79156774439,4150.74714327892,4142.76472817989,4186.58715739933,4165.76967224885
2023-08-25 12:00:00,4206.81800106476,4095.3290033791,4095.3290033791,4213.1688815164,4200.37572829282,4184.33537584278,4224.62614787955,4206.7724397738
2023-08-25 13:00:00,4446.43150143302,4440.8240003332,4440.8240003332,4442.33378573434,4428.70646516477,4430.21486745759,4461.18885414946,4435.52026911279
2023-08-25 14:00:00,4584.48199709551,4630.41200199362,4630.41200199362,4581.0676173328,4589.98317597192,4572.89152814942,4590.31593903937,4585.52530266191
2023-08-25 15:00:00,4219.70400153165,4226.74000041885,4226.74000041885,4234.91514362233,4204.0475094494,4198.70524817453,4260.3317082652,4219.48165195157
2023-08-25 16:00:00,3971.51349890197,3912.88799958269,3912.88799958269,3974.75628856593,3984.18301537144,3939.53886826681,3968.35476717767,3979.46955258935
2023-08-25 17:00:00,3846.33300150314,3757.89100159879,3757.89100159879,3856.06654267519,3828.7691523631,3824.70624070362,3854.75207486958,3842.41813529629
2023-08-25 18:00:00,3802.02100007125,3635.64300122496,3635.64300122496,3830.0656597586,3808.74470420917,3763.30065954192,3814.65332185463,3819.40540675569
2023-08-25 19:00:00,3838.49000141688,3577.32350106875,3577.32350106875,3839.52852988014,3818.64727364702,3826.34840805204,3841.42349993499,3829.08812189995
2023-08-25 20:00:00,4287.23500415846,3890.93600242247,3890.93600242247,4274.96346389224,4302.43741077487,4268.82156069116,4295.6341291298,4288.70014769509
2023-08-25 21:00:00,5249.33999959868,4362.49350314727,4362.49350314727,5212.93399604725,5226.60465044629,5160.50054884097,5236.76485133363,5219.76917912669
2023-08-25 22:00:00,4967.32350043021,4949.61250269215,4949.61250269215,4979.1898742105,4992.46984474157,4969.44099901844,4989.97034494847,4985.82971947466
2023-08-25 23:00:00,4436.40649717127,4462.87350037904,4462.87350037904,4436.39459164677,4441.39810389751,4411.90800055571,4448.66557604731,4438.89629502364
2023-08-26,4003.02450392186,4023.42650119867,3878.02149983821,3988.62009578456,4007.6710539208,3985.41839098385,4017.47363729826,3998.14537401186
2023-08-26 01:00:00,3619.51350294938,3609.41050378873,3469.25850314414,3622.21116971335,3611.98073407223,3584.71909508267,3632.80373738339,3617.09605974506
2023-08-26 02:00:00,3318.95300171978,3294.22500246519,3220.30500098492,3332.3518300753,3325.55520161459,3292.69652738506,3322.32721443587,3328.95358749701
2023-08-26 03:00:00,3162.14600219368,3084.05800014839,3020.51950285549,3158.55078731269,3154.31546104368,3141.07000895182,3155.01365952905,3156.43316882824
2023-08-26 04:00:00,3107.88549874071,3024.46650301048,2962.15199878078,3106.47545698668,3105.31684280182,3049.26438980167,3107.53944851651,3105.8961621087
2023-08-26 05:00:00,3086.15499987267,3007.75600211474,3052.51449986559,3092.0394560918,3086.73608656876,3022.71995614292,3081.91644221929,3089.38782723996
2023-08-26 06:00:00,3130.57999984024,2710.46800186485,3097.09550037631,3109.35282136075,3123.47599292021,3043.30394646118,3129.64714578613,3116.41425824984
2023-08-26 07:00:00,2883.85400049482,2681.48850309057,3443.8740002038,2906.40621564097,2888.65689078752,2812.20192974109,2883.54391466884,2897.53174033287
2023-08-26 08:00:00,3044.04550299956,3248.19900084962,3872.05250156566,3046.58939588193,3058.22256685713,3000.78901984448,3074.00305115407,3052.40585872921
2023-08-26 09:00:00,3644.5915024851,3972.53850250947,4077.65400033828,3634.48029358022,3645.96857164782,3596.23083770063,3648.36571507981,3640.2243115012
2023-08-26 10:00:00,4059.77150279505,4358.50400316529,4095.96650322096,4070.78688956083,4064.79948076858,4041.52797305749,4059.56442097677,4067.79324828574
2023-08-26 11:00:00,4126.72450000345,4338.97150042292,4033.91550249851,4125.56575595837,4125.21647173206,4108.18925180025,4144.68970273362,4125.39111752747
2023-08-26 12:00:00,4136.66750289081,4259.3395031034,4095.3290033791,4147.22368013595,4141.60701195138,4099.76458136738,4168.73004385328,4144.41540525624
2023-08-26 13:00:00,4436.51600260462,4322.5750025938,4440.8240003332,4441.53876928411,4437.78998591836,4405.25520974597,4470.50955433017,4439.66441712202
2023-08-26 14:00:00,4504.28050182789,4387.26800414361,4630.41200199362,4511.51823515514,4495.58154775037,4497.66184186648,4485.34852188795,4503.55005946202
2023-08-26 15:00:00,4072.84999959578,3973.49150129128,4226.74000041885,4084.92044184916,4067.56116163619,4044.11953482282,4107.12738656749,4076.24098474933
2023-08-26 16:00:00,3692.30600264581,3647.46549946209,3912.88799958269,3665.92791237525,3695.94269847446,3642.10306314003,3712.67453908224,3680.93498900012
2023-08-26 17:00:00,3531.11700167088,3497.72500005004,3757.89100159879,3529.25792676212,3524.58906057787,3479.71184000645,3516.34435840777,3526.92354289056
2023-08-26 18:00:00,3526.00850586395,3426.77900193352,3635.64300122496,3509.06447331606,3518.99869061059,3504.7405418816,3543.71149278856,3514.03147723388
2023-08-26 19:00:00,3704.54450418893,3477.07250109385,3577.32350106875,3707.85779257472,3712.66037256515,3677.52825561447,3716.42348099882,3710.25903193972
2023-08-26 20:00:00,4320.02900284564,3745.54350259621,3890.93600242247,4320.46203490302,4313.74666683631,4282.83188197454,4352.47986796978,4317.10442166506
2023-08-26 21:00:00,5377.19300358731,4258.97400144592,4362.49350314727,5398.25397785981,5405.04997719395,5348.77753593895,5461.49234777348,5401.65190588145
2023-08-26 22:00:00,4954.42550141446,4842.84700175363,4949.61250269215,4959.12045574171,4941.82585469085,4921.8090800152,4944.38613596323,4950.47333754107
2023-08-26 23:00:00,4364.60499959288,4521.1220019001,4462.87350037904,4362.32799727895,4361.0659465314,4355.76102736206,4395.98246993386,4361.69698521009
2023-08-27,3830.9885029362,3996.57750128047,3878.02149983821,3838.91338471921,3828.97368956357,3828.83124285855,3845.6252215831,3833.94364192859
2023-08-27 01:00:00,3447.23950394755,3550.27300327946,3469.25850314414,3448.33482526865,3454.56851595969,3437.38586780357,3460.44936766471,3451.45160489676
2023-08-27 02:00:00,3174.58950277418,3257.84999884665,3220.30500098492,3180.20442800201,3174.39893691765,3147.57917178329,3190.95829362736,3177.30174366303
2023-08-27 03:00:00,3056.46750167327,3081.54900307616,3020.51950285549,3052.79295655351,3050.99862206388,3032.32039773042,3069.03346399128,3051.8958082251
2023-08-27 04:00:00,2990.76950142882,3012.7995023214,2962.15199878078,2978.61684876212,2989.1545919515,2970.05855459518,3014.99015254217,2983.88560926481
2023-08-27 05:00:00,2958.73200096481,3023.2755045637,3052.51449986559,2964.05485740339,2961.4277604332,2953.38267140344,2976.95317479181,2962.74133661393
2023-08-27 06:00:00,3024.45950202923,2684.3255003409,3097.09550037631,3015.41634866192,3014.92112279583,2991.67364494385,3030.64014661552,3015.16874094969
2023-08-27 07:00:00,2733.80150079145,2568.47500065074,3443.8740002038,2732.4733835593,2742.98813148051,2685.78481342968,2755.44252216032,2737.73064667033
2023-08-27 08:00:00,2806.04650149087,3043.41049893526,3872.05250156566,2782.26699800679,2784.0886116668,2814.63501059008,2839.33376049306,2783.17778563281
2023-08-27 09:00:00,3518.50650303654,3696.55300188798,4077.65400033828,3527.68184965185,3523.29482665201,3412.84129008016,3507.17198900879,3525.48838440122
2023-08-27 10:00:00,4075.41249946377,4136.40199957031,4095.96650322096,4060.88667099646,4072.52681468881,4047.63158977216,4078.56440679108,4066.7066201288
2023-08-27 11:00:00,4322.94050191285,4203.11700091604,4033.91550249851,4314.11683361136,4341.19331882,4294.48695720813,4327.38425556987,4327.65479076738
2023-08-27 12:00:00,4338.29800337268,4135.43500003801,4095.3290033791,4345.87783570159,4345.0006011254,4314.73434700174,4341.24715265089,4345.43922766156
2023-08-27 13:00:00,4639.81200132705,4305.12950276397,4440.8240003332,4625.63301275326,4643.27191304718,4635.76177037601,4675.25795417215,4634.45227694572
2023-08-27 14:00:00,4637.79350178619,4437.49050235003,4630.41200199362,4634.88360570968,4630.47612044902,4616.66737089009,4676.57372924635,4632.67990954436
2023-08-27 15:00:00,4084.87300075829,4158.15449999226,4226.74000041885,4098.03664479608,4096.85598273276,4068.76804619443,4112.58460731962,4097.44632621131
2023-08-27 16:00:00,3747.42150181369,3782.78049983922,3912.88799958269,3749.47221860599,3747.58816833672,3732.38272969118,3765.1032292555,3748.53021333357
2023-08-27 17:00:00,3573.38950082648,3715.63600158005,3757.89100159879,3560.21791540269,3565.43326193825,3557.39166388614,3581.85460817681,3562.82553368875
2023-08-27 18:00:00,3716.93050123128,3751.27450018923,3635.64300122496,3727.25197048445,3698.92662673034,3656.75243462289,3693.8455143559,3713.08959722153
2023-08-27 19:00:00,3938.37000114145,4028.33700247819,3577.32350106875,3961.9451275328,3948.87348202317,3934.28869788977,3961.84909301556,3955.40944258313
2023-08-27 20:00:00,4810.58000157261,4803.6940028799,3890.93600242247,4806.82120657123,4823.13240269756,4791.80292836805,4818.51096331647,4814.97663267695
2023-08-27 21:00:00,5826.73749868223,5320.9565022866,4362.49350314727,5830.83752954275,5838.05460844886,5756.31769258776,5876.79492799936,5834.44599291123
2023-08-27 22:00:00,5233.9240019581,5457.94950379978,4949.61250269215,5222.40233397089,5250.23901098525,5199.91123432228,5216.04123569559,5236.3203790156
2023-08-27 23:00:00,4390.20300241071,4571.14750221872,4462.87350037904,4382.62095157568,4378.49776405361,4369.90655240161,4396.3431075983,4380.55940128251
2023-08-28,3771.6405032865,3812.80499906244,3878.02149983821,3780.87366797329,3782.78673129541,3772.87995590499,3778.21031428822,3781.83017946627
2023-08-28 01:00:00,3327.29050187755,3397.92450404319,3469.25850314414,3336.68407309978,3337.03703408291,3306.1332756547,3349.14312088116,3336.86054987033
2023-08-28 02:00:00,3057.24300630915,3148.71050260798,3220.30500098492,3054.29774524725,3036.85390660029,3049.0578607186,3064.18883374351,3045.57600982187
2023-08-28 03:00:00,2933.74850310257,3025.0705038954,3020.51950285549,2921.94472827594,2927.48550791447,2900.01233697049,2964.96135528807,2924.71505968267
2023-08-28 04:00:00,2918.70300771843,2994.02500433777,2962.15199878078,2914.1475899837,2925.51583509549,2918.34771824302,2949.30009243766,2919.8315926922
2023-08-28 05:00:00,2951.87300429109,3067.71149801568,3052.51449986559,2958.23662819805,2948.77539795865,2951.91370063045,2962.20196398891,2953.50611282143
2023-08-28 06:00:00,3252.49650524359,3091.76900229475,3097.09550037631,3265.4702413889,3261.80807190106,3240.89967617412,3264.75302695468,3263.63919525265
2023-08-28 07:00:00,3286.63700230769,3508.67150374467,3443.8740002038,3319.93471606724,3299.69607363498,3231.00585299516,3279.32688550841,3309.81560821285
2023-08-28 08:00:00,3435.34900178364,3868.24000271223,3872.05250156566,3450.43705034812,3444.90321310299,3451.25155358624,3463.50753210505,3447.6701900649
2023-08-28 09:00:00,3990.28800060693,4089.93500117643,4077.65400033828,4008.11874159131,3991.50201833283,3934.49511741002,4035.79542186702,3999.81055514047
2023-08-28 10:00:00,4244.67600085231,4179.94350156852,4095.96650322096,4228.53572939721,4235.56526346934,4217.64814913377,4269.44055246616,4232.05042232585
2023-08-28 11:00:00,4224.44750219199,4183.36300173879,4033.91550249851,4243.11720117724,4206.81950255954,4190.07901388362,4219.82124549129,4224.96873452944
2023-08-28 12:00:00,4330.78150250018,4281.9530013015,4095.3290033791,4327.20690928369,4325.5477436328,4301.64539666375,4362.35573415829,4326.37734394966
2023-08-28 13:00:00,4687.95000006765,4537.85950070084,4440.8240003332,4689.1929752391,4698.88657954614,4667.32209970145,4698.93588357708,4694.03967519978
2023-08-28 14:00:00,4714.14049898821,4727.99400077015,4630.41200199362,4717.36459071322,4699.86827534393,4681.15729924883,4726.55089940415,4708.6166174799
2023-08-28 15:00:00,4259.79499893455,4292.26650282752,4226.74000041885,4256.55158127169,4261.92912918171,4246.71498600101,4271.75442128751,4259.240298535
2023-08-28 16:00:00,3931.43149949168,4068.67900109151,3912.88799958269,3942.06381530491,3924.47938535747,3935.86526678938,3948.10887678052,3933.27178571144
2023-08-28 17:00:00,3791.15850284172,3990.68950289523,3757.89100159879,3788.62953178289,3798.33514092678,3793.32376244943,3795.27828220456,3793.48223403544
2023-08-28 18:00:00,3798.64350125071,3911.65200090094,3635.64300122496,3791.79586585944,3800.19073802833,3785.3893546355,3820.78978161533,3795.99321344266
2023-08-28 19:00:00,4118.66650323512,4276.07100102503,3577.32350106875,4126.46806708603,4130.079142108,4087.04298865496,4117.00037318436,4128.27356652799
2023-08-28 20:00:00,5218.47150360444,5180.72500242095,3890.93600242247,5240.83420990027,5201.02734854393,5133.15062961869,5295.1360180657,5220.93119887779
2023-08-28 21:00:00,6158.70900180796,5529.52000025532,4362.49350314727,6147.19384843218,6134.62705478156,6042.05549131657,6234.11456448071,6140.91058408972
2023-08-28 22:00:00,5340.33899941063,5493.65250209486,4949.61250269215,5375.95660802318,5361.71638534397,5345.23795727163,5377.98397790386,5368.83664680821
2023-08-28 23:00:00,4443.2614999786,4605.84550008271,4462.87350037904,4460.69717726345,4458.78515847305,4431.70264656737,4491.96370041273,4459.74118802532
2023-08-29,3846.27500139654,3974.0605006431,3878.02149983821,3835.51670769229,3843.98945074143,3850.69833102373,3871.34580353866,3839.7529898947
2023-08-29 01:00:00,3452.62850496266,3479.58400138607,3469.25850314414,3472.75167483209,3447.76345387531,3427.81113453519,3493.55824275311,3460.25782778691
2023-08-29 02:00:00,3141.76400204271,3224.16650517471,3220.30500098492,3139.89529109423,3153.41284717518,3098.68811688061,3182.17298967896,3146.65392662864
2023-08-29 03:00:00,2982.88849995716,3026.64450340311,3020.51950285549,2977.15721380143,2997.4729498053,2949.64759564136,3012.44285157219,2987.31486762888
2023-08-29 04:00:00,2969.03700204333,2979.62199939799,2962.15199878078,2962.87813124894,2974.83670914149,2963.91497227986,2978.08939047728,2968.85729412436
2023-08-29 05:00:00,2984.34750583884,3097.94800127589,3052.51449986559,2987.49103896114,2985.99665062891,2989.13463058268,3005.87466718797,2986.74386054931
2023-08-29 06:00:00,3316.02450271742,3119.46250026475,3097.09550037631,3318.00235533357,3315.20061064433,3283.84735426988,3341.57646316027,3316.60151252577
2023-08-29 07:00:00,3378.01050364424,3618.68900130154,3443.8740002038,3366.91314406565,3378.02782969247,3254.52249580157,3388.37494921693,3372.47036970476
2023-08-29 08:00:00,3497.01150154578,4014.44650246436,3872.05250156566,3494.83052057427,3507.27905155518,3423.26235747948,3521.59119661271,3501.05465482864
2023-08-29 09:00:00,3992.54800086946,4140.52750166203,4077.65400033828,3978.38397837869,3997.06109545367,3971.25928611921,4000.75745300038,3987.7223400165
2023-08-29 10:00:00,4170.07050016592,4119.28100655158,4095.96650322096,4144.42257846594,4164.0880024221,4160.34792916082,4191.74206430762,4154.25508312531
2023-08-29 11:00:00,4200.15100081766,4057.63500284182,4033.91550249851,4186.86807665842,4185.13374134912,4163.55577001167,4241.20928332057,4186.00092728765
2023-08-29 12:00:00,4315.82650119532,4194.73650531319,4095.3290033791,4320.8193187644,4316.79685799351,4276.30433692236,4345.25757821002,4318.80813078492
2023-08-29 13:00:00,4615.54349955003,4504.00250181463,4440.8240003332,4626.23866632894,4616.0817091803,4592.72043087014,4664.76286759919,4621.16029483226
2023-08-29 14:00:00,4686.63650142611,4613.98400094779,4630.41200199362,4682.64453295034,4691.77429459141,4655.40581646992,4741.28066895054,4687.20931752223
2023-08-29 15:00:00,4248.85750484699,4291.65250235808,4226.74000041885,4249.57613042566,4252.78762582232,4219.97018380518,4258.12150774299,4251.18184426746
2023-08-29 16:00:00,3875.03400319343,4084.72900088842,3912.88799958269,3862.98232778498,3880.64473697818,3831.73235599045,3892.69804505317,3871.81334617925
2023-08-29 17:00:00,3706.26050197612,3944.50400155748,3757.89100159879,3722.605674771,3714.27216048014,3688.55673686868,3718.96271912385,3718.43900547994
2023-08-29 18:00:00,3640.66400217795,3888.7250029943,3635.64300122496,3643.47663992738,3634.21098871373,3638.14447483761,3645.63817469022,3638.84391200178
2023-08-29 19:00:00,3993.73350330768,4166.51049937564,3577.32350106875,3990.47373032234,3993.84434634408,3970.8691163915,4018.29383642231,3992.15900279918
2023-08-29 20:00:00,5163.27900140255,5002.06400427909,3890.93600242247,5144.44075546579,5169.36846096695,5124.16887445876,5178.07873565812,5156.90434542114
2023-08-29 21:00:00,6155.96649946563,5483.76650129189,4362.49350314727,6150.77803973333,6149.5897194469,6077.63172546507,6159.97482864262,6150.18389211774
2023-08-29 22:00:00,5366.10650104028,5516.21550051367,4949.61250269215,5342.96087824239,5361.66524273901,5334.39920258204,5399.31482642891,5352.31286330377
2023-08-29 23:00:00,4423.53450607066,4583.18400226114,4462.87350037904,4416.99178370832,4428.70646516477,4408.19347955456,4440.66523238716,4422.84900093691
2023-08-30,3818.24000476149,3937.83000165178,3878.02149983821,3823.62400601856,3824.54935937563,3793.78334601876,3810.43090789222,3824.08667294174
2023-08-30 01:00:00,3415.8780028387,3524.4159997399,3469.25850314414,3421.57619018388,3430.92228577052,3397.82983534504,3435.25839016676,3426.2491394479
2023-08-30 02:00:00,3163.17750025121,3284.64199897763,3220.30500098492,3157.09337037077,3150.77568638686,3096.7465721297,3181.62053834535,3153.9345949817
2023-08-30 03:00:00,2993.85700139683,3089.69300293387,3020.51950285549,2997.83535429848,2979.66234394389,2959.29409717472,3009.51295691498,2988.74904070643
2023-08-30 04:00:00,2969.47650038963,3037.19650082325,2962.15199878078,2963.15772614835,2972.22266025229,2967.7813562546,3000.66019979956,2967.69009763511
2023-08-30 05:00:00,3005.57249927812,3120.3994991259,3052.51449986559,3000.99032821456,3005.97790180924,3007.85968688227,3024.71321088418,3003.48406243143
2023-08-30 06:00:00,3349.73950417538,3167.17199901131,3097.09550037631,3343.68984744369,3336.25082683898,3303.79388883328,3354.52453159261,3339.97041556569
2023-08-30 07:00:00,3457.260002314,3586.44450181129,3443.8740002038,3455.52817289078,3460.39655054193,3390.59630803455,3464.16178822065,3457.96231039248
2023-08-30 08:00:00,3502.51450178819,3889.14750203351,3872.05250156566,3500.79552606973,3508.74814578136,3479.3234842115,3533.08226572613,3504.77175208668
2023-08-30 09:00:00,4011.73799943679,4103.82249803317,4077.65400033828,4011.05474615681,4026.96597851857,3987.72291421175,4025.66780547464,4019.01019459678
2023-08-30 10:00:00,4236.30100125767,4117.45250114182,4095.96650322096,4228.03967789142,4228.94837874457,4232.53611929369,4236.28449853385,4228.49401873821
2023-08-30 11:00:00,4258.09600034601,4014.28799769632,4033.91550249851,4258.97172901936,4260.91695330482,4252.50366434023,4287.38950390402,4259.94432065496
2023-08-30 12:00:00,4285.35950399179,4111.64700231131,4095.3290033791,4289.01857370613,4289.78675367709,4269.68084318529,4288.8252383412,4289.40265559323
2023-08-30 13:00:00,4667.95400459511,4453.63600384444,4440.8240003332,4659.86961540018,4681.44754970039,4640.89408300391,4694.99319506241,4670.65835506933
2023-08-30 14:00:00,4758.07300023432,4629.46149996202,4630.41200199362,4752.38909781401,4758.79273871972,4754.89961910441,4800.00533526339,4755.59085075779
2023-08-30 15:00:00,4266.05950033345,4288.95700080122,4226.74000041885,4265.80450660981,4265.0484669906,4259.30365987496,4278.56070472897,4265.4264947706
2023-08-30 16:00:00,3872.55450266146,4109.54250011093,3912.88799958269,3863.70919708788,3863.19296371279,3856.41817540451,3879.53064759663,3863.45108584262
2023-08-30 17:00:00,3745.35800198605,4042.09200018295,3757.89100159879,3756.43225317971,3745.97979396459,3754.30432551083,3773.96702626177,3751.20613376506
2023-08-30 18:00:00,3534.85800390382,3890.35600409959,3635.64300122496,3540.01271908326,3540.61968417598,3519.52241101322,3551.46807366094,3540.31619523082
2023-08-30 19:00:00,3746.18050211133,4128.75250369054,3577.32350106875,3733.01991634565,3746.90541845921,3713.05705547185,3775.21646390252,3739.96252101737
2023-08-30 20:00:00,4845.60249804251,4866.06450009916,3890.93600242247,4842.25893139928,4828.5918618866,4720.15310008927,4848.25272635158,4835.42554072522
2023-08-30 21:00:00,6078.93200318096,5215.71400297561,4362.49350314727,6072.81039498249,6067.96417000452,6020.95908849298,6150.5048303908,6070.38733358384
2023-08-30 22:00:00,5358.22400651628,5440.81550056499,4949.61250269215,5392.08773717206,5361.55784485615,5313.02068662008,5353.87680813326,5376.82311286924
2023-08-30 23:00:00,4417.45350329881,4616.35249849106,4462.87350037904,4431.94371307781,4404.40225943018,4404.44007146334,4431.62655483648,4418.17327660413
2023-08-31,3813.05200118432,3985.94000082661,3878.02149983821,3817.10264408422,3823.59726422065,3784.81886241746,3820.6986641326,3820.34988568423
2023-08-31 01:00:00,3370.16950171452,3533.07100122375,3469.25850314414,3365.19449173925,3370.97150513757,3356.77494040992,3391.80621867435,3368.08293753543
2023-08-31 02:00:00,3133.65050159639,3257.75550389697,3220.30500098492,3149.99569681863,3136.24334348809,3102.73469109061,3149.10492263844,3143.11966513473
2023-08-31 03:00:00,2956.07850085886,3068.56349791156,3020.51950285549,2973.65321985879,2975.23405273195,2938.29827912904,2972.2141538062,2974.44361962976
2023-08-31 04:00:00,2927.84600031993,3005.89000203146,2962.15199878078,2936.62660400957,2937.49388996603,2928.25363452376,2956.94616262452,2937.06023784461
2023-08-31 05:00:00,2977.37399760517,3080.66700125381,3052.51449986559,2971.61610997546,2991.76497548919,2978.83810940083,2986.99383473882,2981.69033031704
2023-08-31 06:00:00,3321.44499615894,3127.032999933,3097.09550037631,3321.79056578498,3309.23188372487,3269.43742396823,3325.84390711544,3315.51135715226
2023-08-31 07:00:00,3454.63750176714,3536.91050184076,3443.8740002038,3452.64379952599,3448.47724010791,3395.21181176868,3455.30019151174,3450.56056374205
2023-08-31 08:00:00,3608.51200122305,3965.535000748,3872.05250156566,3614.83051389873,3609.26317274449,3585.07133202753,3640.48438328556,3612.04690201417
2023-08-31 09:00:00,4060.87050268549,4109.49650311226,4077.65400033828,4057.13813148917,4056.2625591984,4042.53817609478,4069.40461822843,4056.70035457433
2023-08-31 10:00:00,4205.22900234803,4106.71250284731,4095.96650322096,4208.10779220371,4209.02717065614,4197.2075887928,4224.37630325607,4208.56747173756
2023-08-31 11:00:00,4087.83049964585,4050.99200042791,4033.91550249851,4098.85720410829,4078.52550121863,4011.6642186188,4100.60939985154,4088.69156700627
2023-08-31 12:00:00,4093.99450281775,4204.54800402035,4095.3290033791,4085.88267535095,4093.39884415082,4034.35970627223,4106.06579573382,4089.64068051321
2023-08-31 13:00:00,4444.00600215408,4558.02100177261,4440.8240003332,4444.78880544168,4443.9492699418,4407.24747077398,4445.61552251792,4444.36904654237
2023-08-31 14:00:00,4534.81100288295,4610.15600136656,4630.41200199362,4549.31294569313,4529.39242505903,4505.74765611731,4529.75104232063,4539.35289538409
2023-08-31 15:00:00,4082.15950368077,4323.3590012677,4226.74000041885,4080.9170244815,4081.24200126554,4038.01736088626,4084.89539041543,4081.07950944752
2023-08-31 16:00:00,3822.00000170042,4013.83449905342,3912.88799958269,3817.92249632496,3816.34942171766,3822.90796392949,3824.49828312222,3817.13597560513
2023-08-31 17:00:00,3645.93150144257,3982.3855019355,3757.89100159879,3650.01331997857,3655.82117587605,3636.98549285221,3667.57518206629,3652.91718669918
2023-08-31 18:00:00,3522.77750229649,3920.20749899792,3635.64300122496,3545.52237735219,3529.88860502377,3492.17545817287,3548.57598701555,3537.70565600382
2023-08-31 19:00:00,3691.25250184198,4119.91100104165,3577.32350106875,3688.66288070656,3708.05911614724,3693.02811119478,3698.68669481044,3698.36079394606
2023-08-31 20:00:00,4600.69250335975,4719.11000241095,3890.93600242247,4606.51851520269,4592.891289662,4521.29006505044,4608.47925893125,4599.70504609458
2023-08-31 21:00:00,5977.49099993624,5144.51949917001,4362.49350314727,5973.96911625782,5958.74159179798,5907.49206105007,5987.64462077633,5966.35551456096
2023-08-31 22:00:00,5392.3835002468,5334.03500121133,4949.61250269215,5392.00123454167,5372.03157732234,5356.11405747471,5385.16021947274,5382.01661645802
2023-08-31 23:00:00,4514.90000044915,4501.58650224423,4462.87350037904,4520.12007002402,4520.33703847799,4502.26335046752,4517.06550344869,4520.22855196366
2023-09-01,3845.86499831185,3878.02149983821,3878.02149983821,3849.21164305709,3841.97320234253,3848.37385547498,3892.02599217038,3845.59249900959
2023-09-01 01:00:00,3412.31250577362,3469.25850314414,3469.25850314414,3410.19149799248,3415.44357992233,3402.28965177922,3433.88229580187,3412.81748358841
2023-09-01 02:00:00,3149.38350376126,3220.30500098492,3220.30500098492,3154.35459542102,3154.21315182965,3091.27424794403,3188.33232588931,3154.28387511648
2023-09-01 03:00:00,2982.02650354186,3020.51950285549,3020.51950285549,2997.57188006229,2983.01278614563,2959.66395377246,3004.57880073412,2990.29248659022
2023-09-01 04:00:00,2949.49100309331,2962.15199878078,2962.15199878078,2943.98593929302,2966.8811550941,2940.32844841653,2978.18172704197,2955.43330582544
2023-09-01 05:00:00,3005.97700200032,3052.51449986559,3052.51449986559,3008.33181947507,2994.92330098001,3000.8176472719,3029.50411896064,3001.6277015841
2023-09-01 06:00:00,3371.29650195618,3097.09550037631,3097.09550037631,3366.22652418317,3379.60399579905,3340.68401810925,3392.61522314919,3372.91511896186
2023-09-01 07:00:00,3687.40850264044,3443.8740002038,3443.8740002038,3688.64516408187,3700.11946041898,3645.74250733776,3706.61266938428,3694.38219128501
2023-09-01 08:00:00,3726.2585005851,3872.05250156566,3872.05250156566,3744.91347738647,3744.43640380896,3705.90203064654,3731.69206992641,3744.67494562717
2023-09-01 09:00:00,3971.27150291554,4077.65400033828,4077.65400033828,3964.95252698256,3959.5746270024,3944.88635616967,3994.55683881848,3962.26363368789
2023-09-01 10:00:00,4050.71300280868,4095.96650322096,4095.96650322096,4050.87208659504,4042.15257263148,4037.6244854687,4070.3053048236,4046.51242153695
2023-09-01 11:00:00,4015.30550160178,4033.91550249851,4033.91550249851,4015.87802139168,4007.18556656006,3990.17340567277,4024.58887361216,4011.5318856143
2023-09-01 12:00:00,4052.62350502791,4095.3290033791,4095.3290033791,4053.07123294805,4037.46272434563,4031.18600933846,4063.60540199609,4045.26714319634
2023-09-01 13:00:00,4318.40250258066,4440.8240003332,4440.8240003332,4306.93423915014,4315.19945802804,4316.36451358392,4320.20771968529,4311.06676145471
2023-09-01 14:00:00,4586.2760020952,4630.41200199362,4630.41200199362,4584.52255267965,4584.64475281033,4570.79824591957,4615.42127758276,4584.58365145672
2023-09-01 15:00:00,4242.92049963976,4226.74000041885,4226.74000041885,4233.86408197487,4257.4879117676,4221.57663633728,4274.67706358327,4245.67574782185
2023-09-01 16:00:00,3933.51549984678,3912.88799958269,3912.88799958269,3919.55377755375,3935.23456345045,3924.50184719495,3949.92835286735,3927.39400519062
2023-09-01 17:00:00,3790.59950257675,3757.89100159879,3757.89100159879,3766.43582535733,3794.57598703281,3803.76676568206,3806.59442390328,3780.50560953318
2023-09-01 18:00:00,3726.70449933439,3635.64300122496,3635.64300122496,3736.47946551422,3714.72925618973,3720.91797852806,3734.61222507483,3725.6045901491
2023-09-01 19:00:00,3792.43700075115,3577.32350106875,3577.32350106875,3805.69071017187,3806.20590479047,3787.83477898257,3801.26391849564,3805.94830204984
2023-09-01 20:00:00,4507.97199967143,3890.93600242247,3890.93600242247,4484.47493582824,4506.75349320503,4484.85651960164,4508.62821586153,4495.61397964951
2023-09-01 21:00:00,5597.59749803261,4362.49350314727,4362.49350314727,5603.85745652837,5628.18133469577,5522.01503190421,5650.24027465455,5616.01913918257
2023-09-01 22:00:00,5123.58000175538,4949.61250269215,4949.61250269215,5137.02258104623,5140.21105912652,5130.84009250024,5171.1685336202,5138.61678647249
2023-09-01 23:00:00,4491.28900095704,4462.87350037904,4462.87350037904,4491.31501544677,4472.05778636688,4468.99169848785,4530.69308792022,4481.68660392222
2023-09-02,3988.68850380182,4023.42650119867,3878.02149983821,3993.55092539939,3984.74934004364,3966.11061708867,4015.52346227834,3989.15022551043
2023-09-02 01:00:00,3519.64900208917,3609.41050378873,3469.25850314414,3534.16001458359,3514.25183488296,3479.48612367241,3520.64733035302,3524.20613461118
2023-09-02 02:00:00,3233.40000480914,3294.22500246519,3220.30500098492,3231.95526111805,3241.11919547445,3187.09768169055,3254.84229645172,3236.53713168735
2023-09-02 03:00:00,3033.8620049929,3084.05800014839,3020.51950285549,3029.58187339159,3030.26142342109,3024.4823760917,3039.79011051418,3029.92164124233
2023-09-02 04:00:00,2965.8345005014,3024.46650301048,2962.15199878078,2960.51202276113,2972.51189390061,2962.64001545353,2989.59662783511,2966.51183182469
2023-09-02 05:00:00,2981.73750022426,3007.75600211474,3052.51449986559,2976.35534556772,2993.98345098095,2983.7897842328,3004.56733538276,2985.16921243364
2023-09-02 06:00:00,3031.87800129736,2710.46800186485,3097.09550037631,3002.15790422765,3035.92986484836,2980.04327415388,3043.82367695375,3019.04352850403
2023-09-02 07:00:00,2900.88149964064,2681.48850309057,3443.8740002038,2899.12842324662,2861.50567126751,2888.23115235699,2969.99763664164,2880.31744388722
2023-09-02 08:00:00,3176.95800260978,3248.19900084962,3872.05250156566,3163.02001741007,3178.429126523,3097.11882890441,3184.15288829321,3170.72440951916
2023-09-02 09:00:00,4207.06200263312,3972.53850250947,4077.65400033828,4185.44419688458,4208.56145702174,4074.31033643289,4257.28485608145,4197.00258324418
2023-09-02 10:00:00,5016.58600388071,4358.50400316529,4095.96650322096,4948.13685735255,5002.55194366148,4875.10326848526,5029.57075485503,4975.34382684711
2023-09-02 11:00:00,5215.46600187174,4338.97150042292,4033.91550249851,5257.77516223888,5266.27392873021,5159.6392023805,5228.99820574572,5262.02445588804
2023-09-02 12:00:00,5244.47450194368,4259.3395031034,4095.3290033791,5322.24377298569,5296.87377447818,5202.17347499567,5256.51273631585,5309.55904118995
2023-09-02 13:00:00,5583.84649850283,4322.5750025938,4440.8240003332,5558.66247788443,5542.00310674205,5453.78261498728,5615.31189463227,5550.33296794125
2023-09-02 14:00:00,5423.58400097757,4387.26800414361,4630.41200199362,5403.46253342421,5420.62685405539,5352.65131435018,5463.70680794499,5412.04451278846
2023-09-02 15:00:00,4592.82750322501,3973.49150129128,4226.74000041885,4590.88060775004,4587.23004937661,4566.41853850435,4623.11014496623,4589.05536704859
2023-09-02 16:00:00,4140.77750262525,3647.46549946209,3912.88799958269,4150.0666570894,4119.9822207165,4108.40479300678,4160.24474760336,4135.02475606196
2023-09-02 17:00:00,4017.38500237861,3497.72500005004,3757.89100159879,4011.14016267354,4009.95783997568,4002.0514127047,4044.39730067476,4010.54901378901
2023-09-02 18:00:00,4016.44050247531,3426.77900193352,3635.64300122496,4026.57845879874,3992.12269667466,3979.62114777478,4046.08745392592,4009.35094097951
2023-09-02 19:00:00,4073.19400284381,3477.07250109385,3577.32350106875,4088.3797791293,4089.72614798921,4065.05540042628,4108.02466430996,4089.05294936544
2023-09-02 20:00:00,4767.45400141459,3745.54350259621,3890.93600242247,4752.31140570997,4786.33026910341,4714.83870888242,4805.13610183948,4769.32047876979
2023-09-02 21:00:00,5769.60450074926,4258.97400144592,4362.49350314727,5782.76420769976,5771.00730006996,5726.03456538032,5790.92425385832,5776.88587782965
2023-09-02 22:00:00,5244.26600207086,4842.84700175363,4949.61250269215,5276.97466264876,5262.21669491841,5239.51288896993,5256.79352528609,5269.59583436644
2023-09-02 23:00:00,4546.13350310759,4521.1220019001,4462.87350037904,4546.28184686646,4525.1602945224,4517.70755475608,4567.40741889272,4535.72129336407
2023-09-03,3966.59200214432,3996.57750128047,3878.02149983821,3954.5787847599,3967.45771176657,3952.08040903282,3997.34706929443,3961.01811248978
2023-09-03 01:00:00,3496.22149939812,3550.27300327946,3469.25850314414,3501.53894689723,3501.91322141931,3479.18408500827,3513.22614850083,3501.72608021256
2023-09-03 02:00:00,3192.45600194519,3257.84999884665,3220.30500098492,3194.05458502482,3194.87234532404,3166.08505289696,3202.20771334835,3194.46345655336
2023-09-03 03:00:00,3004.80400354881,3081.54900307616,3020.51950285549,3001.93726832997,3003.00845497894,3001.99733464827,3002.9626177973,3002.47285036169
2023-09-03 04:00:00,2932.41150103579,3012.7995023214,2962.15199878078,2930.41873404078,2934.99524228099,2923.68415447926,2948.68537933107,2932.70693991398
2023-09-03 05:00:00,2915.50350227021,3023.2755045637,3052.51449986559,2920.32611042947,2916.87529711683,2906.33679986695,2911.98323722611,2918.60074015264
2023-09-03 06:00:00,2984.83050269482,2684.3255003409,3097.09550037631,2988.94953266786,2992.33585454917,2980.12856370615,2990.53510121363,2990.64265790891
2023-09-03 07:00:00,2861.10850378254,2568.47500065074,3443.8740002038,2872.00743164317,2853.96608473492,2858.53708245873,2903.38680899823,2862.98694838625
2023-09-03 08:00:00,3018.99350312963,3043.41049893526,3872.05250156566,3022.28892586111,3045.66812942016,2994.60617576863,3027.28532409777,3033.97828117017
2023-09-03 09:00:00,3936.39400434168,3696.55300188798,4077.65400033828,3914.78052981679,3961.9851489775,3808.83553668388,3936.16939200636,3938.38234175211
2023-09-03 10:00:00,4621.0275026806,4136.40199957031,4095.96650322096,4647.65328597265,4614.34277579425,4518.43158781268,4677.03768397456,4630.99838205268
2023-09-03 11:00:00,4791.21849984571,4203.11700091604,4033.91550249851,4795.29362547112,4812.56709209408,4674.39732534608,4838.70307751283,4803.93017668061
2023-09-03 12:00:00,4797.85150142806,4135.43500003801,4095.3290033791,4817.83120887251,4792.58916581603,4652.23180207356,4811.48383822886,4805.21045345334
2023-09-03 13:00:00,4919.66150172782,4305.12950276397,4440.8240003332,4889.88045209446,4901.63023383343,4751.91614410266,4920.66838634416,4895.75521909428
2023-09-03 14:00:00,4998.51349973981,4437.49050235003,4630.41200199362,4973.0464054167,5015.01696374262,4928.2733055063,5034.17368694905,4994.03124211365
2023-09-03 15:00:00,4448.08200024441,4158.15449999226,4226.74000041885,4435.44053748652,4434.15096080888,4446.21349056648,4463.21917744393,4434.7957627428
2023-09-03 16:00:00,3881.24300048553,3782.78049983922,3912.88799958269,3894.65777717572,3898.3984463048,3889.73223261281,3920.56550201875,3896.52807230502
2023-09-03 17:00:00,3716.34250374604,3715.63600158005,3757.89100159879,3717.5368321003,3691.5347036636,3642.75977141487,3713.90014734439,3704.53604200407
2023-09-03 18:00:00,3654.12300053955,3751.27450018923,3635.64300122496,3648.7100972693,3677.23709335077,3603.67604365451,3654.41601709286,3662.97329457002
2023-09-03 19:00:00,3935.39850325324,4028.33700247819,3577.32350106875,3931.1860297957,3921.26866555652,3906.82307907074,3959.66150121607,3926.22745222789
2023-09-03 20:00:00,5270.49050511396,4803.6940028799,3890.93600242247,5317.52957008937,5280.236983955,5174.76068725055,5322.32324733171,5298.88367017164
2023-09-03 21:00:00,6405.192500834,5320.9565022866,4362.49350314727,6404.00510501497,6402.60257020898,6241.27203061931,6485.62271636051,6403.30385239791
2023-09-03 22:00:00,5485.71750028001,5457.94950379978,4949.61250269215,5492.51721986221,5469.99033608619,5454.37568503894,5637.70219196196,5481.25401545926
2023-09-03 23:00:00,4488.26250199799,4571.14750221872,4462.87350037904,4477.92669447596,4501.63637571418,4473.46146803161,4531.69584700698,4489.78128514061
2023-09-04,3760.62650063273,3812.80499906244,3878.02149983821,3756.09262365327,3742.61516423052,3748.77523376102,3782.93107405749,3749.35403602525
2023-09-04 01:00:00,3325.46150287869,3397.92450404319,3469.25850314414,3318.81350558544,3332.84394842331,3273.51328710246,3356.62764134971,3325.82857909131
2023-09-04 02:00:00,3069.26650061458,3148.71050260798,3220.30500098492,3072.12903460864,3058.03293510535,3046.16501541862,3060.81148596318,3065.08113346224
2023-09-04 03:00:00,2934.64950368972,3025.0705038954,3020.51950285549,2934.04663655914,2946.04371262723,2923.50286234785,2951.09713934511,2940.04504811647
2023-09-04 04:00:00,2934.82050457585,2994.02500433777,2962.15199878078,2924.16696529099,2942.95797312912,2925.8633281265,2950.08238400205,2933.5622711097
2023-09-04 05:00:00,3000.54400419362,3067.71149801568,3052.51449986559,3010.01397944799,3007.35757114735,3006.25607940236,3015.57409235097,3008.68580330231
2023-09-04 06:00:00,3443.71750178782,3091.76900229475,3097.09550037631,3447.91980073001,3412.29112234068,3374.06648828348,3463.77847167072,3430.10583714339
2023-09-04 07:00:00,3921.69550305267,3508.67150374467,3443.8740002038,3941.1021188956,3946.58387500444,3842.40935552714,3962.00404600832,3943.84293915973
2023-09-04 08:00:00,3903.53650295222,3868.24000271223,3872.05250156566,3901.54680306039,3918.10915975827,3823.52796386506,3968.88098262014,3909.82780680407
2023-09-04 09:00:00,4165.22200401791,4089.93500117643,4077.65400033828,4159.95620072957,4172.72840691954,4132.37662821772,4197.47584678744,4166.34216917618
2023-09-04 10:00:00,4214.89600004564,4179.94350156852,4095.96650322096,4217.30494251324,4221.98337917752,4202.79649888305,4213.34550324779,4219.64411152392
2023-09-04 11:00:00,4121.58250002423,4183.36300173879,4033.91550249851,4134.65802630102,4115.31593560082,4067.06454141567,4155.60818855792,4124.98718486095
2023-09-04 12:00:00,4227.74300232332,4281.9530013015,4095.3290033791,4223.82488949753,4173.30958250647,4179.63210463481,4256.2047625897,4198.56776854928
2023-09-04 13:00:00,4614.81650372309,4537.85950070084,4440.8240003332,4623.54262209572,4610.44026607148,4556.18076215576,4643.42250566526,4616.9915822125
2023-09-04 14:00:00,4789.52050018229,4727.99400077015,4630.41200199362,4780.06544939262,4761.64426796578,4720.79249021062,4796.76935930553,4770.85505288074
2023-09-04 15:00:00,4423.59850389289,4292.26650282752,4226.74000041885,4429.06271352178,4412.07213421184,4411.4661325923,4453.46759976591,4420.56760298651
2023-09-04 16:00:00,4139.58550046192,4068.67900109151,3912.88799958269,4125.48937129555,4142.27078237263,4139.50577374477,4149.97512921486,4133.8798999195
2023-09-04 17:00:00,4060.13200144796,3990.68950289523,3757.89100159879,4065.64174790782,4067.06066180885,4032.19362798222,4062.39229810031,4066.35118989973
2023-09-04 18:00:00,4023.42250096559,3911.65200090094,3635.64300122496,4028.31330006233,4018.91101246779,4012.27654930365,4048.36912245065,4023.61225538675
2023-09-04 19:00:00,4508.2715003019,4276.07100102503,3577.32350106875,4549.83880678436,4520.41034108335,4477.54702240755,4585.73381180646,4535.12488417743
2023-09-04 20:00:00,6112.83750642289,5180.72500242095,3890.93600242247,6081.27205349529,6059.09793193955,5895.50779092999,6142.54323631423,6070.18522648356
2023-09-04 21:00:00,6621.18499804602,5529.52000025532,4362.49350314727,6634.98261043344,6638.32139391822,6527.02190987011,6626.70015123046,6636.65196697739
2023-09-04 22:00:00,5566.27100114129,5493.65250209486,4949.61250269215,5598.42370820527,5573.82729192352,5567.28112455472,5666.36149076628,5586.12575936708
2023-09-04 23:00:00,4524.60249984113,4605.84550008271,4462.87350037904,4527.57520294709,4524.97900587448,4512.52204448182,4565.90457951293,4526.27713178066
2023-09-05,3879.75100161298,3974.0605006431,3878.02149983821,3877.087867816,3870.19377243654,3859.28864499485,3892.95055898868,3873.64089280586
2023-09-05 01:00:00,3455.61700404296,3479.58400138607,3469.25850314414,3478.49656853831,3466.75689859652,3440.33504302787,3499.58557016752,3472.62685733048
2023-09-05 02:00:00,3207.91400219162,3224.16650517471,3220.30500098492,3219.43565461068,3215.54830881928,3187.81225737672,3240.33394143052,3217.49202269653
2023-09-05 03:00:00,3032.71450375195,3026.64450340311,3020.51950285549,3026.61834853826,3030.67484118218,3024.64972956061,3065.11270157498,3028.64655209548
2023-09-05 04:00:00,3031.61100364628,2979.62199939799,2962.15199878078,3024.20553014945,3019.75414186351,3019.44014927873,3068.31330670241,3021.97988293433
2023-09-05 05:00:00,3111.7430035366,3097.94800127589,3052.51449986559,3118.9695745858,3115.2657170584,3098.4309474631,3142.51166159813,3117.11768486926
2023-09-05 06:00:00,3537.51500325289,3119.46250026475,3097.09550037631,3536.59281046888,3525.29184373528,3457.51923587041,3550.83798060015,3530.94244624021
2023-09-05 07:00:00,3978.82250404684,3618.68900130154,3443.8740002038,3977.10660252573,3990.71012717719,3935.90656636622,4012.58274968569,3983.90822143909
2023-09-05 08:00:00,3902.33200271649,4014.44650246436,3872.05250156566,3895.87788613637,3905.27676702765,3872.213745627,3922.60427528477,3900.57722749623
2023-09-05 09:00:00,4165.95350130356,4140.52750166203,4077.65400033828,4155.04431892285,4172.79607388701,4161.53073127726,4183.64491249696,4163.92000926069
2023-09-05 10:00:00,4187.08600343706,4119.28100655158,4095.96650322096,4185.95643629101,4170.33688541638,4161.04645621483,4194.82204805523,4178.14682551961
2023-09-05 11:00:00,4106.86850023607,4057.63500284182,4033.91550249851,4119.15056969334,4112.67483776893,4096.74655963364,4133.63428405797,4115.91277200021
2023-09-05 12:00:00,4187.76649907121,4194.73650531319,4095.3290033791,4179.31219507413,4186.9745539664,4156.38125027967,4217.15734528686,4183.14329374142
2023-09-05 13:00:00,4543.25849962037,4504.00250181463,4440.8240003332,4536.50701383986,4543.98899943665,4529.14184189322,4569.57760706095,4540.24792776095
2023-09-05 14:00:00,4669.35000124259,4613.98400094779,4630.41200199362,4651.97688586498,4681.0590647098,4669.09880920925,4704.81573337506,4666.51766869447
2023-09-05 15:00:00,4396.40050147491,4291.65250235808,4226.74000041885,4402.82551733932,4396.11665723743,4379.28721534594,4430.89952194531,4399.47115801516
2023-09-05 16:00:00,4184.72649838252,4084.72900088842,3912.88799958269,4182.23640282224,4177.2565507863,4158.26495106916,4190.68659043011,4179.74652930334
2023-09-05 17:00:00,4032.45200290222,3944.50400155748,3757.89100159879,4048.47534297228,4033.35539393327,4020.4601199704,4040.27135524448,4040.91552785174
2023-09-05 18:00:00,3900.00400166539,3888.7250029943,3635.64300122496,3906.82984812384,3905.12775723678,3894.02021133994,3919.44743244081,3905.97882062426
2023-09-05 19:00:00,4085.96200397646,4166.51049937564,3577.32350106875,4098.15329006387,4097.77056145828,4054.90079168098,4151.8044415869,4097.96192979592
2023-09-05 20:00:00,5438.61599982588,5002.06400427909,3890.93600242247,5423.36133710431,5430.28353389524,5156.87402165298,5465.95344791384,5426.82236252394
2023-09-05 21:00:00,6528.33249779872,5483.76650129189,4362.49350314727,6572.96510590417,6544.35830182331,6390.6685077418,6621.39923227482,6558.66200544511
2023-09-05 22:00:00,5683.33600104693,5516.21550051367,4949.61250269215,5679.6099309852,5669.27002845145,5648.2626952766,5799.56409299792,5674.44008872463
2023-09-05 23:00:00,4653.2690019384,4583.18400226114,4462.87350037904,4635.04371013632,4647.80068322766,4623.47618074458,4701.55422220004,4641.42206219421
2023-09-06,3996.19200015115,3937.83000165178,3878.02149983821,3984.09398081723,4003.56728975458,3974.67016719452,4032.1513183192,3993.83042999253
2023-09-06 01:00:00,3534.40250021813,3524.4159997399,3469.25850314414,3538.04156183262,3529.42057887443,3514.14455954736,3532.75872564191,3533.73116123847
2023-09-06 02:00:00,3304.50650054694,3284.64199897763,3220.30500098492,3293.3953514127,3290.56126244473,3279.59280718389,3304.86879229969,3291.97833680652
2023-09-06 03:00:00,3129.01049976714,3089.69300293387,3020.51950285549,3122.0978576015,3119.51248500659,3105.8264199039,3138.45514310471,3120.80519855981
2023-09-06 04:00:00,3072.03200248897,3037.19650082325,2962.15199878078,3072.03446155282,3070.10815907902,3054.49044268096,3069.18571399375,3071.07133062357
2023-09-06 05:00:00,3131.90350343683,3120.3994991259,3052.51449986559,3130.36759438718,3121.09013856725,3118.53652520079,3140.44979229864,3125.7289642829
2023-09-06 06:00:00,3603.71900010831,3167.17199901131,3097.09550037631,3604.73153634693,3598.71200714885,3521.68190170878,3627.26668124765,3601.72183520754
2023-09-06 07:00:00,4094.11450150819,3586.44450181129,3443.8740002038,4097.17087293413,4096.24246952314,4054.33223429798,4147.31574959923,4096.70668101614
2023-09-06 08:00:00,4083.43599891558,3889.14750203351,3872.05250156566,4087.70424386666,4099.19755546371,4056.75399095948,4110.18834032094,4093.4507784993
2023-09-06 09:00:00,4145.04400234134,4103.82249803317,4077.65400033828,4143.43138066766,4163.6232882669,4151.45197890371,4174.44430228001,4153.52712159823
2023-09-06 10:00:00,4126.52950165101,4117.45250114182,4095.96650322096,4121.55174449652,4125.30697925815,4124.29970305682,4127.52306526595,4123.42932228854
2023-09-06 11:00:00,4074.54100124899,4014.28799769632,4033.91550249851,4062.66764071839,4075.74860212654,4074.67957244478,4097.66893152073,4069.20798351911
2023-09-06 12:00:00,4134.97250074695,4111.64700231131,4095.3290033791,4131.70930521076,4133.87087649833,4112.07856886919,4140.939397806,4132.79006806662
2023-09-06 13:00:00,4546.01550217072,4453.63600384444,4440.8240003332,4535.32128725435,4542.64118870677,4540.8649428903,4555.62449962827,4538.981160812
2023-09-06 14:00:00,4745.21450170642,4629.46149996202,4630.41200199362,4737.39832214279,4748.13734686064,4734.41131027468,4762.22568092581,4742.76772128775
2023-09-06 15:00:00,4505.12649679021,4288.95700080122,4226.74000041885,4492.76715981493,4507.00713713597,4490.90975732207,4541.39774371216,4499.88699835341
2023-09-06 16:00:00,4262.07000113284,4109.54250011093,3912.88799958269,4266.23824238212,4275.73329330394,4249.33675080359,4292.92238090137,4270.9856677434
2023-09-06 17:00:00,4179.32950149185,4042.09200018295,3757.89100159879,4179.99279664722,4207.10041419301,4179.70387055714,4169.75214616732,4193.54631964361
2023-09-06 18:00:00,3957.8240009633,3890.35600409959,3635.64300122496,3958.20969045089,3957.13159818754,3961.75839163597,3983.59777107875,3957.67065568478
2023-09-06 19:00:00,4168.17800230382,4128.75250369054,3577.32350106875,4184.66871860314,4183.24186228239,4191.92200113761,4170.05047227631,4183.9553054851
2023-09-06 20:00:00,5586.41449946677,4866.06450009916,3890.93600242247,5607.12326666642,5619.54483358729,5530.44891694755,5654.53729331978,5613.33391917503
2023-09-06 21:00:00,6600.24700055167,5215.71400297561,4362.49350314727,6626.14036883702,6622.53614002454,6503.53148167444,6682.6006951077,6624.33829242762
2023-09-06 22:00:00,5674.44299939997,5440.81550056499,4949.61250269215,5670.09038118363,5690.1872232406,5655.64847184195,5819.18548197696,5680.13859034527
2023-09-06 23:00:00,4655.60650462343,4616.35249849106,4462.87350037904,4658.36882137797,4649.63649052247,4626.95275929569,4686.49631848127,4654.00274800903
2023-09-07,3969.77150294196,3985.94000082661,3878.02149983821,3975.96453070217,3951.7939031203,3950.94581655809,3995.86404036473,3963.87947172513
2023-09-07 01:00:00,3569.78800294874,3533.07100122375,3469.25850314414,3573.46015685107,3573.71802779832,3553.31834741231,3611.21933518012,3573.58908960615
2023-09-07 02:00:00,3287.82000090182,3257.75550389697,3220.30500098492,3284.83307963406,3291.19855685121,3277.20341428746,3304.14689775556,3288.0157511359
2023-09-07 03:00:00,3139.35350365611,3068.56349791156,3020.51950285549,3156.76419461151,3129.24112809927,3097.1513296348,3154.63444635786,3143.00295151168
2023-09-07 04:00:00,3108.70300124341,3005.89000203146,2962.15199878078,3108.90047068167,3111.52633705446,3082.74860230926,3111.98943198424,3110.21337618541
2023-09-07 05:00:00,3168.29900116194,3080.66700125381,3052.51449986559,3171.24164429087,3194.41520481592,3158.12131160394,3189.61917560194,3182.82818025088
2023-09-07 06:00:00,3636.30600486312,3127.032999933,3097.09550037631,3620.88861280617,3625.29837021775,3551.70184628415,3636.3541071425,3623.09344502299
2023-09-07 07:00:00,4231.88649993215,3536.91050184076,3443.8740002038,4236.22082916015,4217.36653338653,4207.75862345937,4236.3329906841,4226.79388004089
2023-09-07 08:00:00,4224.37100039714,3965.535000748,3872.05250156566,4227.38294886918,4216.21612720425,4230.46946758015,4241.43989369262,4221.79965576065
2023-09-07 09:00:00,4198.98349988251,4109.49650311226,4077.65400033828,4203.31626657538,4211.53327300911,4187.66157207975,4215.84211167476,4207.42468316614
2023-09-07 10:00:00,4213.83550307323,4106.71250284731,4095.96650322096,4221.07429647304,4199.89094022511,4199.29805236155,4229.53334819288,4210.48284167027
2023-09-07 11:00:00,4138.92400225648,4050.99200042791,4033.91550249851,4133.46610813176,4148.34051698,4137.91870299411,4139.41100617298,4140.90315574547
2023-09-07 12:00:00,4270.92900160694,4204.54800402035,4095.3290033791,4272.81774205657,4271.0576845384,4239.91081686183,4246.56510398802,4271.93773185253
2023-09-07 13:00:00,4680.42550177709,4558.02100177261,4440.8240003332,4670.39077341641,4686.86737178875,4645.90355733515,4698.89106170939,4678.62889890142
2023-09-07 14:00:00,4763.33850107924,4610.15600136656,4630.41200199362,4749.10698679377,4761.7441932674,4741.31684981876,4773.40895845174,4755.42545680542
2023-09-07 15:00:00,4467.19500109897,4323.3590012677,4226.74000041885,4451.4057498985,4452.11690518065,4452.24006475712,4519.99641255183,4451.76132004237
2023-09-07 16:00:00,4284.51250144653,4013.83449905342,3912.88799958269,4264.87095412371,4293.17627862396,4278.16483624786,4312.35195371733,4279.02331797075
2023-09-07 17:00:00,4233.58500419336,3982.3855019355,3757.89100159879,4227.19011347602,4239.5953616723,4214.66397853593,4296.08898565181,4233.39260679437
2023-09-07 18:00:00,4097.85250073887,3920.20749899792,3635.64300122496,4119.31597508145,4106.03054465662,4101.39179437223,4134.31255194346,4112.67339992797
2023-09-07 19:00:00,4343.15100118227,4119.91100104165,3577.32350106875,4339.66999338761,4326.31114270441,4312.88674615467,4351.37977947153,4332.99070887896
2023-09-07 20:00:00,5531.54999988712,4719.11000241095,3890.93600242247,5511.1531567174,5498.06991965758,5450.38151143949,5583.29882270152,5504.61167611484
2023-09-07 21:00:00,6302.27800042927,5144.51949917001,4362.49350314727,6337.33617146722,6332.80466391217,6278.27857315073,6427.4142019671,6335.07046546218
2023-09-07 22:00:00,5554.54899779044,5334.03500121133,4949.61250269215,5542.16024018016,5565.39096913094,5544.40357010982,5689.27546971566,5553.77535975035
2023-09-07 23:00:00,4603.08500215854,4501.58650224423,4462.87350037904,4603.35461686997,4597.98930784996,4592.35682946585,4619.12531776215,4600.67201892264
2023-09-08,3982.40050466603,3878.02149983821,3878.02149983821,3983.51460292044,3972.68392039161,3945.11967467675,4002.79973367529,3978.09937583628
2023-09-08 01:00:00,3597.82949981932,3469.25850314414,3469.25850314414,3598.0944449842,3597.31849807148,3593.8439416327,3614.04868982175,3597.70647970811
2023-09-08 02:00:00,3321.47850480955,3220.30500098492,3220.30500098492,3319.36568273851,3312.28283795643,3311.44875767422,3324.11839203138,3315.82433501691
2023-09-08 03:00:00,3174.03200228233,3020.51950285549,3020.51950285549,3191.70213381183,3186.18872963363,3153.71970691639,3184.63894113569,3188.94548984667
2023-09-08 04:00:00,3117.69100058591,2962.15199878078,2962.15199878078,3123.6359166373,3103.50437404571,3106.5820514234,3134.40385931186,3113.57035757417
2023-09-08 05:00:00,3209.58300096821,3052.51449986559,3052.51449986559,3210.76405442761,3211.55072349514,3207.41123367112,3223.00799904498,3211.15738066807
2023-09-08 06:00:00,3726.77100372838,3097.09550037631,3097.09550037631,3720.77830707863,3717.2354230432,3641.27626552461,3724.00377041603,3719.00690241105
2023-09-08 07:00:00,4417.52350177185,3443.8740002038,3443.8740002038,4420.64040335654,4396.76249091395,4317.95822584809,4444.27992688847,4408.70169886325
2023-09-08 08:00:00,4255.23300050263,3872.05250156566,3872.05250156566,4263.65606037857,4263.50681411263,4246.79600550738,4299.92644803487,4263.581438819
2023-09-08 09:00:00,4182.96350228391,4077.65400033828,4077.65400033828,4193.85361334163,4188.4925352377,4174.20538827602,4217.15332254045,4191.17313080773
2023-09-08 10:00:00,4176.71800333826,4095.96650322096,4095.96650322096,4178.09975337305,4178.26878615369,4122.51396633035,4196.97537929533,4178.18426798138
2023-09-08 11:00:00,4174.88149820501,4033.91550249851,4033.91550249851,4184.81855375456,4186.43141011726,4146.14094175466,4194.31789593289,4185.6249649327
2023-09-08 12:00:00,4319.1350035764,4095.3290033791,4095.3290033791,4324.85234263938,4317.55459451579,4287.19729104615,4356.03526144469,4321.2035455126
2023-09-08 13:00:00,4640.08800225548,4440.8240003332,4440.8240003332,4649.27972970203,4621.7256452178,4608.02210363639,4660.43539717243,4635.50297794321
2023-09-08 14:00:00,4785.93300251185,4630.41200199362,4630.41200199362,4784.82659888834,4783.05788587143,4775.85922537095,4806.42423471607,4783.94226102618
2023-09-08 15:00:00,4517.75400112144,4226.74000041885,4226.74000041885,4536.68458110354,4505.97545425724,4488.07476417148,4508.67552399233,4521.33034142507
2023-09-08 16:00:00,4259.27550300956,3912.88799958269,3912.88799958269,4248.48204791816,4233.34771742581,4239.14648512729,4289.23845895314,4240.91504222257
2023-09-08 17:00:00,4152.00150388165,3757.89100159879,3757.89100159879,4153.95038355502,4126.64121178512,4122.10107562014,4177.58330863128,4140.29608557142
2023-09-08 18:00:00,3998.36100121896,3635.64300122496,3635.64300122496,3998.79549541087,4003.37252278949,3981.83495716465,3993.58148014181,4001.08396084781
2023-09-08 19:00:00,3996.18550317083,3577.32350106875,3577.32350106875,3989.0340937989,3998.15171876122,3981.36019453763,4005.94344538428,3993.59281015937
2023-09-08 20:00:00,4630.71750265092,3890.93600242247,3890.93600242247,4658.00981550786,4643.35163794261,4516.32876504513,4687.7124099996,4650.68088125607
2023-09-08 21:00:00,5602.88999971212,4362.49350314727,4362.49350314727,5627.27565683307,5592.89313946587,5623.36257010033,5664.35665831282,5610.08476062012
2023-09-08 22:00:00,5222.31050284905,4949.61250269215,4949.61250269215,5197.74828782253,5202.00476521205,5198.70609993006,5239.88773306627,5199.87648164425
2023-09-08 23:00:00,4661.25050059927,4462.87350037904,4462.87350037904,4664.97271537262,4656.48947203715,4623.55115550307,4664.96310471538,4660.73118313774
2023-09-09,4160.90300207259,4023.42650119867,3878.02149983821,4165.83248335726,4170.26925831808,4130.24461299312,4192.61383019698,4168.05082406388
2023-09-09 01:00:00,3720.6695006442,3609.41050378873,3469.25850314414,3724.27762295779,3714.63712384745,3703.33638024477,3737.52753403331,3719.45747503561
2023-09-09 02:00:00,3414.52299963951,3294.22500246519,3220.30500098492,3406.24037817317,3420.09289743197,3388.39434343144,3441.73670518486,3413.16649176523
2023-09-09 03:00:00,3248.57899969956,3084.05800014839,3020.51950285549,3250.02926239975,3246.66466373101,3201.11732933319,3251.05948462993,3248.34699853597
2023-09-09 04:00:00,3154.2450019971,3024.46650301048,2962.15199878078,3142.10573046155,3159.94155060579,3139.71587764576,3173.22114809512,3151.02345250319
2023-09-09 05:00:00,3134.64150172041,3007.75600211474,3052.51449986559,3139.82980135999,3132.67602647846,3130.29210565243,3140.26405075099,3136.25298933643
2023-09-09 06:00:00,3212.78700443776,2710.46800186485,3097.09550037631,3194.47468099823,3208.53743009562,3130.8207134817,3235.79000815004,3201.50590729327
2023-09-09 07:00:00,3247.051000598,2681.48850309057,3443.8740002038,3266.56613885595,3282.67281134888,3110.90601656381,3453.10892358861,3274.61930530112
2023-09-09 08:00:00,3473.39800347725,3248.19900084962,3872.05250156566,3518.35546846533,3475.76391669814,3377.03866944065,3538.86379269434,3497.06014159445
2023-09-09 09:00:00,4225.80950138363,3972.53850250947,4077.65400033828,4220.61577213358,4229.96103221557,4170.48009936149,4235.82789133555,4225.28830365409
2023-09-09 10:00:00,4557.89050142257,4358.50400316529,4095.96650322096,4547.35784588934,4544.71290844058,4472.27108346857,4585.34889393802,4546.03540504867
2023-09-09 11:00:00,4514.03000110027,4338.97150042292,4033.91550249851,4518.67594633371,4520.84586930283,4485.57956766657,4531.65694273342,4519.7608849423
2023-09-09 12:00:00,4393.71100254235,4259.3395031034,4095.3290033791,4379.96824251433,4399.09079542403,4375.29547203441,4414.18958471589,4389.52931737358
2023-09-09 13:00:00,4529.47199666809,4322.5750025938,4440.8240003332,4535.4017964196,4544.75192477487,4540.4101623664,4567.76033112197,4540.07676202542
2023-09-09 14:00:00,4655.99550106854,4387.26800414361,4630.41200199362,4639.22296361588,4640.45584503061,4631.73953180886,4710.62205810567,4639.83939132584
2023-09-09 15:00:00,4252.80949972308,3973.49150129128,4226.74000041885,4277.18509037943,4265.91105940805,4221.03705778814,4278.23421261344,4271.5481937479
2023-09-09 16:00:00,3888.8790039079,3647.46549946209,3912.88799958269,3897.03073627107,3870.40790612701,3879.15688859368,3906.86780081269,3883.71960186478
2023-09-09 17:00:00,3715.84050371393,3497.72500005004,3757.89100159879,3729.45264916338,3727.61479902726,3665.61997138358,3761.93314967628,3728.53374347048
2023-09-09 18:00:00,3682.1780007148,3426.77900193352,3635.64300122496,3682.76779295148,3691.21074212883,3619.51032910759,3717.8205567074,3686.98917853209
2023-09-09 19:00:00,3733.72800148686,3477.07250109385,3577.32350106875,3741.58007640108,3730.65631983892,3671.4852294564,3757.95906682467,3736.11831328146
2023-09-09 20:00:00,4552.44100319862,3745.54350259621,3890.93600242247,4555.27077596841,4545.83150949953,4526.15751189378,4556.84141210772,4550.5512422455
2023-09-09 21:00:00,5468.22200360172,4258.97400144592,4362.49350314727,5467.72073194704,5438.97161170029,5430.41820713078,5523.0896365801,5453.34647490538
2023-09-09 22:00:00,5130.19200122554,4842.84700175363,4949.61250269215,5133.59570395748,5150.468633893,5097.76024938445,5160.38733510095,5142.03199104583
2023-09-09 23:00:00,4552.72400121647,4521.1220019001,4462.87350037904,4566.12331592108,4532.57776677788,4526.85267210952,4540.64837505649,4549.35089499656
2023-09-10,4067.70300022699,3996.57750128047,3878.02149983821,4071.6320958471,4071.54407432239,4031.38597469295,4084.76680419354,4071.58808601269
2023-09-10 01:00:00,3656.41850050923,3550.27300327946,3469.25850314414,3654.46890360926,3650.64602787361,3628.73409624081,3678.59487807053,3652.55750604332
2023-09-10 02:00:00,3361.25950098783,3257.84999884665,3220.30500098492,3367.72611965888,3356.77814263517,3339.28845693795,3379.92963499744,3362.25224656383
2023-09-10 03:00:00,3215.53100198961,3081.54900307616,3020.51950285549,3200.11479491056,3234.97209797997,3162.9393930069,3247.77055751057,3217.54307896929
2023-09-10 04:00:00,3124.25150342705,3012.7995023214,2962.15199878078,3118.84657007325,3114.84670696735,3073.63943627658,3128.62623100462,3116.84668068804
2023-09-10 05:00:00,3094.8105020565,3023.2755045637,3052.51449986559,3102.94792793042,3110.32142574611,3066.80913300835,3114.25543398269,3106.63459910467
2023-09-10 06:00:00,3168.6915023505,2684.3255003409,3097.09550037631,3172.2191823552,3170.08352125366,3152.38117501678,3168.4599518745,3171.1513743192
2023-09-10 07:00:00,3092.02100186353,2568.47500065074,3443.8740002038,3090.48117699861,3094.78852920511,3053.2202277352,3090.3690305478,3092.63480769248
2023-09-10 08:00:00,3244.72350277123,3043.41049893526,3872.05250156566,3256.94686456686,3242.10257698796,3205.68598211927,3252.89603513528,3249.52487727028
2023-09-10 09:00:00,3930.94100000156,3696.55300188798,4077.65400033828,3913.98909732508,3940.30933167425,3874.35303741576,3948.69644202494,3927.14893702398
2023-09-10 10:00:00,4360.37600181357,4136.40199957031,4095.96650322096,4370.42016268574,4358.76192063055,4310.61228018796,4356.35937852424,4364.59116456277
2023-09-10 11:00:00,4457.85449947452,4203.11700091604,4033.91550249851,4452.34013375735,4443.51267088786,4423.31084638109,4481.20028097913,4447.92649538432
2023-09-10 12:00:00,4349.8035019419,4135.43500003801,4095.3290033791,4359.83948336935,4338.90806727197,4343.85682297522,4367.87700255746,4349.37399598583
2023-09-10 13:00:00,4530.37299830094,4305.12950276397,4440.8240003332,4539.51970112393,4521.83350947842,4520.1214494676,4547.35810686343,4530.67679175423
2023-09-10 14:00:00,4640.77499997435,4437.49050235003,4630.41200199362,4633.87550641486,4654.38456871105,4618.31907275979,4660.46207019604,4644.12982135037
2023-09-10 15:00:00,4301.56250361423,4158.15449999226,4226.74000041885,4314.72686940969,4309.70365181295,4295.21619531651,4333.83679156789,4312.21531356756
2023-09-10 16:00:00,3937.31750008371,3782.78049983922,3912.88799958269,3930.99788888687,3931.18245390974,3925.24690429947,3940.7566453884,3931.09016945257
2023-09-10 17:00:00,3796.63250091445,3715.63600158005,3757.89100159879,3798.13686007618,3791.83683018908,3787.03632064153,3813.7655358511,3794.98691154941
2023-09-10 18:00:00,3896.137500118,3751.27450018923,3635.64300122496,3894.2810743288,3912.78303054022,3874.42695461387,3906.80444516265,3903.53185738142
2023-09-10 19:00:00,4420.39200059953,4028.33700247819,3577.32350106875,4414.48335307111,4436.7487507007,4384.81317778676,4454.79320771012,4425.61581715751
2023-09-10 20:00:00,6039.13049747667,4803.6940028799,3890.93600242247,6245.27076171277,6096.3094235779,5992.44396477887,6116.62538222875,6170.79166303974
2023-09-10 21:00:00,6691.63750443934,5320.9565022866,4362.49350314727,6764.91813900779,6787.54132929075,6644.36463236486,6922.15293752475,6776.22949564892
2023-09-10 22:00:00,5645.98350022919,5457.94950379978,4949.61250269215,5636.98647053908,5632.79468454331,5592.10898585672,5816.11128313114,5634.89062173224
2023-09-10 23:00:00,4555.78600055154,4571.14750221872,4462.87350037904,4541.61055429869,4555.6027720013,4532.90636899366,4609.86418866651,4548.60651563991
2023-09-11,3841.56949791778,3812.80499906244,3878.02149983821,3846.83993942519,3831.78352882979,3789.68163262488,3878.50567179708,3839.31189285662
2023-09-11 01:00:00,3476.36550524109,3397.92450404319,3469.25850314414,3468.38160093355,3476.34752895494,3487.66771893972,3487.74091486922,3472.36448096508
2023-09-11 02:00:00,3239.51100020006,3148.71050260798,3220.30500098492,3231.48160629125,3250.24701786797,3184.5326107389,3257.5634244766,3240.8641142491
2023-09-11 03:00:00,3092.79450279509,3025.0705038954,3020.51950285549,3082.2615340787,3089.46997273858,3033.61375487627,3102.16643232235,3085.86567741516
2023-09-11 04:00:00,3064.27850199607,2994.02500433777,2962.15199878078,3065.36854212637,3059.44816312875,3037.81300576491,3072.0711069093,3062.40841504194
2023-09-11 05:00:00,3144.06300431234,3067.71149801568,3052.51449986559,3133.5971471681,3149.30620873771,3144.98289079109,3175.0531163184,3141.45151234334
2023-09-11 06:00:00,3678.46300438116,3091.76900229475,3097.09550037631,3681.57767289792,3684.11537555967,3561.60215091871,3718.5370275342,3682.84649747558
2023-09-11 07:00:00,4507.20250123227,3508.67150374467,3443.8740002038,4467.21578302174,4563.54024234163,4213.15259023604,4411.02430887347,4515.3769972008
2023-09-11 08:00:00,4278.0560013057,3868.24000271223,3872.05250156566,4260.26517731499,4299.77878997835,4238.44293643079,4408.25234903164,4280.0215670825
2023-09-11 09:00:00,4208.13650095277,4089.93500117643,4077.65400033828,4213.43423332805,4212.65025404187,4205.44330659577,4216.75911200255,4213.0422519499
2023-09-11 10:00:00,4281.92750048189,4179.94350156852,4095.96650322096,4266.06829900107,4288.24434202155,4263.79964461075,4293.17627862396,4277.15608672492
2023-09-11 11:00:00,4221.82100048638,4183.36300173879,4033.91550249851,4231.83322955333,4251.08414124209,4198.47295583916,4221.58469027073,4241.45848244892
2023-09-11 12:00:00,4339.88750637765,4281.9530013015,4095.3290033791,4344.99283068619,4338.36177228844,4328.37092867705,4357.50229136293,4341.67737139389
2023-09-11 13:00:00,4601.71350248036,4537.85950070084,4440.8240003332,4595.44491418289,4599.51148017906,4578.93689373146,4619.97136542975,4597.47815431003
2023-09-11 14:00:00,4660.59900088678,4727.99400077015,4630.41200199362,4653.96640305577,4666.74781943085,4651.41534286113,4672.22639082729,4660.35697649784
2023-09-11 15:00:00,4545.18300171563,4292.26650282752,4226.74000041885,4549.41569274876,4554.95533626185,4529.11160003469,4604.38845326887,4552.18545610475
2023-09-11 16:00:00,4309.05900250643,4068.67900109151,3912.88799958269,4297.58410581736,4307.49660604931,4271.32251260649,4342.78376870839,4302.54025143283
2023-09-11 17:00:00,4330.05850250355,3990.68950289523,3757.89100159879,4349.64899385668,4294.27394471938,4331.20835045283,4332.39839043356,4321.96205306814
2023-09-11 18:00:00,4477.53250234365,3911.65200090094,3635.64300122496,4528.12700167311,4488.92250503815,4448.40672813814,4524.08993336305,4508.52516666101
2023-09-11 19:00:00,5296.40499752096,4276.07100102503,3577.32350106875,5303.45639465319,5294.04011027664,5238.02377330052,5389.76975926834,5298.74835173417
2023-09-11 20:00:00,6756.24650136288,5180.72500242095,3890.93600242247,6710.70983552985,6831.94907845491,6558.29934194538,6975.36069279094,6771.32817885249
2023-09-11 21:00:00,6668.36000398104,5529.52000025532,4362.49350314727,6650.07213717222,6716.09674579354,6726.86090550795,6752.65840180134,6683.08374543196
2023-09-11 22:00:00,5517.09800518362,5493.65250209486,4949.61250269215,5542.80674014645,5526.86821508604,5499.40738432332,5611.1089041407,5534.83764564488
2023-09-11 23:00:00,4452.14950050483,4605.84550008271,4462.87350037904,4475.99248091443,4436.96459646706,4424.83429454523,4482.65386678671,4456.47895013423
2023-09-12,3894.58100031456,3974.0605006431,3878.02149983821,3906.56526127225,3891.76240089245,3863.29615017479,3907.01315000867,3899.16398713847
2023-09-12 01:00:00,3493.43050470692,3479.58400138607,3469.25850314414,3493.36768173251,3484.95389993481,3480.97346548097,3497.42961596523,3489.16087953424
2023-09-12 02:00:00,3251.56050042633,3224.16650517471,3220.30500098492,3261.65310428929,3252.3406174269,3225.7579114856,3250.61601386823,3256.99695903308
2023-09-12 03:00:00,3100.08650409419,3026.64450340311,3020.51950285549,3106.57407612956,3111.15828510007,3088.25297676254,3124.81119829353,3108.86613228673
2023-09-12 04:00:00,3053.36150121654,2979.62199939799,2962.15199878078,3043.28921193456,3064.24145164872,3034.16077644806,3065.42266897302,3053.76511090694
2023-09-12 05:00:00,3137.92000350135,3097.94800127589,3052.51449986559,3139.77807140142,3139.59307602381,3086.3415227038,3151.20253427675,3139.68557566289
2023-09-12 06:00:00,3714.52350098803,3119.46250026475,3097.09550037631,3698.0274304551,3689.34147602696,3632.72403255575,3723.12997257383,3693.68454481093
2023-09-12 07:00:00,4599.90799997724,3618.68900130154,3443.8740002038,4605.22805369004,4586.23687816898,4548.61186114739,4615.09109721061,4595.73266614009
2023-09-12 08:00:00,4255.07800199196,4014.44650246436,3872.05250156566,4254.81474566032,4249.94075582867,4224.15064984169,4291.09639770247,4252.37780212753
2023-09-12 09:00:00,4137.81750066811,4140.52750166203,4077.65400033828,4132.45905096351,4129.14553775276,4094.44544366157,4139.04380231905,4130.80232929017
2023-09-12 10:00:00,4111.80150532513,4119.28100655158,4095.96650322096,4107.52578740795,4106.4300745822,4061.7219519537,4127.75143303365,4106.97794254641
2023-09-12 11:00:00,4083.03899987636,4057.63500284182,4033.91550249851,4066.05192072869,4095.4532436926,4069.98693592931,4089.09029847612,4080.75227225322
2023-09-12 12:00:00,4252.5575011411,4194.73650531319,4095.3290033791,4251.78076090896,4257.21988030679,4224.61002842578,4258.65363872002,4254.50026326707
2023-09-12 13:00:00,4519.25200135156,4504.00250181463,4440.8240003332,4527.42404441805,4523.84395871185,4505.96685789197,4523.08022791063,4525.63403930727
2023-09-12 14:00:00,4605.90650211298,4613.98400094779,4630.41200199362,4596.75860036347,4598.42353620865,4591.09102021037,4605.88198922764,4597.59105073382
2023-09-12 15:00:00,4449.14750440448,4291.65250235808,4226.74000041885,4446.58001072133,4449.6077398336,4430.01625292579,4483.23115659521,4448.09384335825
2023-09-12 16:00:00,4237.38400111266,4084.72900088842,3912.88799958269,4229.35063174373,4237.52526390445,4226.46416874004,4251.66406057601,4233.43786164471
2023-09-12 17:00:00,4157.10400171223,3944.50400155748,3757.89100159879,4146.6451115498,4174.1814976275,4075.17712229125,4176.43976795897,4160.41301429194
2023-09-12 18:00:00,4173.14800357015,3888.7250029943,3635.64300122496,4169.45436147013,4162.16196121938,4135.94163793067,4189.93113028944,4165.80823822339
2023-09-12 19:00:00,4791.80849996337,4166.51049937564,3577.32350106875,4772.97748796038,4804.46237624688,4680.55452887499,4850.56095481359,4788.71960018064
2023-09-12 20:00:00,6589.19699878711,5002.06400427909,3890.93600242247,6565.13901556027,6573.20418669619,6502.0428829301,6602.42909357136,6569.17151610282
2023-09-12 21:00:00,6677.73349586129,5483.76650129189,4362.49350314727,6656.05453838781,6633.06812056378,6547.71118953158,6675.58662798653,6644.5615718054
2023-09-12 22:00:00,5547.8850004822,5516.21550051367,4949.61250269215,5551.40572896002,5575.19913564482,5573.55083715888,5657.44515903841,5563.3021814653
2023-09-12 23:00:00,4463.4505035386,4583.18400226114,4462.87350037904,4456.85355243365,4474.85278464713,4469.24748078242,4494.16663987654,4465.85297878717
2023-09-13,3873.38200070208,3937.83000165178,3878.02149983821,3869.48154989463,3880.26346774045,3874.63393026916,3898.25713613171,3874.87239515138
2023-09-13 01:00:00,3459.36100130493,3524.4159997399,3469.25850314414,3458.37207347657,3468.45386145325,3423.80449514769,3497.45964335635,3463.41286117973
2023-09-13 02:00:00,3232.59100162645,3284.64199897763,3220.30500098492,3220.72404502202,3232.812574444,3207.97734279605,3251.09670171016,3226.76818229216
2023-09-13 03:00:00,3088.67250260583,3089.69300293387,3020.51950285549,3081.16293087807,3093.1356411679,3073.79777940554,3108.0316001545,3087.14915980314
2023-09-13 04:00:00,3034.82300234574,3037.19650082325,2962.15199878078,3041.24456737007,3038.00428228701,3022.81223416096,3062.36530465764,3039.62445898858
2023-09-13 05:00:00,3129.79700216744,3120.3994991259,3052.51449986559,3120.27554593115,3140.3659076591,3085.89401875528,3144.94988829028,3130.3205149966
2023-09-13 06:00:00,3712.58200401673,3167.17199901131,3097.09550037631,3702.64173686734,3696.79953782391,3629.88352414581,3723.01277138358,3699.72069893582
2023-09-13 07:00:00,4600.59850065573,3586.44450181129,3443.8740002038,4580.23170889319,4597.37093217099,4565.24261587306,4607.31448149585,4588.80113984534
2023-09-13 08:00:00,4294.29000163474,3889.14750203351,3872.05250156566,4296.27482645719,4310.50948456604,4285.60266559958,4333.89466826945,4303.39200544565
2023-09-13 09:00:00,4172.51250246249,4103.82249803317,4077.65400033828,4184.50120096124,4176.11309953685,4164.73948390984,4184.41121402008,4180.30723867889
2023-09-13 10:00:00,4107.43500368675,4117.45250114182,4095.96650322096,4096.81885516888,4110.4667219114,4101.60697902858,4119.41239925483,4103.6426446603
2023-09-13 11:00:00,4023.72450041689,4014.28799769632,4033.91550249851,4017.20278543062,4036.71177542876,4029.36754898441,4031.33598242465,4026.95707476016
2023-09-13 12:00:00,4184.72900169587,4111.64700231131,4095.3290033791,4183.3338536473,4185.18564037788,4166.87737652447,4199.01766157454,4184.25972749051
2023-09-13 13:00:00,4485.74999953649,4453.63600384444,4440.8240003332,4497.36181246285,4493.66938408501,4457.8878272383,4517.38867223325,4495.5156372006
2023-09-13 14:00:00,4581.36000140558,4629.46149996202,4630.41200199362,4588.47693893188,4585.90003632723,4547.87865492586,4583.41167294941,4587.18851479602
2023-09-13 15:00:00,4344.78599748021,4288.95700080122,4226.74000041885,4335.9210707031,4326.82702914001,4329.95668200601,4346.07834871612,4331.37414579363
2023-09-13 16:00:00,4182.60200400243,4109.54250011093,3912.88799958269,4178.47938253659,4183.94423232957,4169.764078802,4200.42781628934,4181.21174982102
2023-09-13 17:00:00,4048.54450471327,4042.09200018295,3757.89100159879,4057.08029310068,4045.25772427007,4026.23234410611,4070.10340946597,4051.16913332239
2023-09-13 18:00:00,3989.79300099198,3890.35600409959,3635.64300122496,3993.49522759666,3986.76823888547,3951.04380837282,3990.85478787262,3990.13180415897
2023-09-13 19:00:00,4598.88750074874,4128.75250369054,3577.32350106875,4586.04467983503,4624.51711550215,4565.18600501602,4614.76974432767,4605.28049208081
2023-09-13 20:00:00,6392.21100254927,4866.06450009916,3890.93600242247,6399.50993258785,6403.84240133286,6331.69936957382,6482.09758304227,6401.67612128619
2023-09-13 21:00:00,6632.62150234671,5215.71400297561,4362.49350314727,6621.79814099535,6596.31073963274,6548.92914362247,6615.39580800213,6609.05470900976
2023-09-13 22:00:00,5490.38750043046,5440.81550056499,4949.61250269215,5470.39530503959,5491.89033907414,5485.17354543855,5567.93433304877,5481.14259544987
2023-09-13 23:00:00,4429.65549973352,4616.35249849106,4462.87350037904,4425.22936762387,4428.30938021866,4420.41731777459,4448.49583801376,4426.76934145086
2023-09-14,3847.50649871374,3985.94000082661,3878.02149983821,3850.88133474775,3850.28694722783,3845.19237147256,3859.40277188404,3850.584147254
2023-09-14 01:00:00,3466.96300179604,3533.07100122375,3469.25850314414,3462.50508704078,3464.25431925846,3432.42489230759,3464.05604148864,3463.3796847087
2023-09-14 02:00:00,3266.26550392446,3257.75550389697,3220.30500098492,3263.84876812669,3258.95282148636,3230.47574414649,3271.88670241792,3261.40084642104
2023-09-14 03:00:00,3092.82800251944,3068.56349791156,3020.51950285549,3098.3832056443,3085.12281552243,3065.55719287667,3099.71700794985,3091.75315037831
2023-09-14 04:00:00,3046.17300015339,3005.89000203146,2962.15199878078,3049.60882269175,3033.66584792096,3031.76213875528,3047.78408908203,3041.6375033819
2023-09-14 05:00:00,3138.32850198378,3080.66700125381,3052.51449986559,3138.99533644874,3126.19469109011,3104.37789931167,3148.77147695606,3132.59514871761
2023-09-14 06:00:00,3716.92350199248,3127.032999933,3097.09550037631,3715.93446252587,3724.32705652254,3622.26670241394,3735.40319655301,3720.130671047
2023-09-14 07:00:00,4670.60400124558,3536.91050184076,3443.8740002038,4640.80043243162,4668.22595514407,4628.96578018663,4679.21085356639,4654.51290465989
2023-09-14 08:00:00,4370.27000348945,3965.535000748,3872.05250156566,4366.03427128482,4373.37188347911,4353.12344483547,4387.98057747178,4369.7030000267
2023-09-14 09:00:00,4173.05200298654,4109.49650311226,4077.65400033828,4166.89745673571,4165.00566725035,4164.24689095077,4180.07468078204,4165.95158193684
2023-09-14 10:00:00,4088.27150352532,4106.71250284731,4095.96650322096,4090.97848813975,4097.2428949777,4073.38544992546,4110.19226105754,4094.1106255175
2023-09-14 11:00:00,4009.42300386849,4050.99200042791,4033.91550249851,4014.69075891262,4021.4458777176,4015.39322891067,4019.83120238399,4018.06824710066
2023-09-14 12:00:00,4166.67900022608,4204.54800402035,4095.3290033791,4175.13155311843,4189.07590591871,4156.15526352183,4179.24140066918,4182.10358251309
2023-09-14 13:00:00,4509.44249990449,4558.02100177261,4440.8240003332,4500.96785413034,4495.10128667416,4472.42892987191,4522.40290225718,4498.03463224934
2023-09-14 14:00:00,4505.38150348852,4610.15600136656,4630.41200199362,4519.92123968823,4496.16907971477,4495.34998689891,4504.20065267679,4508.04541010378
2023-09-14 15:00:00,4353.20899974334,4323.3590012677,4226.74000041885,4348.03403499628,4336.59919841555,4332.7496799851,4355.8191967857,4342.31673725534
2023-09-14 16:00:00,4124.22450334259,4013.83449905342,3912.88799958269,4115.54962604569,4118.90944992384,4103.68115515817,4138.56214341963,4117.22950256451
2023-09-14 17:00:00,4014.58700196107,3982.3855019355,3757.89100159879,4013.12734113573,4009.46442630274,4006.31413047735,4032.07054655867,4011.29592233476
2023-09-14 18:00:00,3922.23900110961,3920.20749899792,3635.64300122496,3923.17160908083,3931.01370656708,3897.80349071383,3927.91004763807,3927.09257515025
2023-09-14 19:00:00,4284.87100275222,4119.91100104165,3577.32350106875,4265.34690490222,4265.02405653531,4269.20842003545,4274.36309964919,4265.18548412232
2023-09-14 20:00:00,5979.94250160595,4719.11000241095,3890.93600242247,5945.35158586651,5979.16946687736,5866.61855024998,6043.92879132554,5962.26016985385
2023-09-14 21:00:00,6372.30850264837,5144.51949917001,4362.49350314727,6406.37429042916,6388.4805726398,6297.95724118994,6461.76967841012,6397.42762017534
2023-09-14 22:00:00,5439.50499842991,5334.03500121133,4949.61250269215,5440.39653478234,5428.56933183993,5433.34558501948,5528.16522656359,5434.483057997
2023-09-14 23:00:00,4461.32700282976,4501.58650224423,4462.87350037904,4467.96833767097,4461.80594067594,4444.25873019253,4471.08528050597,4464.88720413927
2023-09-15,3871.50200525543,3878.02149983821,3878.02149983821,3871.94604119146,3874.93702170828,3839.89207738251,3880.6336315194,3873.44149991807
2023-09-15 01:00:00,3474.86300095276,3469.25850314414,3469.25850314414,3463.49445826796,3476.08223851289,3446.93472618509,3489.80766994681,3469.78821568633
2023-09-15 02:00:00,3228.67050063575,3220.30500098492,3220.30500098492,3225.46142208276,3224.98560761084,3189.05630511812,3237.54998725814,3225.22351986298
2023-09-15 03:00:00,3096.99700473202,3020.51950285549,3020.51950285549,3101.49853461927,3107.48015839727,3100.14877083697,3126.37363572527,3104.48928344823
2023-09-15 04:00:00,3065.27799970005,2962.15199878078,2962.15199878078,3061.33915396174,3068.11426863794,3052.64064918732,3084.86382865626,3064.72663987458
2023-09-15 05:00:00,3150.92300523038,3052.51449986559,3052.51449986559,3146.86712272873,3158.27797967715,3103.90705346664,3167.84943890597,3152.57243090632
2023-09-15 06:00:00,3694.15350121469,3097.09550037631,3097.09550037631,3680.65168988673,3692.85197040765,3605.36434319849,3697.75534186732,3686.75170152823
2023-09-15 07:00:00,4604.10250375804,3443.8740002038,3443.8740002038,4586.07729080173,4603.30374698008,4575.20397403456,4607.53862333595,4594.69033728452
2023-09-15 08:00:00,4315.45350000111,3872.05250156566,3872.05250156566,4326.83643307471,4312.73452924948,4293.13532636297,4342.82933705258,4319.78562982853
2023-09-15 09:00:00,4139.88449977705,4077.65400033828,4077.65400033828,4132.70462005092,4127.65299710209,4125.22040680061,4153.02839260581,4130.17886183221
2023-09-15 10:00:00,4159.61850475857,4095.96650322096,4095.96650322096,4156.52319157894,4151.37277792299,4151.43217851691,4178.61156708229,4153.94803904814
2023-09-15 11:00:00,4060.41850467044,4033.91550249851,4033.91550249851,4061.13443822791,4067.91038402859,4039.54300417131,4073.38156429055,4064.52233969423
2023-09-15 12:00:00,4172.70900333941,4095.3290033791,4095.3290033791,4178.70103236455,4173.0189845979,4174.19344293467,4186.39147584981,4175.86006838305
2023-09-15 13:00:00,4582.8475016664,4440.8240003332,4440.8240003332,4584.28798593271,4577.33856953487,4555.52455340205,4609.89936690273,4580.81335099659
2023-09-15 14:00:00,4725.33450094186,4630.41200199362,4630.41200199362,4723.50264249455,4732.97994192175,4698.32634279939,4745.08116768241,4728.24119229566
2023-09-15 15:00:00,4464.00700040243,4226.74000041885,4226.74000041885,4448.03482836963,4449.82421104284,4449.34883711646,4462.84454098136,4448.92950084203
2023-09-15 16:00:00,4148.93150224583,3912.88799958269,3912.88799958269,4152.56257775666,4157.70173425535,4146.44153430489,4167.88709740594,4155.1321018275
2023-09-15 17:00:00,4021.70950075105,3757.89100159879,3757.89100159879,4014.34474944815,4026.37445133124,4010.47809377009,4020.81297046662,4020.35947356903
2023-09-15 18:00:00,3918.08450556453,3635.64300122496,3635.64300122496,3907.33967812958,3917.387878266,3903.15763733794,3945.46215101881,3912.3636722667
2023-09-15 19:00:00,3952.71650009556,3577.32350106875,3577.32350106875,3975.89065070657,3945.11591136556,3923.42756658596,3980.38426035896,3960.50360547245
2023-09-15 20:00:00,5072.43500438065,3890.93600242247,3890.93600242247,5066.53252553799,5129.37696399115,4828.03458525676,5154.28239581107,5097.95408223995
2023-09-15 21:00:00,5772.24150238477,4362.49350314727,4362.49350314727,5766.35393544392,5788.51093946517,5784.42109558116,5869.39472216054,5777.43220386887
2023-09-15 22:00:00,5199.39850409201,4949.61250269215,4949.61250269215,5210.93246208644,5199.11769879121,5165.21342687208,5236.76984645783,5205.02520499355
2023-09-15 23:00:00,4549.24300025753,4462.87350037904,4462.87350037904,4525.52228504122,4538.36637800805,4530.299824888,4542.83185147881,4531.94419611841
2023-09-16,4054.31949946401,4023.42650119867,3878.02149983821,4058.45563998415,4059.82001111632,4037.6784072829,4098.42730795979,4059.13781116663
2023-09-16 01:00:00,3615.11400385376,3609.41050378873,3469.25850314414,3618.37731355841,3620.12843086411,3591.13317072707,3620.28383617187,3619.25285375046
2023-09-16 02:00:00,3299.59299886005,3294.22500246519,3220.30500098492,3307.33574783275,3283.70325440112,3280.96655764121,3323.81081149726,3295.51975025766
2023-09-16 03:00:00,3132.6905008374,3084.05800014839,3020.51950285549,3132.08119582314,3145.82607207122,3108.21247063419,3154.88123070409,3138.95348904463
2023-09-16 04:00:00,3072.49900135153,3024.46650301048,2962.15199878078,3066.00423625472,3070.17259416841,3051.00153267797,3078.12604752725,3068.0883712675
2023-09-16 05:00:00,3085.27550106146,3007.75600211474,3052.51449986559,3085.78934411167,3086.22669642487,3048.01960949226,3087.59900264226,3086.00801565758
2023-09-16 06:00:00,3176.80850486632,2710.46800186485,3097.09550037631,3177.64095798554,3142.63157933876,3081.35787416275,3196.90588888141,3160.13663774136
2023-09-16 07:00:00,3334.17750064342,2681.48850309057,3443.8740002038,3336.99512195704,3263.73475575277,3182.28834876158,3366.07745370021,3300.36571118731
2023-09-16 08:00:00,3584.9500009754,3248.19900084962,3872.05250156566,3514.55485626078,3537.73305447239,3494.06484537778,3549.40544307904,3526.14371101518
2023-09-16 09:00:00,4419.60850259895,3972.53850250947,4077.65400033828,4392.3732213347,4437.0365473888,4330.14668099256,4453.65452058673,4414.70441350778
2023-09-16 10:00:00,4707.19449915545,4358.50400316529,4095.96650322096,4711.19591033739,4730.50203403234,4695.61574060997,4745.30748386382,4720.84876865401
2023-09-16 11:00:00,4614.48750219983,4338.97150042292,4033.91550249851,4591.05352981537,4606.09288037605,4567.59476396538,4631.62466199064,4598.57304654643
2023-09-16 12:00:00,4499.90000038978,4259.3395031034,4095.3290033791,4492.16311625177,4505.94106889453,4469.80598965688,4512.13896646483,4499.05194732191
2023-09-16 13:00:00,4690.92050288845,4322.5750025938,4440.8240003332,4713.25525828339,4674.11197044822,4668.58220240333,4716.42654925101,4693.6840270259
2023-09-16 14:00:00,4837.03150211624,4387.26800414361,4630.41200199362,4843.26724509619,4838.2507795977,4822.89317476848,4865.47289652743,4840.75906523201
2023-09-16 15:00:00,4287.2400003596,3973.49150129128,4226.74000041885,4272.07222525089,4292.71763560835,4223.23607103284,4315.70166956844,4282.39471277961
2023-09-16 16:00:00,3894.70050286496,3647.46549946209,3912.88799958269,3899.55016582236,3921.8036030969,3868.45898795908,3913.44000116054,3910.67664985732
2023-09-16 17:00:00,3710.70699834416,3497.72500005004,3757.89100159879,3707.04248450975,3729.75961382704,3683.63042028777,3739.18578371467,3718.40080967771
2023-09-16 18:00:00,3615.36400175362,3426.77900193352,3635.64300122496,3624.91389691145,3618.20195902887,3575.69586247631,3651.24854679382,3621.55799872939
2023-09-16 19:00:00,3753.13950216852,3477.07250109385,3577.32350106875,3749.03271589518,3742.67228770046,3748.6536495449,3751.79464705941,3745.85256885133
2023-09-16 20:00:00,4872.45250236406,3745.54350259621,3890.93600242247,4868.42113892323,4880.35153277627,4811.16717023372,4892.99749602578,4874.38621007602
2023-09-16 21:00:00,5497.06700133497,4258.97400144592,4362.49350314727,5504.77034490321,5502.92830650568,5448.7285301741,5522.36267524548,5503.84934512376
2023-09-16 22:00:00,5065.38550104108,4842.84700175363,4949.61250269215,5062.51691760001,5072.79399440307,5044.53726820705,5076.37593096895,5067.65534765756
2023-09-16 23:00:00,4470.84950313205,4521.1220019001,4462.87350037904,4457.50794669418,4456.83337489158,4456.58680508152,4479.28141471675,4457.17066790442
2023-09-17,3890.12100208458,3996.57750128047,3878.02149983821,3889.79441982277,3871.76313013619,3875.66158021503,3916.77881646759,3880.77896507066
2023-09-17 01:00:00,3478.69950316439,3550.27300327946,3469.25850314414,3484.80884760918,3497.47966176027,3459.57468792525,3500.10306328972,3491.14412110526
2023-09-17 02:00:00,3204.86200024083,3257.84999884665,3220.30500098492,3193.80866382108,3187.30443606212,3171.81079880304,3212.1512701351,3190.55661851109
2023-09-17 03:00:00,3047.19350169902,3081.54900307616,3020.51950285549,3059.04896976345,3062.3886763693,3007.42929683614,3063.61886432896,3060.7187878582
2023-09-17 04:00:00,3015.81550349796,3012.7995023214,2962.15199878078,3013.15207163119,3017.19418209978,2988.47312917763,3019.46895457803,3015.17308425236
2023-09-17 05:00:00,3008.95550347574,3023.2755045637,3052.51449986559,3011.37925334377,3001.68518779656,3001.06958040585,3026.5605233678,3006.53232276787
2023-09-17 06:00:00,3087.62800050015,2684.3255003409,3097.09550037631,3072.32354055443,3088.19405450005,3087.042349995,3103.67313773956,3080.2586302156
2023-09-17 07:00:00,3142.52550243738,2568.47500065074,3443.8740002038,3154.37957847088,3132.52959308913,3057.08203623651,3158.16047789387,3143.454816129
2023-09-17 08:00:00,3250.11750277877,3043.41049893526,3872.05250156566,3210.92688330324,3233.87673087625,3213.51210735479,3238.50448117,3222.40156514568
2023-09-17 09:00:00,4078.63800071704,3696.55300188798,4077.65400033828,4072.56211642199,4068.38770310874,3997.03059278457,4085.38249613529,4070.47495377326
2023-09-17 10:00:00,4508.42750161322,4136.40199957031,4095.96650322096,4486.04846309158,4513.172060221,4454.00289395577,4542.24688881122,4499.60997571132
2023-09-17 11:00:00,4493.48699971975,4203.11700091604,4033.91550249851,4494.97587179163,4488.32307572666,4465.6976785143,4497.83345547,4491.64954389489
2023-09-17 12:00:00,4481.14050211658,4135.43500003801,4095.3290033791,4474.98216530684,4480.46511707827,4480.25570292036,4541.92194209204,4477.72358338966
2023-09-17 13:00:00,4748.98400491849,4305.12950276397,4440.8240003332,4748.43946253048,4747.09123299141,4744.55162998739,4796.67327457,4747.76536197438
2023-09-17 14:00:00,5060.66150155733,4437.49050235003,4630.41200199362,5060.38304985323,5047.38665766732,5031.46133531696,5056.22903058805,5053.88499077208
2023-09-17 15:00:00,4542.7669991742,4158.15449999226,4226.74000041885,4558.01833201741,4540.69168779711,4523.19672088663,4576.61383041476,4549.35519256986
2023-09-17 16:00:00,4027.29900153808,3782.78049983922,3912.88799958269,4021.69107563382,4008.01131239046,4036.09186643609,4091.24010161233,4014.85133822825
2023-09-17 17:00:00,3874.14550400048,3715.63600158005,3757.89100159879,3893.25372983789,3883.22576665163,3842.73925215565,3912.2493231004,3888.23985396251
2023-09-17 18:00:00,3964.88700229535,3751.27450018923,3635.64300122496,3982.18660884643,3973.5101391391,3950.51242036347,4007.03266933115,3977.84846546267
2023-09-17 19:00:00,4475.39399998134,4028.33700247819,3577.32350106875,4496.71044427664,4498.34833556155,4481.74318288539,4500.45137424331,4497.52937265196
2023-09-17 20:00:00,6363.68650017073,4803.6940028799,3890.93600242247,6440.98842215819,6420.88841313128,6325.09578497773,6671.95189559298,6430.93862954496
2023-09-17 21:00:00,6633.45750031469,5320.9565022866,4362.49350314727,6654.27433485497,6629.57667895142,6557.49869509352,6800.93640431576,6641.92576727318
2023-09-17 22:00:00,5531.37500112469,5457.94950379978,4949.61250269215,5546.27789391736,5514.53547016387,5535.65271114137,5685.841424508,5530.40701667862
2023-09-17 23:00:00,4449.24050208507,4571.14750221872,4462.87350037904,4448.2868769705,4444.40710918668,4435.14081861021,4487.15869897713,4446.34703398025
2023-09-18,3746.12200173817,3812.80499906244,3878.02149983821,3750.78848621021,3733.94964815871,3752.13824139916,3763.87149960073,3742.36924470446
2023-09-18 01:00:00,3345.31500334118,3397.92450404319,3469.25850314414,3340.13092645468,3343.57895676978,3303.59218637743,3359.27039952738,3341.85490526208
2023-09-18 02:00:00,3137.13050160441,3148.71050260798,3220.30500098492,3127.31284585936,3128.2651098978,3095.55919473036,3139.83868406942,3127.78896783953
2023-09-18 03:00:00,3008.88350211189,3025.0705038954,3020.51950285549,3003.27602980878,3019.54673025833,2987.93719227967,3048.89206579972,3011.41120850303
2023-09-18 04:00:00,2999.54200040456,2994.02500433777,2962.15199878078,2992.39396933309,2991.28552121917,2982.07951747477,2998.53975789378,2991.83975696172
2023-09-18 05:00:00,3090.66300243151,3067.71149801568,3052.51449986559,3095.32586908127,3093.61075607039,3065.98419914126,3120.98890666441,3094.46833065706
2023-09-18 06:00:00,3662.48450193787,3091.76900229475,3097.09550037631,3640.14708889047,3657.33851673673,3597.93281118814,3668.87340193603,3648.74262157649
2023-09-18 07:00:00,4619.63999904389,3508.67150374467,3443.8740002038,4600.53361740162,4616.91398751871,4568.58825691227,4880.12808735043,4608.72362977347
2023-09-18 08:00:00,4259.82149974105,3868.24000271223,3872.05250156566,4207.87821438853,4273.81269904341,4288.73932618231,4460.24849329508,4240.84476161517
2023-09-18 09:00:00,4063.20350243594,4089.93500117643,4077.65400033828,4087.87571273453,4060.38159140735,4042.46876475744,4078.94570103679,4074.12894192208
2023-09-18 10:00:00,4066.97600262769,4179.94350156852,4095.96650322096,4056.48911397916,4092.15342695915,4068.76804619443,4109.65123475101,4074.32089448544
2023-09-18 11:00:00,4028.1480028783,4183.36300173879,4033.91550249851,4026.10649915174,4065.03601200949,4022.3282782534,4083.06049759004,4045.57084517419
2023-09-18 12:00:00,4163.4939988447,4281.9530013015,4095.3290033791,4143.81872720301,4146.77379352462,4147.73907841175,4181.05968052344,4145.29622921063
2023-09-18 13:00:00,4481.94349944126,4537.85950070084,4440.8240003332,4462.90606607224,4482.66669464167,4454.61898671902,4488.24173077345,4472.78617203457
2023-09-18 14:00:00,4573.74800179794,4727.99400077015,4630.41200199362,4589.82082028567,4583.45102143929,4568.14813031467,4592.37873235025,4586.63598801478
2023-09-18 15:00:00,4326.64800180407,4292.26650282752,4226.74000041885,4325.13622185761,4331.35708757619,4317.80582999407,4340.46455725069,4328.2465891347
2023-09-18 16:00:00,4058.86750285607,4068.67900109151,3912.88799958269,4067.74566414576,4063.32244123201,4047.10651749268,4074.67957244478,4065.53409931981
2023-09-18 17:00:00,3955.72349895607,3990.68950289523,3757.89100159879,3955.85571681472,3944.3445083481,3937.63778369663,3971.11912365071,3950.10023393596
2023-09-18 18:00:00,3895.3845053534,3911.65200090094,3635.64300122496,3895.57951619038,3911.68210547618,3865.21297101593,3910.02570373926,3903.63064107503
2023-09-18 19:00:00,4644.10450088815,4276.07100102503,3577.32350106875,4623.49514866954,4653.50558700378,4601.00782334104,4664.12661558025,4638.50005145776
2023-09-18 20:00:00,6753.62249917421,5180.72500242095,3890.93600242247,6739.86706716261,6807.11467262213,6609.372609414,6820.3792277273,6773.49016094826
2023-09-18 21:00:00,6708.48850222141,5529.52000025532,4362.49350314727,6723.9307479429,6707.04487574491,6660.20190806176,6712.87533941512,6715.48798985976
2023-09-18 22:00:00,5485.8250003485,5493.65250209486,4949.61250269215,5480.84614411967,5467.34046619651,5466.54262697919,5614.38000491419,5474.09344753893
2023-09-18 23:00:00,4397.07400280412,4605.84550008271,4462.87350037904,4405.07688047087,4379.60470677517,4378.19705813103,4430.24022314499,4392.3410621582
2023-09-19,3814.49750254746,3974.0605006431,3878.02149983821,3818.43734062774,3822.82773598922,3820.00259825989,3808.77377036546,3820.63249202363
2023-09-19 01:00:00,3413.33999802847,3479.58400138607,3469.25850314414,3422.31587217104,3418.27284624117,3404.48440499834,3421.3720790266,3420.29440182888
2023-09-19 02:00:00,3180.87800191913,3224.16650517471,3220.30500098492,3181.28193736302,3177.44989616293,3121.69759892036,3204.30400340309,3179.36595716149
2023-09-19 03:00:00,3007.33950390818,3026.64450340311,3020.51950285549,3013.56434472918,3013.98074990136,2989.85047152003,3026.03796595478,3013.7725429254
2023-09-19 04:00:00,2973.22900112357,2979.62199939799,2962.15199878078,2964.01073397141,2968.20607421164,2972.91601743389,2976.60529542409,2966.10835986301
2023-09-19 05:00:00,3059.36300392356,3097.94800127589,3052.51449986559,3048.71476247729,3052.65521011533,3048.02833281981,3068.25476475532,3050.68494475494
2023-09-19 06:00:00,3673.88800246781,3119.46250026475,3097.09550037631,3664.98221146969,3664.02929013509,3569.09825320551,3668.86640221469,3664.50576084836
2023-09-19 07:00:00,4708.50000022084,3618.68900130154,3443.8740002038,4704.73892283038,4713.98428518591,4682.68466489679,4722.22467797597,4709.36150654081
2023-09-19 08:00:00,4303.56450290314,4014.44650246436,3872.05250156566,4308.42576307346,4306.07926784508,4287.81894673246,4332.59262937183,4307.25254019671
2023-09-19 09:00:00,4054.28549863078,4140.52750166203,4077.65400033828,4072.23772827801,4075.98577034161,4056.85460637673,4073.97610952232,4074.11170979684
2023-09-19 10:00:00,3993.02200289036,4119.28100655158,4095.96650322096,4003.72246166951,4003.20831486562,3984.3882512572,4017.22454453739,4003.46539368785
2023-09-19 11:00:00,3916.60450214386,4057.63500284182,4033.91550249851,3911.9305020474,3916.90585221832,3924.66657126376,3920.09804284462,3914.41812468125
2023-09-19 12:00:00,4078.85450267361,4194.73650531319,4095.3290033791,4074.60799960114,4069.35803641087,4063.50461919135,4108.91429898469,4071.98307335267
2023-09-19 13:00:00,4381.11950302997,4504.00250181463,4440.8240003332,4381.71869856238,4375.33303424094,4373.07987239805,4403.31005190816,4378.52593372122
2023-09-19 14:00:00,4406.71300372487,4613.98400094779,4630.41200199362,4399.93707847523,4412.18997752463,4418.64670370399,4421.33663042039,4406.06339882625
2023-09-19 15:00:00,4228.88850073598,4291.65250235808,4226.74000041885,4232.06296617097,4220.01848925184,4237.17765130875,4236.19963860626,4226.04085468784
2023-09-19 16:00:00,4012.04850047908,4084.72900088842,3912.88799958269,4003.16511981649,3995.46383121164,4003.28468980653,4028.96398509855,3999.31455670333
2023-09-19 17:00:00,3919.25950082211,3944.50400155748,3757.89100159879,3935.92598597342,3923.0757755314,3886.24222641643,3920.68518052647,3929.50101622312
2023-09-19 18:00:00,3886.00999981561,3888.7250029943,3635.64300122496,3880.804162682,3875.8612272752,3882.96647526182,3918.67357101234,3878.33274708848
2023-09-19 19:00:00,4556.18150125514,4166.51049937564,3577.32350106875,4545.77408971266,4553.4826540472,4539.11104034652,4574.06069432444,4549.62829061397
2023-09-19 20:00:00,6652.62150512997,5002.06400427909,3890.93600242247,6653.9387921087,6677.64994844033,6554.00326537632,6712.35032620481,6665.7941203045
2023-09-19 21:00:00,6660.33200447576,5483.76650129189,4362.49350314727,6701.98297293315,6671.52553308448,6594.17191323262,6750.59766328201,6686.75457410014
2023-09-19 22:00:00,5544.2159995964,5516.21550051367,4949.61250269215,5549.09805414243,5513.55719237101,5556.99921596541,5613.69993015089,5531.32799793898
2023-09-19 23:00:00,4435.44700089714,4583.18400226114,4462.87350037904,4440.91055339228,4438.10748427326,4418.44860767683,4481.01647869841,4439.50904838355
2023-09-20,3810.27000169526,3937.83000165178,3878.02149983821,3806.45951656075,3812.04149273453,3797.07443187609,3836.94818620559,3809.2504458008
2023-09-20 01:00:00,3431.99000223505,3524.4159997399,3469.25850314414,3428.31483768497,3433.94125997042,3413.26130028116,3441.52986667535,3431.12798951229
2023-09-20 02:00:00,3200.4190044062,3284.64199897763,3220.30500098492,3194.16185566677,3195.14361293838,3189.37575996273,3204.92153973604,3194.6527239526
2023-09-20 03:00:00,3035.07350306469,3089.69300293387,3020.51950285549,3033.18541567871,3040.2947390587,3018.4609325363,3053.37460640024,3036.74000242012
2023-09-20 04:00:00,3010.27350258175,3037.19650082325,2962.15199878078,3017.3677572094,3014.19928135839,3001.4503831107,3018.8641009778,3015.7835526869
2023-09-20 05:00:00,3069.6470013014,3120.3994991259,3052.51449986559,3078.02379276358,3058.24882448773,3051.13251318488,3076.05358799237,3068.13651709921
2023-09-20 06:00:00,3718.62450289808,3167.17199901131,3097.09550037631,3721.34916666998,3703.70026935452,3660.84650537277,3728.68527379804,3712.52490407214
2023-09-20 07:00:00,4740.30100150721,3586.44450181129,3443.8740002038,4738.99225467501,4730.44337434038,4715.02310483193,4762.40284429425,4734.71790463251
2023-09-20 08:00:00,4368.13000294904,3889.14750203351,3872.05250156566,4366.29831397938,4359.14029620907,4356.06019267177,4380.87072375295,4362.71938055616
2023-09-20 09:00:00,4082.81950223778,4103.82249803317,4077.65400033828,4099.14630139415,4087.56544269182,4062.3612969956,4117.39704263815,4093.35599413182
2023-09-20 10:00:00,3986.44800332945,4117.45250114182,4095.96650322096,3983.06656277613,3989.41602790878,3993.68052914361,3996.15374056342,3986.24122840452
2023-09-20 11:00:00,3882.03400281444,4014.28799769632,4033.91550249851,3891.92606568956,3891.7586884667,3861.00458574988,3916.90958862628,3891.84237884267
2023-09-20 12:00:00,4048.87950177473,4111.64700231131,4095.3290033791,4051.84712593918,4028.27225530514,4010.91424085206,4068.5002499106,4040.0599391554
2023-09-20 13:00:00,4327.8800015134,4453.63600384444,4440.8240003332,4347.66698019186,4331.07614396336,4289.61898441896,4336.46269088423,4339.3717369831
2023-09-20 14:00:00,4396.59800019953,4629.46149996202,4630.41200199362,4405.16579564688,4404.343441357,4379.77599460205,4428.57550768475,4404.75462717144
2023-09-20 15:00:00,4266.22050030169,4288.95700080122,4226.74000041885,4254.40363387901,4273.70670410147,4254.79212159443,4285.51681797902,4264.05496549157
2023-09-20 16:00:00,4027.23250232835,4109.54250011093,3912.88799958269,4028.51088317238,4031.7936270887,4017.53878718306,4036.19581968675,4030.15222052288
2023-09-20 17:00:00,3917.0105009416,4042.09200018295,3757.89100159879,3903.10059481399,3906.37961616499,3898.05633574748,3934.50637696798,3904.74007092108
2023-09-20 18:00:00,3873.62400306633,3890.35600409959,3635.64300122496,3871.66407024677,3867.11598694505,3848.60146724078,3898.52116718875,3869.39007654315
2023-09-20 19:00:00,4529.00450170424,4128.75250369054,3577.32350106875,4524.43133865246,4514.48098513754,4498.85898317783,4556.81967867808,4519.45626679456
2023-09-20 20:00:00,6551.8070030699,4866.06450009916,3890.93600242247,6527.59859814117,6574.02556211144,6428.93477392905,6609.10153684119,6550.81159067955
2023-09-20 21:00:00,6504.04800009704,5215.71400297561,4362.49350314727,6499.81934854237,6498.66378834072,6440.09867810863,6499.2340811012,6499.2415806238
2023-09-20 22:00:00,5421.26850167743,5440.81550056499,4949.61250269215,5416.90729333165,5425.18394898951,5405.59649958506,5530.38033976271,5421.04553390563
2023-09-20 23:00:00,4378.82349891355,4616.35249849106,4462.87350037904,4367.75684385073,4370.55270546181,4370.82787059901,4405.76369710718,4369.15474518147
2023-09-21,3825.8754992442,3985.94000082661,3878.02149983821,3835.76543774157,3824.89961491315,3819.78396499265,3846.5094142592,3830.33264087807
2023-09-21 01:00:00,3431.0880021503,3533.07100122375,3469.25850314414,3428.74937128906,3426.37264995185,3406.22238014319,3438.55998612775,3427.56103567655
2023-09-21 02:00:00,3208.71699820389,3257.75550389697,3220.30500098492,3216.96461314044,3203.2831894114,3185.82704489339,3225.03790920834,3210.12404550953
2023-09-21 03:00:00,3080.85450157034,3068.56349791156,3020.51950285549,3079.83372909504,3074.95334462654,3056.46381890325,3089.95926357257,3077.39358831124
2023-09-21 04:00:00,3047.95250186278,3005.89000203146,2962.15199878078,3055.67450170475,3049.46802371509,3026.78862919076,3054.93922282031,3052.57132814045
2023-09-21 05:00:00,3120.88300314313,3080.66700125381,3052.51449986559,3122.78764214717,3132.18893780434,3097.85756605431,3126.3766182226,3127.48819086452
2023-09-21 06:00:00,3717.39850473392,3127.032999933,3097.09550037631,3709.29607083137,3714.45640934983,3638.98097558998,3722.15340868237,3711.87618568878
2023-09-21 07:00:00,4741.0834999166,3536.91050184076,3443.8740002038,4749.89656129886,4757.46291194154,4725.00021468789,4753.39857927634,4753.6796568535
2023-09-21 08:00:00,4473.86650081503,3965.535000748,3872.05250156566,4467.91346924413,4475.77914626616,4474.50278085341,4494.65537589032,4471.84622483285
2023-09-21 09:00:00,4326.01350264816,4109.49650311226,4077.65400033828,4350.73382282339,4322.21512489465,4312.62756923201,4353.50133106122,4336.47477451155
2023-09-21 10:00:00,4379.23050063557,4106.71250284731,4095.96650322096,4374.88321698804,4357.48150845401,4367.77700804287,4383.4289433021,4366.18254617497
2023-09-21 11:00:00,4348.75800053391,4050.99200042791,4033.91550249851,4365.45854167534,4353.1981889596,4320.70227096137,4365.33618534709,4359.32849456972
2023-09-21 12:00:00,4488.05900161277,4204.54800402035,4095.3290033791,4498.61554885889,4507.70365658028,4460.19318412254,4501.17264234002,4503.15950691007
2023-09-21 13:00:00,4780.45349927153,4558.02100177261,4440.8240003332,4780.87010671144,4756.11984645188,4775.093951261,4770.89623627147,4768.49523750621
2023-09-21 14:00:00,4711.29800356785,4610.15600136656,4630.41200199362,4720.92416602438,4722.53549304877,4695.48137127797,4763.60682118668,4721.72981254949
2023-09-21 15:00:00,4399.93150268594,4323.3590012677,4226.74000041885,4400.36496005443,4380.83729285994,4378.80266752806,4418.84480861056,4390.60133232362
2023-09-21 16:00:00,4108.2050008385,4013.83449905342,3912.88799958269,4116.66422844994,4127.10573612042,4104.88700717834,4120.63073409786,4121.88487220772
2023-09-21 17:00:00,4045.69749865268,3982.3855019355,3757.89100159879,4047.90756509316,4062.46205145071,4013.16842298321,4098.81827845597,4055.18465483424
2023-09-21 18:00:00,4054.72400420019,3920.20749899792,3635.64300122496,4076.81508425349,4052.57678469914,4029.97104847202,4083.742155601,4064.69619000362
2023-09-21 19:00:00,4915.48599890689,4119.91100104165,3577.32350106875,4906.15150851354,4911.38837585585,4896.74675704785,4976.61807095288,4908.7698869761
2023-09-21 20:00:00,6726.05000565422,4719.11000241095,3890.93600242247,6703.83547859936,6686.49633073718,6636.46645025508,6749.06539676319,6695.16608746269
2023-09-21 21:00:00,6470.89400055155,5144.51949917001,4362.49350314727,6527.13229516992,6508.36557349978,6403.28658528469,6507.18619554847,6517.74913217917
2023-09-21 22:00:00,5395.80000455666,5334.03500121133,4949.61250269215,5391.8240959656,5410.18224478984,5424.44400129164,5526.13548540688,5401.0029768407
2023-09-21 23:00:00,4405.46650000964,4501.58650224423,4462.87350037904,4400.32564307684,4391.25917168149,4395.91957104498,4410.88125162773,4395.79250296058
2023-09-22,3805.44550058653,3878.02149983821,3878.02149983821,3794.83317468728,3801.11162444506,3788.17805940247,3810.53632039909,3797.9723333769
2023-09-22 01:00:00,3431.55350337864,3469.25850314414,3469.25850314414,3435.11007702776,3438.15654272828,3408.65378385377,3440.55493821362,3436.63327776128
2023-09-22 02:00:00,3211.93100330362,3220.30500098492,3220.30500098492,3218.93074888844,3202.82790121537,3183.60616748936,3219.49251335062,3210.87949481288
2023-09-22 03:00:00,3060.59950195346,3020.51950285549,3020.51950285549,3061.91230644769,3059.61453188673,3039.46533643514,3076.65228565199,3060.76344339103
2023-09-22 04:00:00,2994.42099721788,2962.15199878078,2962.15199878078,3006.97394181762,3005.22953109892,2984.84033397401,3028.39451839247,3006.10175484837
2023-09-22 05:00:00,3068.8504982274,3052.51449986559,3052.51449986559,3080.96753363034,3066.32935724086,3036.85680372492,3083.77514438524,3073.64859975558
2023-09-22 06:00:00,3650.76149898907,3097.09550037631,3097.09550037631,3651.66924623043,3643.84759627885,3595.18809051832,3653.68401435702,3647.75850371278
2023-09-22 07:00:00,4723.81250280631,3443.8740002038,3443.8740002038,4724.7885498137,4735.51786937886,4706.11737988683,4752.54170256525,4730.15309648463
2023-09-22 08:00:00,4341.95399898849,3872.05250156566,3872.05250156566,4348.65415499791,4358.84507728298,4340.17888296615,4394.17134208377,4353.74950870473
2023-09-22 09:00:00,4147.7170012088,4077.65400033828,4077.65400033828,4147.4174777418,4127.07817813349,4088.80556356053,4134.95937610949,4137.24804236055
2023-09-22 10:00:00,4131.42100266792,4095.96650322096,4095.96650322096,4120.60465491624,4131.45038665757,4096.07054599416,4130.97749230161,4126.027406448
2023-09-22 11:00:00,4045.857501255,4033.91550249851,4033.91550249851,4044.0899610728,4039.74338396834,4013.13014107249,4074.01497170818,4041.91671834347
2023-09-22 12:00:00,4267.50150057051,4095.3290033791,4095.3290033791,4258.00067563727,4264.7555507456,4219.23761896666,4285.23475933061,4261.37804197955
2023-09-22 13:00:00,4516.58499950275,4440.8240003332,4440.8240003332,4525.48089219966,4511.69566957134,4479.96937695059,4516.89746481547,4518.58842621339
2023-09-22 14:00:00,4618.7810034866,4630.41200199362,4630.41200199362,4607.33825110956,4623.09250541955,4599.52902977109,4662.19169698219,4615.21521217856
2023-09-22 15:00:00,4390.48950134404,4226.74000041885,4226.74000041885,4392.91767045622,4390.78167617536,4379.7467498648,4421.33241295354,4391.84969583407
2023-09-22 16:00:00,4036.97350006388,3912.88799958269,3912.88799958269,4031.70209423225,4053.36548299921,4001.76510239511,4056.93200454921,4042.53356023389
2023-09-22 17:00:00,4011.64950296469,3757.89100159879,3757.89100159879,3999.80705965518,4019.37491522552,3997.99535239871,4043.13207735553,4009.59078115024
2023-09-22 18:00:00,4018.85050124442,3635.64300122496,3635.64300122496,4005.6465102338,4018.4893291388,3997.01915434366,4034.80229871648,4012.06778429351
2023-09-22 19:00:00,4183.14950018667,3577.32350106875,3577.32350106875,4199.30774239606,4205.03414564823,4161.84434928447,4215.24295163661,4202.17088365271
2023-09-22 20:00:00,5574.76150126837,3890.93600242247,3890.93600242247,5617.57275879372,5622.63313922726,5379.26658051295,5815.58428218989,5620.10289566246
2023-09-22 21:00:00,5924.08049762913,4362.49350314727,4362.49350314727,5893.69456526556,5930.53239327511,5891.76383024628,6010.44712056347,5912.11309091508
2023-09-22 22:00:00,5188.18449934374,4949.61250269215,4949.61250269215,5207.2646985401,5173.46268465821,5189.50075892821,5204.01475201896,5190.36404794996
2023-09-22 23:00:00,4469.12400262966,4462.87350037904,4462.87350037904,4484.99517348564,4469.3753774183,4429.88948234739,4490.66986986565,4477.18544012047
2023-09-23,3908.84800030629,4023.42650119867,3878.02149983821,3897.93521806226,3900.85731904751,3880.03768516952,3916.1549065512,3899.39623774923
2023-09-23 01:00:00,3442.24550402863,3609.41050378873,3469.25850314414,3432.2323820063,3447.10242880981,3414.2317539805,3446.3724886691,3439.66724864363
2023-09-23 02:00:00,3173.82700318354,3294.22500246519,3220.30500098492,3169.08187566415,3168.96174859695,3137.85040977219,3180.48861624832,3169.02181339696
2023-09-23 03:00:00,2982.51050146727,3084.05800014839,3020.51950285549,2993.06242694666,2998.72284085877,2968.74555360178,2997.37858559104,2995.89257422896
2023-09-23 04:00:00,2939.13250497193,3024.46650301048,2962.15199878078,2946.73436694742,2940.65946523033,2935.51468511999,2961.76821554295,2943.69698013228
2023-09-23 05:00:00,2928.90900185052,3007.75600211474,3052.51449986559,2951.38871089266,2930.033669017,2904.79284256929,2957.42434675193,2940.71141508598
2023-09-23 06:00:00,3035.58949972794,2710.46800186485,3097.09550037631,3019.4692051858,3015.58847653144,2993.04104048048,3080.69066500818,3017.5288817704
2023-09-23 07:00:00,3303.57350146363,2681.48850309057,3443.8740002038,3317.99295476082,3267.65076404158,3150.09345100831,3460.51539020154,3292.82239012344
2023-09-23 08:00:00,3551.67649974488,3248.19900084962,3872.05250156566,3585.14203640846,3544.71902504187,3545.00984262795,3589.18103802606,3564.93095687649
2023-09-23 09:00:00,4398.21700386028,3972.53850250947,4077.65400033828,4389.58633643137,4404.71736962338,4329.02332978591,4428.58395643759,4397.15169351156
2023-09-23 10:00:00,4813.74199956842,4358.50400316529,4095.96650322096,4855.83783912798,4812.16772861021,4812.626769943,4841.39004443383,4834.0032442523
2023-09-23 11:00:00,4645.87650041596,4338.97150042292,4033.91550249851,4659.62434687511,4644.27300268819,4611.54424904565,4711.27813330944,4651.94883662005
2023-09-23 12:00:00,4497.6140034307,4259.3395031034,4095.3290033791,4506.57696987578,4476.58613356765,4469.78467124348,4512.48330477762,4491.58186789397
2023-09-23 13:00:00,4723.58749747218,4322.5750025938,4440.8240003332,4734.91666993839,4728.35917123762,4702.8504806219,4767.49342561946,4731.6379897191
2023-09-23 14:00:00,4805.03050560085,4387.26800414361,4630.41200199362,4805.37804451372,4824.64625441271,4776.49704746311,4820.22566722218,4815.01194633206
2023-09-23 15:00:00,4200.97050192079,3973.49150129128,4226.74000041885,4200.7703835939,4206.53058444296,4149.18742696738,4234.39777665718,4203.65042329269
2023-09-23 16:00:00,3734.74150139408,3647.46549946209,3912.88799958269,3730.21946608764,3737.44196690798,3710.49353198298,3751.67654377015,3733.83064035607
2023-09-23 17:00:00,3495.858502249,3497.72500005004,3757.89100159879,3478.05787837771,3516.94820241042,3440.42365581552,3512.82064920389,3497.50263040078
2023-09-23 18:00:00,3393.94800302305,3426.77900193352,3635.64300122496,3386.29794698909,3396.33264915298,3320.75874563192,3431.50164436386,3391.31519228224
2023-09-23 19:00:00,3572.27000013262,3477.07250109385,3577.32350106875,3589.3588825757,3567.00837257549,3569.05739690716,3588.34571253739,3578.18386320127
2023-09-23 20:00:00,4986.03950191825,3745.54350259621,3890.93600242247,4926.3259359164,5012.01851391298,4703.08375535838,5012.42011610704,4969.17132151824
2023-09-23 21:00:00,5540.81199982867,4258.97400144592,4362.49350314727,5549.19076073229,5510.15560967381,5508.11146416478,5597.55765659644,5529.67359672314
2023-09-23 22:00:00,5041.06700283266,4842.84700175363,4949.61250269215,5051.29468050224,5051.0181087332,5039.84794436513,5073.89250887758,5051.15639753342
2023-09-23 23:00:00,4363.89800409158,4521.1220019001,4462.87350037904,4377.65266713718,4364.61169855343,4347.18539074545,4363.30043341819,4371.13232032705
2023-09-24,3805.86849997542,3996.57750128047,3878.02149983821,3783.45340255687,3824.88502029218,3771.53055256632,3813.82010690014,3804.16877464018
2023-09-24 01:00:00,3389.28950015618,3550.27300327946,3469.25850314414,3402.89292354181,3396.93857362354,3387.4506203648,3409.03425389103,3399.91581135519
2023-09-24 02:00:00,3082.98200253304,3257.84999884665,3220.30500098492,3077.10181186034,3060.13412763314,3075.79829647624,3086.14425967887,3068.61814862508
2023-09-24 03:00:00,2921.79800113,3081.54900307616,3020.51950285549,2928.33851067688,2919.70110782978,2902.47429039372,2922.24807114546,2924.01990031138
2023-09-24 04:00:00,2868.65400056506,3012.7995023214,2962.15199878078,2872.36366639632,2867.68599817581,2855.91757155156,2875.59099805715,2870.02488159942
2023-09-24 05:00:00,2847.99100213207,3023.2755045637,3052.51449986559,2852.91949720688,2849.88222393281,2848.88323516863,2863.0047777532,2851.40089258968
2023-09-24 06:00:00,2935.42349888431,2684.3255003409,3097.09550037631,2931.94605857874,2920.04233897155,2919.94066184967,2952.34318984926,2925.99432426767
2023-09-24 07:00:00,3158.74700143898,2568.47500065074,3443.8740002038,3145.27139992457,3162.91525415708,3098.07922154656,3177.47414590369,3154.0931410341
2023-09-24 08:00:00,3225.50700133294,3043.41049893526,3872.05250156566,3174.1446414966,3205.10498928649,3198.74847498338,3213.6807196468,3189.62448899842
2023-09-24 09:00:00,4041.23250243498,3696.55300188798,4077.65400033828,4046.97567286658,4071.80430264207,3947.79629756398,4069.41238191652,4059.38972600358
2023-09-24 10:00:00,4526.06449830765,4136.40199957031,4095.96650322096,4531.81695399564,4511.42024489142,4425.58143999834,4526.91312586832,4521.61881447166
2023-09-24 11:00:00,4392.16050295706,4203.11700091604,4033.91550249851,4386.03406805538,4403.22184696647,4334.08484001538,4393.52588893057,4394.62777631229
2023-09-24 12:00:00,4195.74300217244,4135.43500003801,4095.3290033791,4180.98217707708,4218.45286915337,4181.39471306695,4241.52081258364,4199.71712808812
2023-09-24 13:00:00,4381.81200088758,4305.12950276397,4440.8240003332,4395.33174944031,4378.92797648005,4321.11031837315,4403.75110311499,4387.1300358936
2023-09-24 14:00:00,4488.90850111388,4437.49050235003,4630.41200199362,4512.23474853512,4476.42814047602,4421.5643796033,4527.92368676489,4494.33182198941
2023-09-24 15:00:00,4035.31149995071,4158.15449999226,4226.74000041885,4024.32751913217,4031.48211541248,4019.1257046103,4069.74235234881,4027.90474184646
2023-09-24 16:00:00,3716.55450300197,3782.78049983922,3912.88799958269,3730.82456686706,3714.48121278008,3708.17230937577,3745.97264717461,3722.65306212003
2023-09-24 17:00:00,3607.16500377131,3715.63600158005,3757.89100159879,3588.7986710947,3594.06678871166,3576.27236843697,3648.10470143798,3591.43267436513
2023-09-24 18:00:00,3689.7605017476,3751.27450018923,3635.64300122496,3677.30130647409,3669.04839930866,3670.36814819123,3725.0483343315,3673.17493989596
2023-09-24 19:00:00,4306.15199826669,4028.33700247819,3577.32350106875,4320.36455535784,4319.78327497564,4257.12647936768,4368.7103791897,4320.07392129477
2023-09-24 20:00:00,6593.05300218996,4803.6940028799,3890.93600242247,6592.41521874977,6592.69401202209,6421.58663155019,6843.14038947527,6592.55461244681
2023-09-24 21:00:00,6674.23450528318,5320.9565022866,4362.49350314727,6691.16088742048,6623.96386724224,6596.73229604977,6772.38954686294,6657.56308574219
2023-09-24 22:00:00,5442.02650152857,5457.94950379978,4949.61250269215,5407.09239068519,5425.71698083216,5448.01655122645,5515.92429146136,5416.40448941275
2023-09-24 23:00:00,4325.63450027513,4571.14750221872,4462.87350037904,4350.20022521705,4315.33941274833,4312.69750432792,4344.13445159499,4332.77018649567
2023-09-25,3571.18550140166,3812.80499906244,3878.02149983821,3584.13936368246,3585.06449214581,3601.91981358146,3604.8691184285,3584.60191816116
2023-09-25 01:00:00,3199.5475000391,3397.92450404319,3469.25850314414,3204.3509149653,3190.87306028333,3208.11812057051,3221.71997653358,3197.61212971184
2023-09-25 02:00:00,2985.37050006748,3148.71050260798,3220.30500098492,2988.73481198498,2980.42993966785,2944.91831434275,3001.1497453825,2984.58246337883
2023-09-25 03:00:00,2880.41350092518,3025.0705038954,3020.51950285549,2870.48151855914,2880.6115548408,2863.41860380911,2897.88973229547,2875.54642990614
2023-09-25 04:00:00,2861.50300057966,2994.02500433777,2962.15199878078,2864.46650844672,2875.1438698654,2849.26512014537,2869.40459023866,2869.80507659217
2023-09-25 05:00:00,2942.94800486893,3067.71149801568,3052.51449986559,2942.32675636746,2954.58599695472,2930.34815168406,2967.64404377946,2948.45624742055
2023-09-25 06:00:00,3580.15950097551,3091.76900229475,3097.09550037631,3563.07900352256,3554.79654739471,3548.41688902689,3594.43023050481,3558.93786277473
2023-09-25 07:00:00,4692.42300280032,3508.67150374467,3443.8740002038,4678.74226533455,4649.24620995284,4660.26202623915,4938.37652348021,4663.99454859982
2023-09-25 08:00:00,4229.26099768654,3868.24000271223,3872.05250156566,4217.78869644529,4227.74641959572,4263.28720443393,4425.28594366969,4222.76745304325
2023-09-25 09:00:00,4054.21500232414,4089.93500117643,4077.65400033828,4066.59813473398,4049.34627049927,4026.89683449342,4044.99919212113,4057.97238449087
2023-09-25 10:00:00,4001.06950356835,4179.94350156852,4095.96650322096,3987.89731956579,4000.70784045498,4012.33778751117,4035.18335196337,3994.30244495809
2023-09-25 11:00:00,3888.13800323592,4183.36300173879,4033.91550249851,3906.78406433367,3903.98057222198,3916.18105646868,3933.67325668287,3905.38234783307
2023-09-25 12:00:00,4013.66250389052,4281.9530013015,4095.3290033791,4025.12981275768,4000.42544229658,3963.99629840278,4013.28327090592,4012.77788796789
2023-09-25 13:00:00,4343.74399884802,4537.85950070084,4440.8240003332,4362.9627955343,4346.5219609256,4319.05810670953,4357.64361777174,4354.74255155408
2023-09-25 14:00:00,4429.91750043759,4727.99400077015,4630.41200199362,4433.65183483315,4415.78571060494,4396.35149487266,4454.27481405175,4424.718961069
2023-09-25 15:00:00,4188.1425023615,4292.26650282752,4226.74000041885,4184.4378397101,4197.29567161737,4183.98015214819,4201.76629857895,4190.86662011268
2023-09-25 16:00:00,3873.16100139229,4068.67900109151,3912.88799958269,3868.75521887239,3869.43701550787,3835.53562730735,3891.63989271199,3869.09611000243
2023-09-25 17:00:00,3788.2200017685,3990.68950289523,3757.89100159879,3809.96012800152,3809.52956827102,3781.2498224173,3836.24184175788,3809.74485267536
2023-09-25 18:00:00,3803.37000024761,3911.65200090094,3635.64300122496,3806.01821626013,3824.65881078644,3788.89001371289,3834.32841146801,3815.33831700864
2023-09-25 19:00:00,4640.00700089603,4276.07100102503,3577.32350106875,4652.46617375514,4655.89875966478,4570.13557295259,4676.53358148128,4654.18243052262
2023-09-25 20:00:00,6981.03400358092,5180.72500242095,3890.93600242247,7025.3262915493,7037.94675321003,6879.12708661792,6999.11295496656,7031.63638933103
2023-09-25 21:00:00,6679.29700392939,5529.52000025532,4362.49350314727,6652.55497579479,6626.4599702209,6634.23234293728,6668.16013488318,6639.5077481091
2023-09-25 22:00:00,5477.57000476669,5493.65250209486,4949.61250269215,5502.06494877291,5467.62208430412,5502.92305755312,5587.42769016239,5484.84387964536
2023-09-25 23:00:00,4317.43200424954,4605.84550008271,4462.87350037904,4334.77018539104,4313.4545214486,4306.15320439545,4342.52279558227,4324.11257813584
2023-09-26,3768.92150225444,3974.0605006431,3878.02149983821,3755.2993741964,3756.76551039043,3753.27304200432,3800.59677068603,3756.03242683697
2023-09-26 01:00:00,3341.14450252801,3479.58400138607,3469.25850314414,3334.29761604016,3339.72171946861,3351.1053918416,3387.96446437631,3337.00961057189
2023-09-26 02:00:00,3109.6274985983,3224.16650517471,3220.30500098492,3110.77413745697,3108.61576073347,3092.11778341976,3123.31509150797,3109.69497184946
2023-09-26 03:00:00,2971.82800347684,3026.64450340311,3020.51950285549,2985.72178995906,2972.10640759547,2949.37324760564,2990.99731484882,2978.91424231465
2023-09-26 04:00:00,2937.53300432605,2979.62199939799,2962.15199878078,2943.88483573632,2948.37033576748,2933.37449948594,2949.86709243771,2946.12753846444
2023-09-26 05:00:00,3021.4010024789,3097.94800127589,3052.51449986559,3028.86675824462,3020.41968358296,3009.17993366507,3031.13169000864,3024.64330996534
2023-09-26 06:00:00,3641.82100119931,3119.46250026475,3097.09550037631,3664.28758823073,3621.69660356416,3570.64432668069,3659.16713806857,3642.99254490418
2023-09-26 07:00:00,4781.34900313197,3618.68900130154,3443.8740002038,4770.56118880412,4789.22570553479,4761.89862740278,4817.61477910362,4779.89325040261
2023-09-26 08:00:00,4317.71300179861,4014.44650246436,3872.05250156566,4323.08597688249,4308.44586709631,4290.49063766261,4362.15183912778,4315.76607632976
2023-09-26 09:00:00,4037.19200269738,4140.52750166203,4077.65400033828,4049.97895342742,4042.34536976638,4009.06667962804,4058.55383573828,4046.16224207239
2023-09-26 10:00:00,3991.37900258962,4119.28100655158,4095.96650322096,3996.41807006203,3997.73984003828,3991.62005402324,4014.89531673759,3997.07894111567
2023-09-26 11:00:00,3883.2640027125,4057.63500284182,4033.91550249851,3864.31461748153,3869.75815769484,3876.04239739426,3886.70564942217,3867.03633020078
2023-09-26 12:00:00,4031.41650036885,4194.73650531319,4095.3290033791,4027.12143382753,4036.23432156997,3992.53399681987,4025.66780547464,4031.677781628
2023-09-26 13:00:00,4264.52350077895,4504.00250181463,4440.8240003332,4278.51194697698,4265.82967531443,4255.72977062948,4283.24043949994,4272.17094484596
2023-09-26 14:00:00,4370.53100111074,4613.98400094779,4630.41200199362,4375.50161187543,4369.7023045293,4336.00356071482,4378.7316607133,4372.60201934037
2023-09-26 15:00:00,4189.00350154063,4291.65250235808,4226.74000041885,4188.14495221418,4194.385912922,4163.65903366871,4184.85828804396,4191.26536677404
2023-09-26 16:00:00,3899.14450057491,4084.72900088842,3912.88799958269,3894.88541155462,3905.02717884129,3892.40099079932,3926.45651914175,3899.95618828045
2023-09-26 17:00:00,3805.4875052353,3944.50400155748,3757.89100159879,3821.87821752582,3800.05661176952,3794.97417968531,3825.62211824083,3810.96764469748
2023-09-26 18:00:00,3789.06550075801,3888.7250029943,3635.64300122496,3789.67281947061,3797.67937509579,3767.29835828751,3805.74118634066,3793.67601287573
2023-09-26 19:00:00,4675.35850357322,4166.51049937564,3577.32350106875,4706.14173082847,4705.24209517101,4685.84369356922,4707.18140662543,4705.69192248396
2023-09-26 20:00:00,6958.0989963907,5002.06400427909,3890.93600242247,6997.40169538689,6985.10774520904,6821.34209105425,7032.57180336582,6991.25484990442
2023-09-26 21:00:00,6588.32600004808,5483.76650129189,4362.49350314727,6586.64428521007,6562.29778330944,6475.86835184856,6611.80645639398,6574.47129092777
2023-09-26 22:00:00,5431.3709999884,5516.21550051367,4949.61250269215,5399.94177543516,5425.41682053843,5431.37655541734,5536.80918770913,5412.67902942135
2023-09-26 23:00:00,4303.8305009352,4583.18400226114,4462.87350037904,4302.30151038585,4300.28741129322,4295.51939815238,4328.73840834974,4301.29448207276
2023-09-27,3757.0485000913,3937.83000165178,3878.02149983821,3755.23523978876,3758.97729436064,3752.3530038363,3793.24053673242,3757.10622762486
2023-09-27 01:00:00,3383.91000313265,3524.4159997399,3469.25850314414,3382.48819238866,3389.5743668891,3368.55411858107,3399.20445697507,3386.03120493433
2023-09-27 02:00:00,3171.85299924866,3284.64199897763,3220.30500098492,3172.32808364675,3171.42956735908,3120.90554167964,3189.74393331499,3171.87883497534
2023-09-27 03:00:00,3005.3110007355,3089.69300293387,3020.51950285549,3002.86808865374,3010.90573770284,3001.4017063884,3014.84059008864,3006.88682844302
2023-09-27 04:00:00,2967.57700381998,3037.19650082325,2962.15199878078,2974.9621181426,2976.86939604529,2951.90806839991,2982.8164340376,2975.91573698686
2023-09-27 05:00:00,3021.07200477459,3120.3994991259,3052.51449986559,3014.84249411641,3020.92974334306,3003.20613583689,3034.11446392334,3017.88605455616
2023-09-27 06:00:00,3720.87400256668,3167.17199901131,3097.09550037631,3719.4372433915,3709.79984382999,3635.38642640363,3719.69715162481,3714.61864521106
2023-09-27 07:00:00,4876.43999999797,3586.44450181129,3443.8740002038,4871.42747555864,4856.64439280819,4833.79006486,4886.5049530868,4864.03609003104
2023-09-27 08:00:00,4429.97100349842,3889.14750203351,3872.05250156566,4413.68744268444,4408.29019411053,4425.83051651034,4439.36923546949,4410.98887529687
2023-09-27 09:00:00,4111.95050162642,4103.82249803317,4077.65400033828,4120.86939504609,4135.22760116626,4116.5998150853,4102.00999156525,4128.04834673773
2023-09-27 10:00:00,3998.49500155554,4117.45250114182,4095.96650322096,4006.60154105252,3990.00212676743,3990.1619868504,4000.15451144536,3998.3020089059
2023-09-27 11:00:00,3911.427502629,4014.28799769632,4033.91550249851,3927.18551706474,3900.19129879757,3894.42883665393,3938.54312655733,3913.68869251217
2023-09-27 12:00:00,4069.56400115165,4111.64700231131,4095.3290033791,4065.02766461002,4057.09067541801,4034.63680194692,4076.95791538011,4061.0592536881
2023-09-27 13:00:00,4353.89300309762,4453.63600384444,4440.8240003332,4344.39937665769,4355.71947824923,4319.78739559764,4370.06078671152,4350.05930811361
2023-09-27 14:00:00,4406.51250249415,4629.46149996202,4630.41200199362,4411.39385917356,4417.84173044204,4394.74143148861,4422.69064516671,4414.61772683244
2023-09-27 15:00:00,4206.34250184783,4288.95700080122,4226.74000041885,4203.33528894448,4218.83918928517,4196.99139333108,4216.44135685808,4211.08707566813
2023-09-27 16:00:00,3938.72549996723,4109.54250011093,3912.88799958269,3932.18781862901,3926.98092616647,3925.33302554313,3966.69707681611,3929.58442729034
2023-09-27 17:00:00,3858.44500198326,4042.09200018295,3757.89100159879,3863.90455182346,3839.68695709279,3841.21096941784,3861.30661131495,3851.79600976716
2023-09-27 18:00:00,3829.88500591984,3890.35600409959,3635.64300122496,3838.71100329701,3820.76426850118,3825.24625352446,3856.13124586646,3829.73782509887
2023-09-27 19:00:00,4643.84349999693,4128.75250369054,3577.32350106875,4659.85041996296,4648.01349330552,4615.43448528887,4658.3998067834,4653.93208142261
2023-09-27 20:00:00,6795.673499775,4866.06450009916,3890.93600242247,6822.10909935014,6838.00550401505,6663.87473297072,6896.84596098844,6830.05713409801
2023-09-27 21:00:00,6527.54450403375,5215.71400297561,4362.49350314727,6600.1670584622,6579.59606501572,6446.97603999789,6609.56804072281,6589.88177860445
2023-09-27 22:00:00,5431.09449918638,5440.81550056499,4949.61250269215,5401.24139028371,5450.15796579403,5442.38117025581,5570.97302497513,5425.69916234589
2023-09-27 23:00:00,4385.71200250904,4616.35249849106,4462.87350037904,4399.55865528005,4367.71451263348,4363.77910360793,4394.65759017409,4383.63691966712
2023-09-28,3772.15200297115,3985.94000082661,3878.02149983821,3787.37563508962,3767.97044560526,3763.83918558813,3785.65657675325,3777.67324492268
2023-09-28 01:00:00,3358.80400028825,3533.07100122375,3469.25850314414,3358.92561043438,3350.68024216807,3337.17073956847,3375.46369938674,3354.80301322634
2023-09-28 02:00:00,3141.1705003333,3257.75550389697,3220.30500098492,3146.90843986415,3127.56387803382,3121.46234289925,3146.62445188841,3137.23636288507
2023-09-28 03:00:00,2986.10950395186,3068.56349791156,3020.51950285549,2991.06984921571,2994.47476434818,2974.76859842401,3011.33662509339,2992.77227088632
2023-09-28 04:00:00,2944.93000026431,3005.89000203146,2962.15199878078,2942.16670867608,2955.58820275948,2945.9116211524,2960.97435193578,2948.87731422443
2023-09-28 05:00:00,3022.04450390767,3080.66700125381,3052.51449986559,3017.80281902626,3008.06342630644,3009.49285963986,3019.32205042364,3012.9332253419
2023-09-28 06:00:00,3662.3069991651,3127.032999933,3097.09550037631,3666.83442861852,3661.62884374021,3615.71080492599,3658.32250854881,3664.23169105818
2023-09-28 07:00:00,4850.28650304186,3536.91050184076,3443.8740002038,4839.43080549632,4850.09366960188,4812.05297511711,4889.53559948518,4844.76212513804
2023-09-28 08:00:00,4405.44950042898,3965.535000748,3872.05250156566,4417.22415507445,4391.28430446197,4384.7922646497,4420.05470572091,4404.25450323378
2023-09-28 09:00:00,4118.95899848477,4109.49650311226,4077.65400033828,4122.28593780335,4123.35167164443,4112.53753134913,4142.05346487085,4122.81879348861
2023-09-28 10:00:00,4046.79350406863,4106.71250284731,4095.96650322096,4072.17767275172,4062.66744326929,4015.02936394246,4052.70822376043,4067.42265827015
2023-09-28 11:00:00,3925.34700310818,4050.99200042791,4033.91550249851,3914.32402366774,3909.16793352071,3898.00799645862,3940.30933167425,3911.74603295125
2023-09-28 12:00:00,4043.71100243274,4204.54800402035,4095.3290033791,4030.27029838792,4047.01772523653,4023.64456560922,4053.11416541376,4038.64383525591
2023-09-28 13:00:00,4359.23150394409,4558.02100177261,4440.8240003332,4347.94939637223,4359.28999231615,4349.99364880457,4367.82283857796,4353.61957478828
2023-09-28 14:00:00,4438.63950308587,4610.15600136656,4630.41200199362,4453.88378562528,4431.44478543322,4398.86839960473,4463.18086090782,4442.66452208782
2023-09-28 15:00:00,4184.92900176265,4323.3590012677,4226.74000041885,4181.07528290769,4187.52176274944,4168.41988336227,4185.78452187154,4184.29845486787
2023-09-28 16:00:00,3950.64300122525,4013.83449905342,3912.88799958269,3948.13701168169,3955.56537923786,3930.37628195736,3968.8052638716,3951.85111714773
2023-09-28 17:00:00,3911.24050075095,3982.3855019355,3757.89100159879,3916.85976570449,3897.92247456949,3890.21833735073,3927.13451576468,3907.3913197795
2023-09-28 18:00:00,3884.93700110971,3920.20749899792,3635.64300122496,3906.1631340438,3888.69343372097,3859.1119390489,3896.93724897986,3897.42846805312
2023-09-28 19:00:00,4422.12100013136,4119.91100104165,3577.32350106875,4444.83058733599,4427.26192267963,4421.28602108362,4440.61863770896,4436.04644022186
2023-09-28 20:00:00,6370.10700066655,4719.11000241095,3890.93600242247,6334.05401186653,6293.23738754333,6191.06423107971,6419.49220400139,6313.64613000583
2023-09-28 21:00:00,6197.39450235222,5144.51949917001,4362.49350314727,6232.63624324585,6172.49072338281,6100.66630015555,6243.36191655725,6202.56411738616
2023-09-28 22:00:00,5303.6380021713,5334.03500121133,4949.61250269215,5289.42649022033,5321.94250719878,5281.21920839632,5370.91975784935,5305.68415591611
2023-09-28 23:00:00,4352.22600065009,4501.58650224423,4462.87350037904,4373.09962546957,4339.10673704437,4328.69711694346,4363.09233231813,4356.10353962004
2023-09-29,3787.4690036854,3878.02149983821,3878.02149983821,3788.10280275256,3784.50476732307,3781.21735924599,3823.09760029789,3786.30382296936
2023-09-29 01:00:00,3399.19000025641,3469.25850314414,3469.25850314414,3388.56868559908,3388.00001621484,3375.94352043646,3407.9287320238,3388.28435690204
2023-09-29 02:00:00,3135.9500023186,3220.30500098492,3220.30500098492,3148.93649095426,3127.88015890776,3081.14035398839,3160.60782725495,3138.40854691308
2023-09-29 03:00:00,3008.41900292679,3020.51950285549,3020.51950285549,3016.46821825475,3015.24615164512,2990.53795416518,3012.22732105139,3015.85719783333
2023-09-29 04:00:00,2975.7680032861,2962.15199878078,2962.15199878078,2982.44165128149,2989.61374021524,2975.94230730521,3011.11542853352,2986.02762013808
2023-09-29 05:00:00,3076.89650277991,3052.51449986559,3052.51449986559,3072.88419553384,3088.02613221757,3071.37367732271,3105.13910301155,3080.45500424494
2023-09-29 06:00:00,3640.26100016199,3097.09550037631,3097.09550037631,3626.42326022819,3631.77117545681,3554.68464378481,3643.11423458589,3629.0971614632
2023-09-29 07:00:00,4744.54350221145,3443.8740002038,3443.8740002038,4749.29856169574,4753.67063592877,4719.56331696958,4786.6498685456,4751.48455272056
2023-09-29 08:00:00,4387.17800320021,3872.05250156566,3872.05250156566,4398.80160993185,4381.61880668739,4372.21229734133,4426.36671181074,4390.2103894558
2023-09-29 09:00:00,4102.54350105871,4077.65400033828,4077.65400033828,4132.97877271789,4101.30963593544,4083.66035063282,4110.87844754791,4117.14453819206
2023-09-29 10:00:00,4036.51950140577,4095.96650322096,4095.96650322096,4044.07303958227,4041.2619692076,4020.65955340343,4063.04725171405,4042.66753403007
2023-09-29 11:00:00,3965.55499887379,4033.91550249851,4033.91550249851,3959.30004558472,3961.72437915383,3937.30349806847,3984.29323332951,3960.51218681124
2023-09-29 12:00:00,4079.93100138521,4095.3290033791,4095.3290033791,4083.30309640161,4078.66556301591,4080.73592582171,4114.1658882229,4080.98437859901
2023-09-29 13:00:00,4320.77650223032,4440.8240003332,4440.8240003332,4316.08236798387,4319.1363860595,4291.62036723093,4326.45558470739,4317.60934482533
2023-09-29 14:00:00,4494.63500111335,4630.41200199362,4630.41200199362,4486.91368551269,4488.32307572666,4476.03104732115,4520.15594301844,4487.61836576147
2023-09-29 15:00:00,4288.32500185701,4226.74000041885,4226.74000041885,4276.58034107704,4295.03592269291,4281.39406940465,4285.25928543281,4285.80793732079
2023-09-29 16:00:00,3998.91349940794,3912.88799958269,3912.88799958269,3994.77627841296,4007.76662922582,3951.38302957137,4014.87999734193,4001.27131687127
2023-09-29 17:00:00,3930.7780023489,3757.89100159879,3757.89100159879,3913.845701299,3925.59888999443,3908.86589402157,3958.55494174747,3919.72217174113
2023-09-29 18:00:00,3822.49750099529,3635.64300122496,3635.64300122496,3818.87155293051,3818.90955701589,3797.05269918205,3835.59416864185,3818.89055457255
2023-09-29 19:00:00,4013.8790024902,3577.32350106875,3577.32350106875,4004.78052700203,4017.54645194483,3979.09350870254,4032.88218396997,4011.16335489128
2023-09-29 20:00:00,5345.49899804592,3890.93600242247,3890.93600242247,5297.74804720164,5333.67672239032,5003.62093184908,5483.78200388102,5315.71200602528
2023-09-29 21:00:00,5675.10700383049,4362.49350314727,4362.49350314727,5699.7642256414,5648.00409847197,5532.31137629557,5710.25012301474,5673.88470772723
2023-09-29 22:00:00,5124.61049898004,4949.61250269215,4949.61250269215,5136.35377631902,5129.98858903912,5098.82039694309,5147.67890589067,5133.17124978276
2023-09-29 23:00:00,4450.01400001743,4462.87350037904,4462.87350037904,4442.39171042502,4453.39963050298,4428.27136331445,4464.13887297963,4447.89555441526
2023-09-30,3922.33499931835,4023.42650119867,3878.02149983821,3928.42474270043,3919.70168112643,3927.04086285614,3951.75997616369,3924.06330387452
2023-09-30 01:00:00,3509.29050685279,3609.41050378873,3469.25850314414,3499.86753105251,3494.20150734622,3479.63549313762,3497.61312071378,3497.03457893226
2023-09-30 02:00:00,3231.59250349144,3294.22500246519,3220.30500098492,3233.96293309104,3240.28139184868,3185.17976208069,3265.6189629491,3237.1220958588
2023-09-30 03:00:00,3080.91750255425,3084.05800014839,3020.51950285549,3075.36198526364,3089.36976610068,3041.84394960211,3105.69605501435,3082.365728008
2023-09-30 04:00:00,3003.62750264059,3024.46650301048,2962.15199878078,3004.85247268907,2993.86063523098,2987.83742740251,3016.94089579218,2999.35666983922
2023-09-30 05:00:00,2991.30600242235,3007.75600211474,3052.51449986559,2995.76123663754,2999.81584973674,2993.06388328796,3016.25022298345,2997.78850044222
2023-09-30 06:00:00,3089.43050426117,2710.46800186485,3097.09550037631,3071.42364813778,3075.72494076291,3030.92349719605,3120.51851912387,3073.57424910485
2023-09-30 07:00:00,3446.77350376092,2681.48850309057,3443.8740002038,3415.68109877448,3387.10810097477,3259.28238507132,3437.8974455027,3401.39490109961
2023-09-30 08:00:00,3678.3075014858,3248.19900084962,3872.05250156566,3694.02343696886,3679.60213769231,3624.6275205994,3673.64681828862,3686.81293936418
2023-09-30 09:00:00,4414.87850203097,3972.53850250947,4077.65400033828,4381.75908589911,4358.1382962913,4326.47621967282,4397.63074147146,4369.94894011254
2023-09-30 10:00:00,4729.72699992091,4358.50400316529,4095.96650322096,4729.8813025438,4724.83345622413,4720.66640643172,4715.33344600022,4727.35743259985
2023-09-30 11:00:00,4497.4505035975,4338.97150042292,4033.91550249851,4533.76070725398,4495.32854668253,4475.66814352076,4505.67459122826,4514.54503213144
2023-09-30 12:00:00,4294.15150018001,4259.3395031034,4095.3290033791,4287.71531171044,4284.85871000339,4273.62517131915,4315.86634180985,4286.28704097205
2023-09-30 13:00:00,4486.57299953187,4322.5750025938,4440.8240003332,4473.24750835626,4475.45468443848,4442.07601177246,4505.85940470948,4474.35107312867
2023-09-30 14:00:00,4501.16349782702,4387.26800414361,4630.41200199362,4500.56780266863,4493.98230588233,4495.45290136067,4539.05908319631,4497.27512370173
2023-09-30 15:00:00,4068.40200041234,3973.49150129128,4226.74000041885,4057.29389452948,4077.25349341489,4065.8697974208,4085.19544067107,4067.2734835522
2023-09-30 16:00:00,3692.99800073053,3647.46549946209,3912.88799958269,3709.57202715801,3705.72527599773,3688.21896332307,3718.92724296398,3707.64869213146
2023-09-30 17:00:00,3552.00600022601,3497.72500005004,3757.89100159879,3548.04992286936,3554.44050267805,3506.40257308529,3564.83129754844,3551.24514540232
2023-09-30 18:00:00,3482.26300381497,3426.77900193352,3635.64300122496,3470.64868255829,3474.76934884353,3476.94782328536,3483.1425374428,3472.70897225963
2023-09-30 19:00:00,3762.25950254058,3477.07250109385,3577.32350106875,3749.84786596683,3754.13958760917,3723.81549583173,3772.18540271567,3751.9936815434
2023-09-30 20:00:00,5042.53700076393,3745.54350259621,3890.93600242247,5033.52736504187,5038.9057962865,4852.8980561328,5064.94195130641,5036.21652396317
2023-09-30 21:00:00,5294.30900492345,4258.97400144592,4362.49350314727,5271.16815059165,5282.10588576268,5231.91683307409,5338.08944723899,5276.63690286833
2023-09-30 22:00:00,4944.0120024886,4842.84700175363,4949.61250269215,4952.1810276111,4938.91355611684,4906.78067663399,4977.98540235389,4945.54743173357
2023-09-30 23:00:00,4395.84350200824,4521.1220019001,4462.87350037904,4393.20293706947,4384.02273056014,4371.14891848322,4416.35017813399,4388.61293059525
2023-10-01,3866.43750297639,3996.57750128047,3878.02149983821,3863.96736820409,3855.7045696152,3852.07605202957,3891.08679771701,3859.83605601851
2023-10-01 01:00:00,3470.17800549639,3550.27300327946,3469.25850314414,3473.18660755015,3466.73044181193,3461.94508692547,3492.53526268736,3469.95859274384
2023-10-01 02:00:00,3184.03100480314,3257.84999884665,3220.30500098492,3181.21068064922,3188.17720886098,3123.37766329478,3217.77611364414,3184.6938713119
2023-10-01 03:00:00,3030.76500413346,3081.54900307616,3020.51950285549,3033.99032965772,3045.59549205742,3016.02291109696,3043.46363074571,3039.79278851252
2023-10-01 04:00:00,2964.65000347968,3012.7995023214,2962.15199878078,2957.94751569845,2978.07802617481,2940.99613070366,2992.22452458607,2968.01255871485
2023-10-01 05:00:00,2971.5774993191,3023.2755045637,3052.51449986559,2976.25196308041,2973.41947619492,2950.36101993142,2992.14459793535,2974.83574949858
2023-10-01 06:00:00,3020.93450347171,2684.3255003409,3097.09550037631,3013.28589720261,3023.1957948503,3005.58792294695,3034.35471782092,3018.24074155339
2023-10-01 07:00:00,3248.20100018533,2568.47500065074,3443.8740002038,3246.97242867932,3252.90224145536,3161.74474098011,3268.48940601703,3249.9372725535
2023-10-01 08:00:00,3330.24800167873,3043.41049893526,3872.05250156566,3286.94441574768,3287.32960015057,3355.09739437119,3336.70279379831,3287.1370038884
2023-10-01 09:00:00,4067.35050276801,3696.55300188798,4077.65400033828,4065.46221360115,4087.06248200945,3975.36027908797,4087.553745229,4076.26212008889
2023-10-01 10:00:00,4413.81750220049,4136.40199957031,4095.96650322096,4408.50857007049,4375.39563863494,4309.28846006594,4428.93459389225,4391.95245343901
2023-10-01 11:00:00,4261.32599893259,4203.11700091604,4033.91550249851,4259.28749872713,4274.16739353748,4215.96275822116,4318.72028578485,4266.72728926406
2023-10-01 12:00:00,4109.56350399944,4135.43500003801,4095.3290033791,4102.34547885546,4111.26668376894,4055.21798077314,4120.90589181823,4106.80598726222
2023-10-01 13:00:00,4301.71050102403,4305.12950276397,4440.8240003332,4283.58656680583,4296.23651702677,4253.24606078825,4318.93863043629,4289.91140855679
2023-10-01 14:00:00,4483.48700253735,4437.49050235003,4630.41200199362,4472.86606424134,4487.06881480194,4466.17053855075,4542.85351820914,4479.96728979205
2023-10-01 15:00:00,4062.05749982438,4158.15449999226,4226.74000041885,4060.30377279946,4072.03347269203,4043.65663411786,4072.0062823509,4066.16849908779
2023-10-01 16:00:00,3763.87950198189,3782.78049983922,3912.88799958269,3760.57137405637,3768.74690956351,3753.56664249384,3781.76205600127,3764.65905562103
2023-10-01 17:00:00,3679.42900440999,3715.63600158005,3757.89100159879,3692.22831985924,3684.85347344342,3658.336467783,3715.31045131032,3688.54097439914
2023-10-01 18:00:00,3849.48250015883,3751.27450018923,3635.64300122496,3840.31185929395,3863.40302477237,3799.12148454033,3902.40932679346,3851.85719859928
2023-10-01 19:00:00,4573.00500264915,4028.33700247819,3577.32350106875,4610.18652220833,4584.00193576082,4530.74062752196,4613.24692397976,4597.09450503021
2023-10-01 20:00:00,6735.03900307161,4803.6940028799,3890.93600242247,6704.7867148457,6725.6611853044,6553.94075229182,6955.40315324787,6715.22373001022
2023-10-01 21:00:00,6612.78850351076,5320.9565022866,4362.49350314727,6570.57858177914,6564.75812901311,6528.82135820794,6650.21038955383,6567.66841675706
2023-10-01 22:00:00,5464.95150045713,5457.94950379978,4949.61250269215,5474.44609903761,5485.89561209922,5409.47014188685,5576.13516070716,5480.17073486427
2023-10-01 23:00:00,4392.90550332621,4571.14750221872,4462.87350037904,4398.7898283662,4403.50326890564,4385.69580307511,4429.80919619031,4401.14649894544
2023-10-02,3673.38150311529,3812.80499906244,3878.02149983821,3663.54421559847,3660.4903173829,3649.38210604718,3669.27940861803,3662.01729868578
2023-10-02 01:00:00,3323.18400083319,3397.92450404319,3469.25850314414,3322.41362740444,3305.31650916112,3288.33013489449,3330.82881723364,3313.86524852565
2023-10-02 02:00:00,3105.95400449762,3148.71050260798,3220.30500098492,3119.78644476725,3113.5276389321,3079.08348995061,3103.45700342973,3116.65710783186
2023-10-02 03:00:00,2998.61650411098,3025.0705038954,3020.51950285549,3006.87775216076,3002.77927606475,2981.075441623,3001.08962144933,3004.8285573201
2023-10-02 04:00:00,2970.97550375387,2994.02500433777,2962.15199878078,2976.45477594451,2964.8807423903,2955.53322063718,2988.94072707727,2970.66788118428
2023-10-02 05:00:00,3066.87250286015,3067.71149801568,3052.51449986559,3062.68571417336,3064.06313907055,3048.56631957889,3096.57227679393,3063.37441210074
2023-10-02 06:00:00,3639.79100234574,3091.76900229475,3097.09550037631,3631.7263282636,3635.25811531888,3573.46576205877,3649.19412200204,3633.4921845581
2023-10-02 07:00:00,4786.66750394402,3508.67150374467,3443.8740002038,4820.95253626846,4814.64247940932,4706.436113721,5035.42714297086,4817.79757436137
2023-10-02 08:00:00,4485.30250214483,3868.24000271223,3872.05250156566,4401.2334565247,4388.30707094304,4359.96368840182,4515.2906417868,4394.77040000765
2023-10-02 09:00:00,4207.73299984628,4089.93500117643,4077.65400033828,4233.5437197049,4220.59417170531,4195.38629011966,4229.94489241087,4227.06908222306
2023-10-02 10:00:00,4087.092499719,4179.94350156852,4095.96650322096,4087.00729191836,4082.19203535746,4073.18340182394,4113.75775754927,4084.59971440177
2023-10-02 11:00:00,4025.80300344573,4183.36300173879,4033.91550249851,4032.50772878754,4027.79579940799,3990.79007059767,4043.1205070174,4030.15181377232
2023-10-02 12:00:00,4182.78050681303,4281.9530013015,4095.3290033791,4167.99225087852,4191.59412203216,4145.36582992561,4194.02983620404,4179.79293763745
2023-10-02 13:00:00,4466.32150314492,4537.85950070084,4440.8240003332,4459.24065190312,4464.67970834036,4413.22124075145,4499.34393750114,4461.9601227816
2023-10-02 14:00:00,4556.56950391835,4727.99400077015,4630.41200199362,4554.18075716838,4563.40529870771,4531.1512175625,4564.3456340742,4558.79293069021
2023-10-02 15:00:00,4369.89900088042,4292.26650282752,4226.74000041885,4360.13321624699,4359.51454611338,4338.98670630276,4405.55777366816,4359.82388770239
2023-10-02 16:00:00,4110.07749890978,4068.67900109151,3912.88799958269,4135.78461270303,4111.66672306358,4085.18374998886,4126.0193034261,4123.72592214122
2023-10-02 17:00:00,4109.80600088736,3990.68950289523,3757.89100159879,4094.41500634845,4119.34166829531,4104.9379113207,4081.98565669841,4106.87807453765
2023-10-02 18:00:00,4116.60700246098,3911.65200090094,3635.64300122496,4125.07068031676,4114.37389346446,4099.23665818117,4125.09448646838,4119.7223996593
2023-10-02 19:00:00,5073.28350243112,4276.07100102503,3577.32350106875,5095.24150837361,5062.46895064706,4990.56535044185,5090.9717807659,5078.85557500831
2023-10-02 20:00:00,7172.59800365928,5180.72500242095,3890.93600242247,7191.77099408522,7215.2273134871,7043.7423383655,7295.13211817405,7203.49890650272
2023-10-02 21:00:00,6711.85900671885,5529.52000025532,4362.49350314727,6699.20513422219,6751.20937939423,6701.47514962564,6784.95220015469,6725.20670856411
2023-10-02 22:00:00,5569.13649779896,5493.65250209486,4949.61250269215,5569.11509121991,5578.44398490306,5549.5728512012,5667.95613611287,5573.77943971353
2023-10-02 23:00:00,4401.64750136284,4605.84550008271,4462.87350037904,4405.65295055931,4393.24929516819,4396.02020969908,4458.35560772199,4399.45125362675
2023-10-03,3846.2995008796,3974.0605006431,3878.02149983821,3838.34980955832,3857.04360861126,3823.33465898352,3875.8612272752,3847.69651200924
2023-10-03 01:00:00,3456.09450201876,3479.58400138607,3469.25850314414,3481.64221482043,3472.89370549805,3432.09092289927,3478.72609836547,3477.26805238861
2023-10-03 02:00:00,3183.19550108199,3224.16650517471,3220.30500098492,3189.12085601866,3176.35278896747,3141.53749951498,3217.05482340677,3182.7369570978
2023-10-03 03:00:00,3031.54450394504,3026.64450340311,3020.51950285549,3039.81519133353,3023.91690527428,3019.16651263604,3032.74277589944,3031.86621590833
2023-10-03 04:00:00,3011.07200452976,2979.62199939799,2962.15199878078,2998.87413798876,3015.70642939852,2995.33189916092,3026.87236855201,3007.29010624266
2023-10-03 05:00:00,3091.60900251544,3097.94800127589,3052.51449986559,3096.34189835455,3096.71112143641,3072.53419381749,3091.01179607712,3096.52650600302
2023-10-03 06:00:00,3713.09500019893,3119.46250026475,3097.09550037631,3722.06376766522,3707.71602027831,3637.51982790154,3722.2776844088,3714.89004522995
2023-10-03 07:00:00,4916.58400073147,3618.68900130154,3443.8740002038,4913.37239903015,4895.44843139171,4840.65121072134,4931.03822241574,4904.41060417069
2023-10-03 08:00:00,4585.54349849967,4014.44650246436,3872.05250156566,4589.53773717094,4572.99185531589,4558.20647912073,4612.89049815521,4581.26497067498
2023-10-03 09:00:00,4235.77300057316,4140.52750166203,4077.65400033828,4236.52774708395,4230.97796404349,4216.20808351051,4272.67542898685,4233.75291407117
2023-10-03 10:00:00,4231.16400210507,4119.28100655158,4095.96650322096,4234.73429838647,4236.29258052036,4216.4091804568,4262.57151804991,4235.51342302555
2023-10-03 11:00:00,4134.29050197441,4057.63500284182,4033.91550249851,4142.42122495461,4159.47096746736,4131.18634730277,4153.46022838064,4150.94591646757
2023-10-03 12:00:00,4312.54900164867,4194.73650531319,4095.3290033791,4308.4243258577,4311.67738706265,4272.54908432519,4339.28058055562,4310.05082216544
2023-10-03 13:00:00,4503.82100119506,4504.00250181463,4440.8240003332,4509.41517520915,4498.85469177993,4480.58906067947,4510.96841268839,4504.13504482627
2023-10-03 14:00:00,4583.06050257804,4613.98400094779,4630.41200199362,4574.16648297266,4567.72547437985,4560.79427213782,4600.71817055698,4570.94604657927
2023-10-03 15:00:00,4303.4590011501,4291.65250235808,4226.74000041885,4301.51038685147,4301.85877471972,4290.86718114578,4338.15486032805,4301.68457711279
2023-10-03 16:00:00,4071.01700145967,4084.72900088842,3912.88799958269,4069.35188424173,4078.88733736283,4038.89183845445,4084.07328768503,4074.11951027672
2023-10-03 17:00:00,4105.46000456018,3944.50400155748,3757.89100159879,4099.04108445842,4107.28802014657,4076.09463906045,4118.37906207041,4103.16446536087
2023-10-03 18:00:00,4234.92550148699,3888.7250029943,3635.64300122496,4204.71496882974,4240.04428573693,4196.56303891353,4246.71903693962,4222.37925483125
2023-10-03 19:00:00,5384.79999863438,4166.51049937564,3577.32350106875,5365.71740654789,5378.41489826877,5370.59701464501,5418.09908549671,5372.06601854762
2023-10-03 20:00:00,7243.32750135439,5002.06400427909,3890.93600242247,7229.80886526853,7245.50923075558,7033.28285940419,7327.33564131124,7237.65888249417
2023-10-03 21:00:00,6675.5495025866,5483.76650129189,4362.49350314727,6741.68385735534,6725.10309962815,6725.73175115861,6753.05130145366,6733.39365329098
2023-10-03 22:00:00,5513.52699980955,5516.21550051367,4949.61250269215,5488.06737483403,5517.67133589003,5504.72899258848,5657.57467205221,5502.86904326833
2023-10-03 23:00:00,4364.52950135444,4583.18400226114,4462.87350037904,4367.39970386931,4364.36190339505,4353.3186127473,4418.73100257891,4365.88083565757
2023-10-04,3836.88650580379,3937.83000165178,3878.02149983821,3826.52639452836,3827.10039095434,3816.36762430156,3850.29796586393,3826.81338669011
2023-10-04 01:00:00,3482.13500140922,3524.4159997399,3469.25850314414,3483.08267327816,3483.30535537239,3468.69540708104,3481.25905469739,3483.1940119777
2023-10-04 02:00:00,3234.99549967144,3284.64199897763,3220.30500098492,3247.03469216411,3245.93689990604,3219.71979764418,3228.12212526056,3246.48580760833
2023-10-04 03:00:00,3069.92850013601,3089.69300293387,3020.51950285549,3077.21079612833,3064.71797713894,3055.21027131969,3074.44003236378,3070.96451833662
2023-10-04 04:00:00,3045.06999727036,3037.19650082325,2962.15199878078,3048.88170204677,3047.95273147682,3024.36408008613,3056.52505183548,3048.41722655527
2023-10-04 05:00:00,3135.71350230626,3120.3994991259,3052.51449986559,3140.2180069216,3128.10694600749,3115.43214804688,3143.5910859636,3134.16260414293
2023-10-04 06:00:00,3805.1209997792,3167.17199901131,3097.09550037631,3803.5658247716,3799.17947023487,3727.18456186673,3815.46852041256,3801.37269374548
2023-10-04 07:00:00,5047.93950505625,3586.44450181129,3443.8740002038,5059.13481178917,5046.77043714228,4969.21821546102,5059.29735686347,5052.95275481461
2023-10-04 08:00:00,4667.96050046198,3889.14750203351,3872.05250156566,4665.33629528026,4649.98244841055,4619.54832223146,4678.24685913071,4657.65953371019
2023-10-04 09:00:00,4312.44800337154,4103.82249803317,4077.65400033828,4317.82408539858,4318.11886513723,4324.36783495659,4341.64885692046,4317.97147216025
2023-10-04 10:00:00,4136.97200324992,4117.45250114182,4095.96650322096,4144.8549765949,4134.23762153627,4109.84725054967,4167.15164658328,4139.54641099688
2023-10-04 11:00:00,4044.59950111527,4014.28799769632,4033.91550249851,4048.17987514212,4059.29723030402,4012.14259398234,4063.3456975381,4053.73843552063
2023-10-04 12:00:00,4157.00850445946,4111.64700231131,4095.3290033791,4164.64520669917,4155.6319729288,4103.00791138934,4165.22816189753,4160.13868483416
2023-10-04 13:00:00,4433.93899851816,4453.63600384444,4440.8240003332,4418.9218975592,4426.02472148017,4427.20279939906,4486.91901184349,4422.47323463962
2023-10-04 14:00:00,4437.02249593916,4629.46149996202,4630.41200199362,4438.54827805515,4430.69665032885,4418.65934843273,4438.58165742949,4434.62254696617
2023-10-04 15:00:00,4227.19400098902,4288.95700080122,4226.74000041885,4229.47838207203,4218.73455742376,4210.40052282405,4232.22121266242,4224.10658301247
2023-10-04 16:00:00,3985.0129997005,4109.54250011093,3912.88799958269,3979.11122297992,3980.89308335443,3962.83560457762,4014.50469040241,3980.00213438228
2023-10-04 17:00:00,3893.92349923117,4042.09200018295,3757.89100159879,3898.03076154103,3894.40654689511,3857.45939384687,3901.04337853906,3896.21869242561
2023-10-04 18:00:00,3923.82849980786,3890.35600409959,3635.64300122496,3916.88939830858,3932.82155479611,3925.20571654635,3940.56493329484,3924.85530859085
2023-10-04 19:00:00,4921.31850242848,4128.75250369054,3577.32350106875,4896.93764596542,4934.98137960528,4756.21511900927,4923.42903751943,4915.95911171708
2023-10-04 20:00:00,7022.27950175328,4866.06450009916,3890.93600242247,6948.39332009931,7085.33051597424,6907.83388355944,7046.91413218005,7016.86047440443
2023-10-04 21:00:00,6542.38699950464,5215.71400297561,4362.49350314727,6510.69827746258,6539.87797932749,6381.0082411224,6609.09523296013,6525.28782077401
2023-10-04 22:00:00,5478.17749607447,5440.81550056499,4949.61250269215,5478.90222104982,5460.77870129884,5453.95428652932,5554.87411337354,5469.84065223782
2023-10-04 23:00:00,4387.55400417803,4616.35249849106,4462.87350037904,4385.33981212664,4379.88879756024,4375.8839836451,4414.56013772068,4382.61436230965
2023-10-05,3789.66799961973,3985.94000082661,3878.02149983821,3791.8337444558,3786.722041573,3788.78519986002,3801.66643928046,3789.27794690348
2023-10-05 01:00:00,3405.86700261,3533.07100122375,3469.25850314414,3388.74599057915,3409.87013627795,3386.37793938458,3450.78407528338,3399.30784073157
2023-10-05 02:00:00,3164.89499833586,3257.75550389697,3220.30500098492,3168.63976189829,3157.40435303263,3131.27174323983,3178.32603543781,3163.02217591246
2023-10-05 03:00:00,3014.23150166264,3068.56349791156,3020.51950285549,3030.41586219334,3009.58186287681,3003.10299637502,3010.98042043451,3019.99908217325
2023-10-05 04:00:00,2999.69100206927,3005.89000203146,2962.15199878078,2996.97961724533,3007.02478632643,2992.09321764404,3023.07754914991,3002.00209588674
2023-10-05 05:00:00,3091.58150354365,3080.66700125381,3052.51449986559,3092.06698181245,3094.63500956326,3071.78977172523,3104.7273782345,3093.35096861495
2023-10-05 06:00:00,3713.1230044968,3127.032999933,3097.09550037631,3709.74722086656,3710.26700730839,3669.39141836574,3718.55831095668,3710.00710860773
2023-10-05 07:00:00,4996.19399840781,3536.91050184076,3443.8740002038,5032.64295726484,5003.45388739134,4916.07073980171,5013.92641089743,5018.04873004788
2023-10-05 08:00:00,4649.78950059589,3965.535000748,3872.05250156566,4638.20272954072,4649.7961601961,4645.62880423845,4682.34074087224,4643.99932264704
2023-10-05 09:00:00,4252.4115024209,4109.49650311226,4077.65400033828,4247.86369681269,4256.24942267921,4241.01104933647,4278.911711536,4252.05647134115
2023-10-05 10:00:00,4033.83050395647,4106.71250284731,4095.96650322096,4034.58083625874,4038.52584463074,3998.01823489913,4040.27135524448,4036.5532988553
2023-10-05 11:00:00,3978.32400332519,4050.99200042791,4033.91550249851,3983.35840035838,3978.26233436549,3967.08305244999,4022.67745538568,3980.81042108616
2023-10-05 12:00:00,4138.95150020532,4204.54800402035,4095.3290033791,4148.60783335585,4126.35779888585,4121.46019385086,4161.89198952994,4137.48305068728
2023-10-05 13:00:00,4399.16750287305,4558.02100177261,4440.8240003332,4404.83313160491,4402.33569534983,4381.16743410535,4426.57783014027,4403.58443980608
2023-10-05 14:00:00,4445.37250194186,4610.15600136656,4630.41200199362,4444.91474663779,4439.14056938837,4439.00506911924,4449.00082768646,4442.02771888616
2023-10-05 15:00:00,4164.41700116079,4323.3590012677,4226.74000041885,4150.56269760105,4158.97503023989,4148.03978679792,4187.39793552536,4154.76877523517
2023-10-05 16:00:00,3964.99800192163,4013.83449905342,3912.88799958269,3974.8913136195,3968.96806096639,3957.30524134481,3985.75676063377,3971.92974973762
2023-10-05 17:00:00,3939.98050119379,3982.3855019355,3757.89100159879,3948.77232549403,3937.7767647234,3938.00590631295,3971.17973384097,3943.27466102717
2023-10-05 18:00:00,3985.0105023979,3920.20749899792,3635.64300122496,3998.23824073228,3997.09541123458,3986.14839282359,4007.77427534866,3997.66683803147
2023-10-05 19:00:00,4829.88999890105,4119.91100104165,3577.32350106875,4841.4221747392,4840.54962990198,4801.98369601303,4825.26297453358,4840.98591151921
2023-10-05 20:00:00,6661.69600288558,4719.11000241095,3890.93600242247,6661.46050396327,6691.63234522499,6561.80332130251,6711.74213052681,6676.54610651367
2023-10-05 21:00:00,6317.49500454811,5144.51949917001,4362.49350314727,6311.66072075178,6296.56373568595,6257.01396914996,6302.98723613901,6304.11238737574
2023-10-05 22:00:00,5384.36250267457,5334.03500121133,4949.61250269215,5367.47734747959,5397.33753414866,5377.04017772173,5523.87465153188,5382.40712601922
2023-10-05 23:00:00,4407.84999952838,4501.58650224423,4462.87350037904,4410.14231024241,4391.38902592864,4391.10418937962,4415.37293673504,4400.76586578818
2023-10-06,3820.50550366938,3878.02149983821,3878.02149983821,3817.7633942541,3811.85604085783,3819.39774345963,3840.6796945534,3814.80977983303
2023-10-06 01:00:00,3424.52150212962,3469.25850314414,3469.25850314414,3403.11889064213,3427.95501619498,3401.05329140438,3435.49107011151,3415.53669158879
2023-10-06 02:00:00,3177.24450265558,3220.30500098492,3220.30500098492,3196.67605914668,3178.8536544485,3154.66755045426,3182.33692225761,3187.76504468664
2023-10-06 03:00:00,3022.74850179034,3020.51950285549,3020.51950285549,3033.59123978609,3014.9872762712,3002.79932852172,3029.18911291355,3024.28945415712
2023-10-06 04:00:00,2999.37400052114,2962.15199878078,2962.15199878078,2994.93375361664,3013.59548301841,2990.45236680212,3014.18777930787,3004.26442158006
2023-10-06 05:00:00,3080.55249872385,3052.51449986559,3052.51449986559,3071.40909378821,3073.37848113631,3067.03441946986,3095.76887256612,3072.3937667004
2023-10-06 06:00:00,3713.97100443859,3097.09550037631,3097.09550037631,3713.92548491227,3714.42097616527,3640.9324007702,3726.8752484726,3714.17322531516
2023-10-06 07:00:00,4882.02299928409,3443.8740002038,3443.8740002038,4908.84685816942,4868.26295518159,4825.99485662521,4905.05858266543,4888.55533452299
2023-10-06 08:00:00,4552.94950150733,3872.05250156566,3872.05250156566,4538.04669901918,4556.46761155555,4536.49660187744,4576.82338174252,4547.25696108867
2023-10-06 09:00:00,4235.73150057369,4077.65400033828,4077.65400033828,4241.33957312826,4244.04220903316,4229.49300287527,4278.94844647053,4242.69086258873
2023-10-06 10:00:00,4090.6445034598,4095.96650322096,4095.96650322096,4100.71162677692,4088.42724783419,4074.7301020801,4092.02851573567,4094.5695668111
2023-10-06 11:00:00,4032.12800080486,4033.91550249851,4033.91550249851,4056.30107566235,4053.74055513759,4027.06969678183,4059.4714830964,4055.02084239373
2023-10-06 12:00:00,4155.61349926982,4095.3290033791,4095.3290033791,4166.40874152825,4162.17784245222,4151.0678682505,4162.01506268754,4164.29333659362
2023-10-06 13:00:00,4360.51550353772,4440.8240003332,4440.8240003332,4364.12951694971,4370.74031617668,4345.57674832399,4397.34969475237,4367.43484687019
2023-10-06 14:00:00,4487.46450191777,4630.41200199362,4630.41200199362,4483.95748347805,4488.94819665431,4462.01449265556,4495.19561962281,4486.45278745261
2023-10-06 15:00:00,4254.02150238538,4226.74000041885,4226.74000041885,4249.95131741941,4251.8627923874,4241.41966421103,4263.39700785959,4250.90703475207
2023-10-06 16:00:00,3981.18899970909,3912.88799958269,3912.88799958269,3967.03129103888,3979.58318579428,3965.08168437712,4005.89758981805,3973.3071060908
2023-10-06 17:00:00,3929.72100004548,3757.89100159879,3757.89100159879,3919.64012251033,3925.75242555308,3904.11091718605,3954.64480730182,3922.696209594
2023-10-06 18:00:00,3785.79050429096,3635.64300122496,3635.64300122496,3783.43755678307,3794.17421678829,3797.79892617455,3803.18987659447,3788.80577359664
2023-10-06 19:00:00,4211.1205021569,3577.32350106875,3577.32350106875,4187.79184142379,4199.2099275258,4137.38981460651,4245.62947369536,4193.50076410196
2023-10-06 20:00:00,5565.33450380771,3890.93600242247,3890.93600242247,5570.39462745845,5574.79499157071,5317.72065618969,5704.8550203446,5572.59476312464
2023-10-06 21:00:00,5727.79750100616,4362.49350314727,4362.49350314727,5767.4910511531,5723.33710830416,5756.63615654415,5764.19110974775,5745.41454521253
2023-10-06 22:00:00,5107.23750432243,4949.61250269215,4949.61250269215,5078.73773641837,5118.91724433701,5131.20226898265,5135.75612615726,5098.82706679346
2023-10-06 23:00:00,4416.17250076763,4462.87350037904,4462.87350037904,4419.74572132319,4407.24326674359,4399.72027848431,4433.15286639589,4413.49462583796
2023-10-07,3978.24900099135,4023.42650119867,3878.02149983821,3953.94512094399,3977.18472294273,3959.69927320768,3964.46142744406,3965.56467694461
2023-10-07 01:00:00,3507.3565026219,3609.41050378873,3469.25850314414,3493.21644129784,3504.52991812192,3473.50003067167,3522.54875709208,3498.87306043987
2023-10-07 02:00:00,3236.43400338222,3294.22500246519,3220.30500098492,3237.51398180257,3251.82562204578,3212.94502181888,3235.1510946121,3244.66965104664
2023-10-07 03:00:00,3047.00900074025,3084.05800014839,3020.51950285549,3040.43346247969,3051.18199617259,3046.04877751518,3063.01101377236,3045.80761601193
2023-10-07 04:00:00,2995.97350536811,3024.46650301048,2962.15199878078,2988.53814816153,2995.23760232715,2978.44454677557,3004.98298231473,2991.88780461672
2023-10-07 05:00:00,2992.86800401588,3007.75600211474,3052.51449986559,2999.10897401589,2987.971398147,2995.16902467563,3012.00605908751,2993.54030349706
2023-10-07 06:00:00,3114.46200381301,2710.46800186485,3097.09550037631,3117.86007924568,3095.18417260193,3038.23325031835,3166.07901216737,3106.5223649799
2023-10-07 07:00:00,3525.3445008985,2681.48850309057,3443.8740002038,3457.82648221474,3465.3582728995,3266.51940601506,3592.75047697118,3461.59229815476
2023-10-07 08:00:00,3848.99850126833,3248.19900084962,3872.05250156566,3811.19007241328,3825.93962496961,3731.7063090438,3882.56645964243,3818.56469319731
2023-10-07 09:00:00,4564.05650017218,3972.53850250947,4077.65400033828,4574.98841422419,4554.82499119874,4480.8412323805,4568.23092316994,4564.90691528022
2023-10-07 10:00:00,4734.07150139229,4358.50400316529,4095.96650322096,4749.88942859818,4724.01327051516,4666.52524917684,4734.91713378424,4736.95162235077
2023-10-07 11:00:00,4491.53500224557,4338.97150042292,4033.91550249851,4475.13990567243,4476.40679048582,4486.71785573621,4522.14407847202,4475.77333472325
2023-10-07 12:00:00,4339.78099929792,4259.3395031034,4095.3290033791,4332.37406382457,4316.32745750609,4316.16276767485,4351.72430559013,4324.35092983339
2023-10-07 13:00:00,4550.32650172908,4322.5750025938,4440.8240003332,4530.82811895164,4556.11122562631,4516.0185953437,4562.49562154267,4543.469405747
2023-10-07 14:00:00,4678.17949792172,4387.26800414361,4630.41200199362,4693.18227827067,4680.48755917927,4641.23939054986,4700.06105248218,4686.83505255644
2023-10-07 15:00:00,4140.78550155874,3973.49150129128,4226.74000041885,4154.05909260337,4133.00343706509,4098.95121691862,4174.54783592734,4143.53148680916
2023-10-07 16:00:00,3744.52350049047,3647.46549946209,3912.88799958269,3742.51116401672,3732.92395446363,3744.43640380896,3764.18388268879,3737.71766031137
2023-10-07 17:00:00,3584.3575015408,3497.72500005004,3757.89100159879,3580.12606574232,3586.67222310652,3539.55929170953,3579.29969599481,3583.3990754129
2023-10-07 18:00:00,3507.53999847302,3426.77900193352,3635.64300122496,3504.62852238768,3518.04209489816,3491.90562910574,3538.34394578302,3511.33516723308
2023-10-07 19:00:00,3945.73600316991,3477.07250109385,3577.32350106875,3943.20426225123,3956.47106882986,3900.48150593491,3953.21909828124,3949.83752567795
2023-10-07 20:00:00,5200.24750055908,3745.54350259621,3890.93600242247,5213.08555834389,5186.04182891251,5079.04950861767,5242.26736875446,5199.56397873118
2023-10-07 21:00:00,5486.70749858452,4258.97400144592,4362.49350314727,5474.98172865956,5467.71596022956,5435.76121139455,5473.5707416226,5471.34892104244
2023-10-07 22:00:00,5007.35450326349,4842.84700175363,4949.61250269215,5005.25765354541,5035.13416170893,5020.50680835981,5037.79563354156,5020.1955926602
2023-10-07 23:00:00,4354.93250158115,4521.1220019001,4462.87350037904,4358.5992627433,4347.28491394992,4342.56836118873,4384.04364002777,4352.94220762582
2023-10-08,3851.45250491565,3996.57750128047,3878.02149983821,3856.63155395411,3856.60211582203,3848.91720906864,3869.31520992419,3856.61683519842
2023-10-08 01:00:00,3422.54100432806,3550.27300327946,3469.25850314414,3425.08633604216,3418.04133211798,3425.8301057514,3451.33057025788,3421.56390835058
2023-10-08 02:00:00,3163.63200159336,3257.84999884665,3220.30500098492,3153.08627872046,3156.86824667503,3145.67302238586,3166.09713439069,3154.97722282712
2023-10-08 03:00:00,3012.66000340553,3081.54900307616,3020.51950285549,2999.65163491286,3026.41616147406,3006.75227445301,3029.2353502828,3013.03361603392
2023-10-08 04:00:00,2957.1639998951,3012.7995023214,2962.15199878078,2955.33050063583,2950.53412519576,2945.6558864022,2965.28241435637,2952.9323634806
2023-10-08 05:00:00,2936.28200315591,3023.2755045637,3052.51449986559,2949.47427732165,2927.2132204858,2930.58997685831,2947.598340036,2938.34398358636
2023-10-08 06:00:00,3017.77449960448,2684.3255003409,3097.09550037631,3008.89561588551,3011.37684439489,2998.29375775547,3035.61419087647,3010.13620398235
2023-10-08 07:00:00,3310.14700063993,2568.47500065074,3443.8740002038,3314.70651506778,3302.77604745957,3228.8890194902,3314.78950133348,3308.74140703819
2023-10-08 08:00:00,3462.83400243195,3043.41049893526,3872.05250156566,3475.28954117061,3482.18239869568,3430.17286523098,3483.40836656346,3478.73589726661
2023-10-08 09:00:00,4168.22250159213,3696.55300188798,4077.65400033828,4204.10329127071,4176.81028867219,4101.95521083746,4187.5137737858,4190.45707770234
2023-10-08 10:00:00,4440.73600082315,4136.40199957031,4095.96650322096,4430.76511004425,4410.88545912757,4378.36829091686,4461.03991501349,4420.82549416306
2023-10-08 11:00:00,4374.66549852036,4203.11700091604,4033.91550249851,4376.11271469062,4374.50256736039,4325.73754919931,4389.98177811593,4375.30765800015
2023-10-08 12:00:00,4173.81150231377,4135.43500003801,4095.3290033791,4171.91105431798,4178.90255435008,4148.09518282528,4178.50394678636,4175.40673062758
2023-10-08 13:00:00,4442.83250451984,4305.12950276397,4440.8240003332,4428.66763861774,4424.94825773383,4424.68234819174,4481.96121711673,4426.8079873866
2023-10-08 14:00:00,4645.25550549442,4437.49050235003,4630.41200199362,4648.23407840984,4641.85480998154,4624.58328452852,4661.73810809623,4645.04451144782
2023-10-08 15:00:00,4116.17300152004,4158.15449999226,4226.74000041885,4120.6857063068,4122.11287192382,4110.82354841426,4144.12041798196,4121.39927406971
2023-10-08 16:00:00,3763.9765001866,3782.78049983922,3912.88799958269,3781.73650434344,3755.37529804511,3762.69401248114,3777.20129098571,3768.5561791019
2023-10-08 17:00:00,3674.23800304008,3715.63600158005,3757.89100159879,3675.39421535632,3654.38464254016,3629.62729484036,3701.54218781667,3664.88965043736
2023-10-08 18:00:00,3777.2455007782,3751.27450018923,3635.64300122496,3772.69124865364,3749.2115389908,3754.13958760917,3791.10262365359,3760.95164135225
2023-10-08 19:00:00,4809.95250024297,4028.33700247819,3577.32350106875,4821.21807749535,4799.49713806378,4687.74818217288,4856.19968253894,4810.35783676813
2023-10-08 20:00:00,6853.37649682316,4803.6940028799,3890.93600242247,6784.07510939342,6866.9991974482,6667.42875121601,6998.70574130717,6825.53627921059
2023-10-08 21:00:00,6512.55399900302,5320.9565022866,4362.49350314727,6640.05968060584,6582.46470576137,6538.97978810647,6704.91491636513,6611.26280036683
2023-10-08 22:00:00,5332.41550165671,5457.94950379978,4949.61250269215,5300.98222073175,5318.98888919032,5342.20516876163,5447.62162491638,5309.98536512942
2023-10-08 23:00:00,4317.40349981759,4571.14750221872,4462.87350037904,4328.32674305354,4314.38451775564,4309.6255433808,4349.32564171542,4321.35577738765
2023-10-09,3630.22000172804,3812.80499906244,3878.02149983821,3621.42456710781,3635.32053636214,3639.56073826987,3648.33091218223,3628.37240523957
2023-10-09 01:00:00,3284.0550019322,3397.92450404319,3469.25850314414,3290.22828952173,3296.62526085769,3258.12905826418,3288.57168888781,3293.42670775095
2023-10-09 02:00:00,3076.00750075094,3148.71050260798,3220.30500098492,3074.55597767807,3064.80861307009,3055.23067379248,3085.68795322551,3069.68239813368
2023-10-09 03:00:00,2934.36950258142,3025.0705038954,3020.51950285549,2950.78477103874,2935.63790876525,2920.46301344183,2950.5693104341,2943.21149958469
2023-10-09 04:00:00,2902.16100508545,2994.02500433777,2962.15199878078,2907.50916478519,2883.72685634696,2894.35044628014,2904.49911233577,2895.61826128619
2023-10-09 05:00:00,2980.50250318483,3067.71149801568,3052.51449986559,2992.22436233503,2983.66169370027,2971.82571869926,3001.37307339098,2987.94311828783
2023-10-09 06:00:00,3616.95000253501,3091.76900229475,3097.09550037631,3576.8444565621,3615.92121006247,3525.19095715958,3626.69925532375,3596.38242135361
2023-10-09 07:00:00,4817.68300144316,3508.67150374467,3443.8740002038,4896.38244556842,4834.26039087629,4878.8015907774,5076.34203594095,4865.3220731314
2023-10-09 08:00:00,4477.20899955812,3868.24000271223,3872.05250156566,4500.16115156097,4443.3727987086,4458.52997482025,4625.06855297887,4471.76757381436
2023-10-09 09:00:00,4187.78000259784,4089.93500117643,4077.65400033828,4197.3835867762,4192.93378974654,4189.66735088787,4199.45027234194,4195.15873517244
2023-10-09 10:00:00,4070.69600201258,4179.94350156852,4095.96650322096,4061.99246269304,4040.9420167528,4062.31479578199,4077.22626822648,4051.46746164293
2023-10-09 11:00:00,3972.63000218646,4183.36300173879,4033.91550249851,3970.11455547046,3977.23024991439,3962.78646217551,4002.59354965182,3973.67232767667
2023-10-09 12:00:00,4083.42100243981,4281.9530013015,4095.3290033791,4086.74810768625,4074.80006722475,4064.94294889577,4099.5494933461,4080.77421341527
2023-10-09 13:00:00,4411.73100402212,4537.85950070084,4440.8240003332,4409.06293005646,4404.92325378937,4385.66233536981,4438.86957298518,4406.9931355646
2023-10-09 14:00:00,4419.44750195229,4727.99400077015,4630.41200199362,4422.4924999819,4433.31779023335,4385.66233536981,4437.92968239674,4427.90503098422
2023-10-09 15:00:00,4169.06000010471,4292.26650282752,4226.74000041885,4147.93574762163,4161.13378034069,4160.11775842939,4170.71880019664,4154.53462484361
2023-10-09 16:00:00,3918.2255011836,4068.67900109151,3912.88799958269,3904.21063403063,3922.45086281843,3923.07951782347,3943.47168780383,3913.33055613065
2023-10-09 17:00:00,3895.12400243722,3990.68950289523,3757.89100159879,3874.38706585364,3902.65502488641,3901.04709981938,3917.73915940397,3888.52074736086
2023-10-09 18:00:00,3956.79350370925,3911.65200090094,3635.64300122496,3950.89036282844,3941.14761659248,3928.77942475054,4008.07630886643,3946.01909242137
2023-10-09 19:00:00,5205.42350005254,4276.07100102503,3577.32350106875,5198.72442853393,5197.09473115801,5130.74221135187,5297.50536789212,5197.90959702672
2023-10-09 20:00:00,7206.06749839126,5180.72500242095,3890.93600242247,7215.55814269489,7205.85333575114,7064.20935408234,7208.5205496697,7210.70584153396
2023-10-09 21:00:00,6629.63450126268,5529.52000025532,4362.49350314727,6650.0571421225,6636.05501422426,6651.27611379689,6705.44574385604,6643.05622578795
2023-10-09 22:00:00,5434.1785025486,5493.65250209486,4949.61250269215,5408.92064881152,5461.62258529242,5403.12212250224,5522.41535038789,5435.2710614526
2023-10-09 23:00:00,4344.87500257872,4605.84550008271,4462.87350037904,4329.14993639572,4351.8571422211,4338.08451250904,4371.11556176142,4340.50329992234
2023-10-10,3754.06550299446,3974.0605006431,3878.02149983821,3744.77573055268,3758.26737422135,3747.19852097287,3770.0665461516,3751.52141015413
2023-10-10 01:00:00,3355.17199974111,3479.58400138607,3469.25850314414,3350.84028148224,3349.05685846459,3327.35764149613,3384.28525101115,3349.94858877479
2023-10-10 02:00:00,3139.53300503199,3224.16650517471,3220.30500098492,3130.1761694341,3137.18294340233,3100.44157576663,3141.37267118622,3133.67948255074
2023-10-10 03:00:00,2952.93100244307,3026.64450340311,3020.51950285549,2954.94682976937,2961.72724584491,2935.61270350806,2960.07056701254,2958.33696632599
2023-10-10 04:00:00,2922.25750172383,2979.62199939799,2962.15199878078,2931.60052952551,2927.98406897106,2922.39443570632,2926.38394709639,2929.79233737408
2023-10-10 05:00:00,3013.39000200084,3097.94800127589,3052.51449986559,3019.16067192019,3004.74218674344,3008.60871234351,3019.13771022104,3011.95158133574
2023-10-10 06:00:00,3651.17250081152,3119.46250026475,3097.09550037631,3645.67028191316,3637.1173344676,3553.17598445441,3657.77116138959,3641.39389835808
2023-10-10 07:00:00,4901.87549974385,3618.68900130154,3443.8740002038,4883.23201080393,4906.06462394523,4881.44097571484,4920.64961170503,4894.64807666643
2023-10-10 08:00:00,4605.23400027223,4014.44650246436,3872.05250156566,4592.30618284423,4590.84140351686,4581.13003829706,4620.89690746525,4591.57380862268
2023-10-10 09:00:00,4071.09299938614,4140.52750166203,4077.65400033828,4082.30950933515,4068.79521491793,4058.1202517649,4087.77210338683,4075.55250459822
2023-10-10 10:00:00,4020.26900142955,4119.28100655158,4095.96650322096,4008.807848968,4010.43601191091,4020.48696620263,4038.10595572167,4009.62191327488
2023-10-10 11:00:00,3901.44350636017,4057.63500284182,4033.91550249851,3904.97342830116,3903.38848844442,3875.71333957672,3916.10634288188,3904.1809750817
2023-10-10 12:00:00,3940.88649883249,4194.73650531319,4095.3290033791,3942.76869062564,3925.11959809512,3923.35271478427,3973.51771992281,3933.94433042233
2023-10-10 13:00:00,4259.15950131416,4504.00250181463,4440.8240003332,4261.19603017727,4271.61587978446,4244.78717773508,4266.52962925058,4266.40584513173
2023-10-10 14:00:00,4369.92000296939,4613.98400094779,4630.41200199362,4365.10710988068,4379.98906929486,4340.36933040046,4393.30796511755,4372.54793269776
2023-10-10 15:00:00,4089.19550194894,4291.65250235808,4226.74000041885,4065.22883497212,4084.29535600081,4080.47512682367,4114.6093837849,4074.76189448157
2023-10-10 16:00:00,3837.00600022578,4084.72900088842,3912.88799958269,3832.78870364265,3844.97596468291,3781.31474959582,3857.09144003008,3838.88220568108
2023-10-10 17:00:00,3816.21800487774,3944.50400155748,3757.89100159879,3802.1418246785,3812.14694978525,3789.5551070865,3847.00112797917,3807.14428175489
2023-10-10 18:00:00,3806.94150104513,3888.7250029943,3635.64300122496,3825.86964252958,3813.59455161912,3792.67247950942,3839.92870715843,3819.73222648199
2023-10-10 19:00:00,5041.12300027546,4166.51049937564,3577.32350106875,5024.70724367058,5048.60487735095,4939.85114775072,5038.35308729332,5036.65580857486
2023-10-10 20:00:00,7052.77050174575,5002.06400427909,3890.93600242247,6950.34952257211,6992.9605468734,6900.03717373841,7006.66738975905,6971.65458550476
2023-10-10 21:00:00,6498.81900244975,5483.76650129189,4362.49350314727,6507.9485411816,6514.86840154412,6444.83644939829,6603.97846540736,6511.40839841165
2023-10-10 22:00:00,5412.58949980128,5516.21550051367,4949.61250269215,5449.59415182049,5436.74643156291,5422.2092476175,5530.40144034441,5443.17042713616
2023-10-10 23:00:00,4306.74699998251,4583.18400226114,4462.87350037904,4314.0425941947,4295.45383896936,4276.60620506537,4322.08319285246,4304.74841255018
2023-10-11,3719.3260035034,3937.83000165178,3878.02149983821,3741.18888181872,3715.47348577852,3716.65747230835,3728.0024105476,3728.33145489792
2023-10-11 01:00:00,3349.17150487867,3524.4159997399,3469.25850314414,3348.13085417272,3353.02403080711,3331.00040554863,3357.34818738341,3350.5773909046
2023-10-11 02:00:00,3102.99499981431,3284.64199897763,3220.30500098492,3111.43131841637,3105.08578305766,3043.26620412684,3112.30116928921,3108.25861763352
2023-10-11 03:00:00,2942.6785003827,3089.69300293387,3020.51950285549,2943.49962812794,2952.27559396169,2929.45231436052,2974.58555859523,2947.887518526
2023-10-11 04:00:00,2925.39049855468,3037.19650082325,2962.15199878078,2923.47125960234,2927.60280876308,2923.53493629132,2925.29117280877,2925.5369906267
2023-10-11 05:00:00,3021.16600366461,3120.3994991259,3052.51449986559,3033.0578696653,3009.4268266805,3009.27466928837,3014.53861158844,3021.24259729833
2023-10-11 06:00:00,3665.97050320776,3167.17199901131,3097.09550037631,3674.93336124166,3648.88083677241,3572.06498848544,3683.40202143611,3661.90737366044
2023-10-11 07:00:00,4907.3210050934,3586.44450181129,3443.8740002038,4911.02776022113,4907.06151013153,4843.84285689601,4931.47567272533,4909.04467698971
2023-10-11 08:00:00,4564.98150315776,3889.14750203351,3872.05250156566,4569.04996144318,4564.33257253426,4555.92869728468,4569.31608399476,4566.69131672083
2023-10-11 09:00:00,4176.30300186586,4103.82249803317,4077.65400033828,4186.46749498912,4188.92805771953,4166.03083061744,4225.08960847325,4187.69775041435
2023-10-11 10:00:00,4023.06250181521,4117.45250114182,4095.96650322096,4028.95898227263,4008.94430397217,4018.16734620176,4016.18618570799,4018.95185412305
2023-10-11 11:00:00,3951.32500245434,4014.28799769632,4033.91550249851,3948.88840454029,3953.24926669389,3925.65506084388,3975.26547640134,3951.06878964359
2023-10-11 12:00:00,4020.47150295519,4111.64700231131,4095.3290033791,4019.80491850432,4021.53794525097,4008.10689580797,4030.17864242955,4020.67141360757
2023-10-11 13:00:00,4326.02250381158,4453.63600384444,4440.8240003332,4325.01232198872,4334.99447243198,4310.41080307472,4339.8021528704,4330.00329197557
2023-10-11 14:00:00,4391.97699958296,4629.46149996202,4630.41200199362,4390.18823943487,4390.18278591079,4389.29507090525,4394.28451571551,4390.18551273032
2023-10-11 15:00:00,4183.94600137474,4288.95700080122,4226.74000041885,4185.56946175805,4191.4301920944,4159.3400342956,4194.98210901707,4188.49976514067
2023-10-11 16:00:00,3977.5970015013,4109.54250011093,3912.88799958269,3976.79265283753,3971.36156996087,3979.75022121653,3998.23943915375,3974.07716865528
2023-10-11 17:00:00,3889.46900172962,4042.09200018295,3757.89100159879,3887.26801096904,3883.07759802363,3879.18279152192,3906.17467132279,3885.1728486729
2023-10-11 18:00:00,3841.78100298427,3890.35600409959,3635.64300122496,3849.55511711,3830.70538846816,3826.64042270151,3868.06415631325,3840.13045150848
2023-10-11 19:00:00,4473.55700199574,4128.75250369054,3577.32350106875,4479.27133749705,4472.24122126205,4330.32842695313,4495.94606584288,4475.75635349311
2023-10-11 20:00:00,5827.59300463262,4866.06450009916,3890.93600242247,5803.54875710423,5888.05594412532,5626.63544617052,5927.6255362358,5845.80145971506
2023-10-11 21:00:00,5776.02000458504,5215.71400297561,4362.49350314727,5835.72600883433,5742.19125056638,5777.93626146975,5865.95828334282,5788.95961577139
2023-10-11 22:00:00,5119.1275028002,5440.81550056499,4949.61250269215,5108.4493864236,5081.27371853988,5116.30564816817,5131.01138900227,5094.86183897566
2023-10-11 23:00:00,4322.17050172039,4616.35249849106,4462.87350037904,4319.76340354038,4326.66193878954,4316.22864285345,4325.48172625709,4323.21259843857
2023-10-12,3770.69350146933,3985.94000082661,3878.02149983821,3767.86815482412,3776.26097972431,3748.81099457487,3787.23862900882,3772.06447879457
2023-10-12 01:00:00,3365.72550422722,3533.07100122375,3469.25850314414,3364.82853270074,3349.76619317753,3357.26811907761,3370.51168243787,3357.29752173076
2023-10-12 02:00:00,3120.80950023909,3257.75550389697,3220.30500098492,3125.0535827349,3114.54362840475,3085.44363620812,3141.52551170864,3119.79871636887
2023-10-12 03:00:00,2979.15100146551,3068.56349791156,3020.51950285549,2990.60230714289,2980.19395401544,2954.86505810719,2988.85518541059,2985.39824030709
2023-10-12 04:00:00,2922.88850503729,3005.89000203146,2962.15199878078,2923.66846798188,2926.2485493398,2912.30828572402,2935.4376729674,2924.95848146086
2023-10-12 05:00:00,2944.74500304123,3080.66700125381,3052.51449986559,2946.763019683,2932.5015168392,2928.345823255,2953.08966397128,2939.63241861007
2023-10-12 06:00:00,3056.35000016971,3127.032999933,3097.09550037631,3030.27729264479,3015.24039861764,3042.76688805938,3140.2251063354,3022.75900415459
2023-10-12 07:00:00,3456.53249862778,3536.91050184076,3443.8740002038,3379.41544691102,3362.69465969662,3259.93539244927,3927.83885717158,3371.0552295793
2023-10-12 08:00:00,3726.72599904798,3965.535000748,3872.05250156566,3731.25499813289,3722.46588126286,3588.00684491946,3885.6342992144,3726.86053235534
2023-10-12 09:00:00,4305.13300035283,4109.49650311226,4077.65400033828,4288.63526873586,4269.5138600659,4259.14520807662,4311.87481028491,4279.07476598442
2023-10-12 10:00:00,4455.231002916,4106.71250284731,4095.96650322096,4487.35904237572,4469.04285377589,4438.42923910585,4479.6745230588,4478.20114117048
2023-10-12 11:00:00,4206.13400122355,4050.99200042791,4033.91550249851,4207.67958005084,4207.60208875528,4173.26977337792,4206.43428281255,4207.64083522
2023-10-12 12:00:00,3978.8670002541,4204.54800402035,4095.3290033791,3990.23424285652,3989.14584248942,3973.47223543744,3990.94996224183,3989.69005414721
2023-10-12 13:00:00,4185.71600373078,4558.02100177261,4440.8240003332,4198.32969567802,4184.25953903964,4160.03839216361,4174.97792625056,4191.29476569057
2023-10-12 14:00:00,4247.3855041436,4610.15600136656,4630.41200199362,4245.56969372533,4258.21493050781,4228.67004237656,4257.77220599521,4251.89217880675
2023-10-12 15:00:00,3803.51050392527,4323.3590012677,4226.74000041885,3790.18342366278,3801.26754461882,3847.09654239807,3823.5571428091,3795.72536728872
2023-10-12 16:00:00,3452.33400068252,4013.83449905342,3912.88799958269,3463.43787859851,3442.2817677574,3436.06464429556,3498.15701859549,3452.86004621192
2023-10-12 17:00:00,3386.37700287183,3982.3855019355,3757.89100159879,3389.49508637527,3354.60133433307,3349.31884748952,3442.65285369274,3372.04857821441
2023-10-12 18:00:00,3383.07700160926,3920.20749899792,3635.64300122496,3394.32594489956,3363.86573576529,3378.18895813682,3430.61464356293,3379.09616145294
2023-10-12 19:00:00,4070.34949830105,4119.91100104165,3577.32350106875,4076.45964482918,4076.47570247068,3933.24175471001,4082.44126122703,4076.46767348065
2023-10-12 20:00:00,5472.18900043238,4719.11000241095,3890.93600242247,5465.47876730317,5455.31224272392,5220.29690176703,5523.90626520867,5460.39561219205
2023-10-12 21:00:00,5451.30049937777,5144.51949917001,4362.49350314727,5462.63969926732,5449.68491105066,5407.70061085854,5519.52422819448,5456.16244173219
2023-10-12 22:00:00,4880.3415008767,5334.03500121133,4949.61250269215,4895.43661530562,4884.65019210568,4860.95926860848,4900.20908403992,4890.04351741931
2023-10-12 23:00:00,4175.61599928676,4501.58650224423,4462.87350037904,4181.68246864829,4182.41593018142,4162.14608004712,4203.14129155881,4182.04919168248
2023-10-13,3609.33700154128,3878.02149983821,3878.02149983821,3610.50535333595,3613.81426204514,3607.92752994861,3636.30554355002,3612.15977280706
2023-10-13 01:00:00,3236.87500148616,3469.25850314414,3469.25850314414,3242.77284676556,3234.78693946874,3219.52015517821,3257.64422329273,3238.77997730694
2023-10-13 02:00:00,2977.40200159221,3220.30500098492,3220.30500098492,2988.02039053574,2961.8713486702,2932.84704141067,2989.32284306948,2974.94614527389
2023-10-13 03:00:00,2877.21100316569,3020.51950285549,3020.51950285549,2872.95365373391,2872.38446100009,2842.57798963146,2888.27799429095,2872.6690633676
2023-10-13 04:00:00,2858.47800215869,2962.15199878078,2962.15199878078,2863.1608380106,2858.30392772979,2847.76641341438,2865.31231317349,2860.73243407318
2023-10-13 05:00:00,2894.20300235029,3052.51449986559,3052.51449986559,2900.78621504443,2881.14199060851,2886.3264313714,2899.46874688754,2890.96430992169
2023-10-13 06:00:00,3141.32350137294,3097.09550037631,3097.09550037631,3148.21156181484,3145.38194842854,3090.34249722844,3161.07822473796,3146.79678495231
2023-10-13 07:00:00,3662.63549916411,3443.8740002038,3443.8740002038,3668.112824941,3697.14162380155,3573.94985525569,3718.01207499602,3682.62691834111
2023-10-13 08:00:00,3766.96350230754,3872.05250156566,3872.05250156566,3776.41991820789,3749.57278091114,3750.32041182778,3809.90752344875,3762.99663258996
2023-10-13 09:00:00,4047.10650013026,4077.65400033828,4077.65400033828,4036.7839805533,4032.20516705825,4023.63688921623,4049.50464475516,4034.49462207698
2023-10-13 10:00:00,4072.84050108166,4095.96650322096,4095.96650322096,4076.88073002557,4065.95512463994,4040.08636475714,4081.19528398066,4071.41804251371
2023-10-13 11:00:00,3959.51200449769,4033.91550249851,4033.91550249851,3942.80301451125,3966.42842966476,3914.27630508411,3967.60909930185,3954.61547302191
2023-10-13 12:00:00,4030.97200172138,4095.3290033791,4095.3290033791,4044.51258845639,4048.16445331869,4026.9736612613,4051.14282953256,4046.3384823885
2023-10-13 13:00:00,4258.6540005501,4440.8240003332,4440.8240003332,4247.59056996823,4258.81207223495,4236.42189440088,4262.51459360878,4253.2012028012
2023-10-13 14:00:00,4302.67150213069,4630.41200199362,4630.41200199362,4296.27361301549,4299.12259327985,4300.53764223886,4313.99768078526,4297.69807311288
2023-10-13 15:00:00,3962.90350171388,4226.74000041885,4226.74000041885,3956.54825249249,3966.50031937339,3948.09004600688,3978.6380492099,3961.52418101531
2023-10-13 16:00:00,3699.71949910367,3912.88799958269,3912.88799958269,3717.86731604338,3734.90792904501,3698.76431814069,3741.05531642135,3726.38744289702
2023-10-13 17:00:00,3697.88100037829,3757.89100159879,3757.89100159879,3668.49949405256,3686.4989091857,3677.04416719699,3740.13827238129,3677.49901186398
2023-10-13 18:00:00,3799.75550174166,3635.64300122496,3635.64300122496,3772.96662783654,3818.52342387185,3775.96920657444,3839.00940543064,3795.744545581
2023-10-13 19:00:00,4498.92950028845,3577.32350106875,3577.32350106875,4504.14825960809,4502.37071791236,4466.57527833691,4517.39729038393,4503.2595074996
2023-10-13 20:00:00,5449.33400156908,3890.93600242247,3890.93600242247,5433.09586252385,5494.9451920126,5441.89840887266,5472.04121477745,5464.01987523433
2023-10-13 21:00:00,5396.99349968997,4362.49350314727,4362.49350314727,5381.20964256636,5408.55177073597,5395.48448015592,5482.87193833424,5394.88041840238
2023-10-13 22:00:00,4839.40150635317,4949.61250269215,4949.61250269215,4818.71719862788,4849.07597640925,4836.83877446764,4867.81253798619,4833.89626746737
2023-10-13 23:00:00,4264.91349865613,4462.87350037904,4462.87350037904,4271.06771230423,4251.8019551323,4246.22080047474,4286.32221800969,4261.43503682356
2023-10-14,3788.50700247288,4023.42650119867,3878.02149983821,3781.58525757464,3799.73037846421,3776.9959156764,3825.29733976442,3790.6576267282
2023-10-14 01:00:00,3360.93199810805,3609.41050378873,3469.25850314414,3341.15615260181,3358.44050969744,3356.29143944213,3388.75315641771,3349.79814893283
2023-10-14 02:00:00,3105.46400017687,3294.22500246519,3220.30500098492,3102.06904286498,3096.58409311697,3069.53708897065,3156.74176293882,3099.32662581493
2023-10-14 03:00:00,2962.52750092687,3084.05800014839,3020.51950285549,2967.02908272019,2963.75239185014,2944.19777941227,2971.75484185581,2965.39077182901
2023-10-14 04:00:00,2933.81049885997,3024.46650301048,2962.15199878078,2938.79767770085,2950.49471822678,2931.74346383164,2952.79668559877,2944.64607465016
2023-10-14 05:00:00,2921.40950401314,3007.75600211474,3052.51449986559,2909.44323410555,2921.42995853821,2925.48792579868,2926.97167385824,2915.43646995429
2023-10-14 06:00:00,3003.97750049201,2710.46800186485,3097.09550037631,2994.20297989747,3009.05075352892,2969.20581689971,3017.28916994548,3001.62671018358
2023-10-14 07:00:00,3303.27150181227,2681.48850309057,3443.8740002038,3316.2445108971,3295.54675010616,3205.08970142302,3316.15584595204,3305.89584870354
2023-10-14 08:00:00,3494.46750129643,3248.19900084962,3872.05250156566,3478.59029203928,3480.4687604255,3520.79174901241,3535.06796746728,3479.52950642902
2023-10-14 09:00:00,4160.27550058323,3972.53850250947,4077.65400033828,4138.42776944309,4165.76458177499,4112.66699156433,4216.47755560296,4152.09588741629
2023-10-14 10:00:00,4459.40200199554,4358.50400316529,4095.96650322096,4459.70705336526,4468.00707328762,4440.81772747884,4486.96181217854,4463.85697582518
2023-10-14 11:00:00,4391.73850250535,4338.97150042292,4033.91550249851,4391.46741680933,4400.45059165564,4384.20255524011,4427.05077173081,4395.9589095292
2023-10-14 12:00:00,4285.2305008797,4259.3395031034,4095.3290033791,4292.50934564493,4284.00863313652,4289.38166350114,4295.73657009138,4288.25907900774
2023-10-14 13:00:00,4580.92600247281,4322.5750025938,4440.8240003332,4588.83698071948,4579.08103234971,4538.25815237002,4606.40923520014,4583.95910938468
2023-10-14 14:00:00,4749.01049888751,4387.26800414361,4630.41200199362,4795.09973198177,4778.96257477869,4746.25360234281,4789.73281536509,4787.03132350291
2023-10-14 15:00:00,4216.93100440473,3973.49150129128,4226.74000041885,4212.87145703518,4215.55257404605,4201.04490784836,4247.81293171638,4214.21198727548
2023-10-14 16:00:00,3826.53500246129,3647.46549946209,3912.88799958269,3818.0543074132,3828.91890174234,3787.65050442861,3837.14949987891,3823.48649004001
2023-10-14 17:00:00,3656.10999998567,3497.72500005004,3757.89100159879,3654.04457385698,3660.89190437071,3639.31771273267,3664.40330035776,3657.46816692727
2023-10-14 18:00:00,3724.1970023826,3426.77900193352,3635.64300122496,3724.42469005412,3715.23956898973,3682.34454362771,3742.37953913026,3719.83222635418
2023-10-14 19:00:00,4442.79500501766,3477.07250109385,3577.32350106875,4433.33308932878,4452.13813934738,4404.9652721482,4484.95491574222,4442.73541608969
2023-10-14 20:00:00,5548.4924964899,3745.54350259621,3890.93600242247,5574.07765413898,5541.77580395566,5533.76801362752,5583.39468436683,5557.92706958296
2023-10-14 21:00:00,5562.23200318159,4258.97400144592,4362.49350314727,5547.8754793842,5563.20959325901,5518.0818663377,5574.01869171494,5555.54237466485
2023-10-14 22:00:00,4978.68800231616,4842.84700175363,4949.61250269215,4996.20585418389,4967.94332721243,4960.44280810503,4999.97585719133,4982.07488865006
2023-10-14 23:00:00,4353.16400156973,4521.1220019001,4462.87350037904,4336.9092563026,4341.88078558365,4326.14194534696,4364.80321785488,4339.39496853179
2023-10-15,3784.16750234109,3996.57750128047,3878.02149983821,3796.09614656587,3784.16903931501,3781.35442786471,3807.77474843921,3790.13271867952
2023-10-15 01:00:00,3336.99300303927,3550.27300327946,3469.25850314414,3336.75515256379,3323.29401343766,3314.11918624093,3355.72477528656,3330.02472491203
2023-10-15 02:00:00,3069.32500084699,3257.84999884665,3220.30500098492,3065.99857356139,3069.25891379791,3034.36629680235,3082.48393340216,3067.62870930818
2023-10-15 03:00:00,2929.68700202054,3081.54900307616,3020.51950285549,2933.02037088961,2933.17161977409,2917.70466037501,2946.37677805473,2933.09599373734
2023-10-15 04:00:00,2890.59850484901,3012.7995023214,2962.15199878078,2878.19420550765,2883.64157382031,2882.50150611158,2900.58785120846,2880.91783223621
2023-10-15 05:00:00,2873.73900281626,3023.2755045637,3052.51449986559,2874.37625381062,2879.73778552118,2876.99180947436,2883.56867301411,2877.05696314305
2023-10-15 06:00:00,2942.40400016622,2684.3255003409,3097.09550037631,2946.89001625463,2953.69684146124,2936.11404870674,2959.79948531478,2950.29335709838
2023-10-15 07:00:00,3148.51500070561,2568.47500065074,3443.8740002038,3134.23301698525,3166.19982894823,3095.32886079743,3163.31658645615,3150.21608596317
2023-10-15 08:00:00,3273.96000039158,3043.41049893526,3872.05250156566,3286.05212884211,3284.13870592355,3227.08449011983,3308.15556159898,3285.0954375547
2023-10-15 09:00:00,3994.49200328509,3696.55300188798,4077.65400033828,3995.57774657485,3993.72624489588,3942.28315663777,4008.52366613767,3994.65201525444
2023-10-15 10:00:00,4466.29999953572,4136.40199957031,4095.96650322096,4451.41688997066,4460.89523604167,4447.47754577611,4460.92076728405,4456.15596308264
2023-10-15 11:00:00,4520.5675015467,4203.11700091604,4033.91550249851,4513.09331917861,4519.97485481241,4491.26104421274,4536.85578149219,4516.53401444833
2023-10-15 12:00:00,4320.90000008245,4135.43500003801,4095.3290033791,4328.53175980452,4335.29634717905,4305.7342473912,4344.90941936059,4331.91398217751
2023-10-15 13:00:00,4673.4390011428,4305.12950276397,4440.8240003332,4676.00626421665,4658.62198957688,4639.59719564098,4661.01334685618,4667.31431016692
2023-10-15 14:00:00,4837.39600041683,4437.49050235003,4630.41200199362,4805.08639977563,4835.47791774129,4811.97494430454,4844.96112326525,4820.28183836211
2023-10-15 15:00:00,4345.32650010817,4158.15449999226,4226.74000041885,4346.54501819838,4353.62591612582,4325.83245510507,4389.84359059441,4350.08539251319
2023-10-15 16:00:00,3914.89300042356,3782.78049983922,3912.88799958269,3918.04205611646,3915.53109599304,3910.21966047623,3950.2448690523,3916.78660252603
2023-10-15 17:00:00,3833.04750225658,3715.63600158005,3757.89100159879,3838.86653778879,3835.52465090658,3822.75115634371,3860.78360639722,3837.19562957884
2023-10-15 18:00:00,4122.94300167786,3751.27450018923,3635.64300122496,4101.2584906585,4128.83832170894,4097.16081963075,4115.28845631904,4115.048115429
2023-10-15 19:00:00,5579.311999292,4028.33700247819,3577.32350106875,5517.38013698554,5482.17641534445,5399.294225902,5514.21461800094,5499.77864729302
2023-10-15 20:00:00,7185.44350425957,4803.6940028799,3890.93600242247,7231.6402148941,7160.55892751433,7042.25773066718,7248.9308891409,7196.10032056413
2023-10-15 21:00:00,6574.74650007382,5320.9565022866,4362.49350314727,6657.39536222354,6616.26031896119,6565.52835035859,6714.77085068272,6636.82827425014
2023-10-15 22:00:00,5360.31550323078,5457.94950379978,4949.61250269215,5356.01721630941,5379.78997021828,5374.35843249937,5482.94515641253,5367.90334264445
2023-10-15 23:00:00,4276.85250231717,4571.14750221872,4462.87350037904,4284.40282823252,4276.95297178978,4275.56199508519,4319.28058857514,4280.67797854973
2023-10-16,3589.68900269037,3812.80499906244,3878.02149983821,3586.58656234027,3594.5811039268,3611.63618980847,3613.39026218464,3590.58374885272
2023-10-16 01:00:00,3212.92850298178,3397.92450404319,3469.25850314414,3203.83204672156,3205.07441363245,3191.8137971611,3204.81758965022,3204.45321707961
2023-10-16 02:00:00,3005.17150418751,3148.71050260798,3220.30500098492,3014.62331496139,3008.86991065166,2977.39056651855,3023.65728571554,3011.74667346061
2023-10-16 03:00:00,2860.77350130945,3025.0705038954,3020.51950285549,2841.07317754246,2868.50411666828,2840.59767506433,2879.05653924724,2854.78835792031
2023-10-16 04:00:00,2878.77599819517,2994.02500433777,2962.15199878078,2870.76887122594,2896.41105032515,2876.24124097462,2891.33400372801,2883.58969044812
2023-10-16 05:00:00,2954.88350268605,3067.71149801568,3052.51449986559,2949.43855123109,2964.97266955432,2950.33428099912,2964.23309021141,2957.20544662744
2023-10-16 06:00:00,3607.6250029403,3091.76900229475,3097.09550037631,3604.56920027193,3589.10571382041,3563.9880381247,3649.78247470236,3596.83762006681
2023-10-16 07:00:00,4851.05550432031,3508.67150374467,3443.8740002038,4693.95301602321,4696.48027523881,4615.42127758276,4947.57537439199,4695.2166189879
2023-10-16 08:00:00,4695.50800052262,3868.24000271223,3872.05250156566,4596.49140724838,4615.23197128086,4587.47071793191,4714.93315468755,4605.86149169606
2023-10-16 09:00:00,4210.32050183404,4089.93500117643,4077.65400033828,4220.40951534715,4210.98694410786,4203.04105821439,4250.52457379015,4215.69832906303
2023-10-16 10:00:00,4131.35200280079,4179.94350156852,4095.96650322096,4144.34271886648,4128.00737743945,4105.58405719949,4134.32832693903,4136.17522036496
2023-10-16 11:00:00,4008.01050415583,4183.36300173879,4033.91550249851,4019.31746990441,4038.10210373189,4020.11113525982,4056.46376815652,4028.709588785
2023-10-16 12:00:00,4127.92300392909,4281.9530013015,4095.3290033791,4116.39613906634,4128.96435629569,4068.84955290905,4127.75537051973,4122.68011518316
2023-10-16 13:00:00,4440.5054997775,4537.85950070084,4440.8240003332,4434.04096496988,4435.28466248339,4408.71492227333,4447.81270790537,4434.66280061521
2023-10-16 14:00:00,4482.67850315495,4727.99400077015,4630.41200199362,4482.70927440604,4468.45460330702,4465.10560905288,4482.96602167658,4475.58208913348
2023-10-16 15:00:00,4208.31150079111,4292.26650282752,4226.74000041885,4210.65224636499,4207.74256834998,4187.21419864882,4204.89375645539,4209.19743803217
2023-10-16 16:00:00,3954.72800013371,4068.67900109151,3912.88799958269,3966.48980958678,3952.28022149912,3938.49804232213,3985.40318403352,3959.38516534462
2023-10-16 17:00:00,3927.42500218772,3990.68950289523,3757.89100159879,3934.86087029344,3931.59497790262,3912.43965796308,3946.21871508723,3933.22795852803
2023-10-16 18:00:00,4164.9685031242,3911.65200090094,3635.64300122496,4162.13990411085,4178.73513454318,4134.18241052608,4190.37079952249,4170.43734437519
2023-10-16 19:00:00,5720.34150067496,4276.07100102503,3577.32350106875,5752.3623261787,5757.21273093274,5675.42179395916,5785.0611502549,5754.78747742132
2023-10-16 20:00:00,7386.59549981868,5180.72500242095,3890.93600242247,7395.54712044407,7419.21612302523,7159.8828097456,7269.6889403426,7407.38137220904
2023-10-16 21:00:00,6662.85749997059,5529.52000025532,4362.49350314727,6696.09734649351,6704.48005286569,6720.29393589244,6770.49068842869,6700.28861130663
2023-10-16 22:00:00,5455.6305011597,5493.65250209486,4949.61250269215,5475.24861820011,5444.75926504344,5408.58788351062,5515.72436382195,5460.00426304954
2023-10-16 23:00:00,4319.53950046725,4605.84550008271,4462.87350037904,4319.39155513757,4325.81182320935,4317.56283151285,4344.01428180603,4322.6016214891
2023-10-17,3709.51900058822,3974.0605006431,3878.02149983821,3720.23418362561,3719.3529792128,3696.96881352773,3771.61689992638,3719.79359070913
2023-10-17 01:00:00,3298.74750159436,3479.58400138607,3469.25850314414,3290.6298631265,3294.01605942159,3292.61800047658,3318.5672986334,3292.32292557576
2023-10-17 02:00:00,3078.9630026489,3224.16650517471,3220.30500098492,3081.99777048903,3085.09632723151,3038.45064099468,3105.04135046193,3083.54701619437
2023-10-17 03:00:00,2933.78550411901,3026.64450340311,3020.51950285549,2946.63186367745,2951.81091411406,2918.20573224205,2950.53975480571,2949.22133429668
2023-10-17 04:00:00,2898.33000348171,2979.62199939799,2962.15199878078,2902.57644819475,2913.90071377578,2894.69285797414,2899.00961020824,2908.23846160152
2023-10-17 05:00:00,2985.03150568111,3097.94800127589,3052.51449986559,2991.58671150716,2994.22909759068,2985.16212098647,2999.18631955848,2992.90787669211
2023-10-17 06:00:00,3653.58400156233,3119.46250026475,3097.09550037631,3663.8626426942,3655.40968389047,3565.1305665779,3683.61285064268,3659.63625240592
2023-10-17 07:00:00,4937.1479989955,3618.68900130154,3443.8740002038,4914.50942234933,4931.13699812662,4883.406312276,4972.72228752043,4922.82303494516
2023-10-17 08:00:00,4751.50300254056,4014.44650246436,3872.05250156566,4738.18267832446,4746.06798528451,4722.5805404084,4792.77660191815,4742.12524867525
2023-10-17 09:00:00,4295.25250128791,4140.52750166203,4077.65400033828,4312.22229001461,4288.23616094502,4262.9008815219,4322.10792980369,4300.22947834867
2023-10-17 10:00:00,4186.27800109657,4119.28100655158,4095.96650322096,4193.2325573597,4187.809375589,4169.77998903467,4202.8486168919,4190.52102364714
2023-10-17 11:00:00,3995.71300183254,4057.63500284182,4033.91550249851,3999.93782525628,3993.39481754486,3984.46806806719,4006.27209229964,3996.66639037889
2023-10-17 12:00:00,4104.12150139583,4194.73650531319,4095.3290033791,4097.52875300415,4117.11819180548,4087.6746206254,4128.62170874928,4107.32326588717
2023-10-17 13:00:00,4431.54600323318,4504.00250181463,4440.8240003332,4420.14661305458,4427.19857633779,4416.00053675895,4459.80178495995,4423.67252035231
2023-10-17 14:00:00,4505.40750156977,4613.98400094779,4630.41200199362,4487.62965004274,4495.0412576464,4502.25905582297,4528.52840368134,4491.33537570921
2023-10-17 15:00:00,4206.02399995923,4291.65250235808,4226.74000041885,4201.72058684527,4204.92584500062,4194.34590279485,4217.2257325627,4203.32318213217
2023-10-17 16:00:00,3944.63400008902,4084.72900088842,3912.88799958269,3926.79493737278,3932.30387019,3906.19330222787,3948.52317651896,3929.54934570459
2023-10-17 17:00:00,3940.35900122917,3944.50400155748,3757.89100159879,3931.72394295406,3932.66774283534,3913.96267017659,3964.48789984343,3932.19583294488
2023-10-17 18:00:00,4023.5975024635,3888.7250029943,3635.64300122496,4021.90144299554,4018.5544954906,4013.34835285401,4041.49327591048,4020.22800452758
2023-10-17 19:00:00,5658.33900307713,4166.51049937564,3577.32350106875,5656.15739575574,5591.82095703631,5531.42491518403,5684.20379517422,5623.98985464976
2023-10-17 20:00:00,7245.0745032822,5002.06400427909,3890.93600242247,7209.64192861979,7229.66626634357,7088.65625743912,7202.68558332562,7219.6538863792
2023-10-17 21:00:00,6535.74200332817,5483.76650129189,4362.49350314727,6538.0886672882,6554.62842901179,6442.18753827479,6609.91478790919,6546.35837378294
2023-10-17 22:00:00,5429.25100446155,5516.21550051367,4949.61250269215,5428.55119388749,5438.44246539378,5416.64188976812,5546.02738005654,5433.49672536393
2023-10-17 23:00:00,4376.60150065983,4583.18400226114,4462.87350037904,4364.69300161169,4369.03127157461,4358.26301402244,4394.09589461489,4366.86209085783
2023-10-18,3789.04850381729,3937.83000165178,3878.02149983821,3791.37967108376,3793.07770908759,3773.81582554779,3801.23853573026,3792.22867218445
2023-10-18 01:00:00,3399.57400158688,3524.4159997399,3469.25850314414,3389.08652990984,3395.76570540771,3359.27360413249,3419.71119354126,3392.42604724493
2023-10-18 02:00:00,3218.23850371328,3284.64199897763,3220.30500098492,3217.67955963982,3224.25655011531,3177.09223397604,3252.9208604866,3220.96798554099
2023-10-18 03:00:00,3042.57850019168,3089.69300293387,3020.51950285549,3047.76535454698,3047.52532837331,3029.79892492129,3072.01249328854,3047.64534399057
2023-10-18 04:00:00,3008.84650105913,3037.19650082325,2962.15199878078,3020.69970111646,3008.80963210705,2996.93825852255,3022.6911198398,3014.75479196037
2023-10-18 05:00:00,3102.25400316657,3120.3994991259,3052.51449986559,3109.37234359457,3097.09519222372,3085.77037778666,3117.35269118288,3103.2338973385
2023-10-18 06:00:00,3723.48500497371,3167.17199901131,3097.09550037631,3723.60999987863,3724.01798020483,3645.81206409446,3737.38492324579,3723.81398574068
2023-10-18 07:00:00,5004.3440017791,3586.44450181129,3443.8740002038,4974.55407578022,4997.58700750379,4978.63121718198,5021.88619581814,4986.07029882204
2023-10-18 08:00:00,4882.69650296296,3889.14750203351,3872.05250156566,4881.51391022884,4873.33650714694,4870.50172876357,4914.60790081186,4877.42529489649
2023-10-18 09:00:00,4323.95900161576,4103.82249803317,4077.65400033828,4327.97499750648,4335.6396001637,4326.19971931056,4376.4767490823,4331.80721803258
2023-10-18 10:00:00,4226.22600218264,4117.45250114182,4095.96650322096,4220.5105963819,4232.75414529953,4213.82380484281,4261.66081818835,4226.63224176561
2023-10-18 11:00:00,4051.22050559206,4014.28799769632,4033.91550249851,4082.43201912895,4063.72556937552,4033.23612440152,4070.77125540142,4073.07899146115
2023-10-18 12:00:00,4200.00000248209,4111.64700231131,4095.3290033791,4192.65195660389,4207.33318375313,4161.89992962386,4217.92173671923,4199.99241540468
2023-10-18 13:00:00,4447.71500210097,4453.63600384444,4440.8240003332,4443.07202705283,4461.83998931307,4433.16555262715,4481.48241077109,4452.45581032555
2023-10-18 14:00:00,4495.22300373635,4629.46149996202,4630.41200199362,4495.3612491293,4506.6546189286,4484.68112313857,4545.68408121104,4501.00781497091
2023-10-18 15:00:00,4201.76450331893,4288.95700080122,4226.74000041885,4201.75707086266,4193.67378970752,4180.00689581137,4205.67197269666,4197.71551550143
2023-10-18 16:00:00,3943.85000051925,4109.54250011093,3912.88799958269,3927.8938647523,3937.44622329267,3916.67793807043,3948.98272342768,3932.6699433187
2023-10-18 17:00:00,4029.2900037528,4042.09200018295,3757.89100159879,4033.44872956212,4028.05323229074,4004.36173156469,4050.03002809121,4030.75103780736
2023-10-18 18:00:00,4176.07100322936,3890.35600409959,3635.64300122496,4171.79681516958,4189.35962923623,4164.61235756949,4168.69823145904,4180.57803705053
2023-10-18 19:00:00,5622.06900151446,4128.75250369054,3577.32350106875,5637.72436855935,5603.765246643,5507.54407238922,5644.60572840357,5620.74516560826
2023-10-18 20:00:00,7047.7805016177,4866.06450009916,3890.93600242247,7028.83508402525,7139.89451988399,6977.41017198723,7257.07332190853,7084.36363113326
2023-10-18 21:00:00,6511.92899567424,5215.71400297561,4362.49350314727,6544.66052287741,6535.20748496357,6467.07852568403,6561.68440561742,6539.93410357721
2023-10-18 22:00:00,5437.11700139253,5440.81550056499,4949.61250269215,5401.87336110105,5460.45576784581,5454.08434432473,5626.01828290456,5431.1639468804
2023-10-18 23:00:00,4378.1659988485,4616.35249849106,4462.87350037904,4374.53386532621,4371.45748022468,4369.67729524165,4399.24186314619,4372.99570520761
2023-10-19,3747.43900243333,3985.94000082661,3878.02149983821,3763.6887517721,3756.17783209832,3756.68308655195,3771.11323485236,3759.93337111754
2023-10-19 01:00:00,3404.09249976173,3533.07100122375,3469.25850314414,3399.95344025,3402.58177100934,3365.40640166339,3407.10632627478,3401.26757792103
2023-10-19 02:00:00,3158.1404987881,3257.75550389697,3220.30500098492,3160.97907258092,3141.45058895506,3131.83935641507,3167.39012054881,3151.21503664303
2023-10-19 03:00:00,3020.56200461532,3068.56349791156,3020.51950285549,3015.13109257907,3029.54747097988,3012.81934852958,3036.41647248695,3022.33912979776
2023-10-19 04:00:00,2994.57050116546,3005.89000203146,2962.15199878078,2988.60736563464,2997.80181800255,2982.30142686114,3006.70351177469,2993.20449488796
2023-10-19 05:00:00,3086.34200191975,3080.66700125381,3052.51449986559,3089.70780134881,3079.65045965472,3085.84986069798,3106.35978778312,3084.67923652923
2023-10-19 06:00:00,3719.56000211462,3127.032999933,3097.09550037631,3706.80100223386,3704.39988475014,3643.06558073657,3771.91553311635,3705.60046880529
2023-10-19 07:00:00,4960.93450162211,3536.91050184076,3443.8740002038,5015.3414197824,4994.69902553232,4909.9831312994,5062.12128176257,5005.02044027557
2023-10-19 08:00:00,4993.24450014892,3965.535000748,3872.05250156566,4980.37395709419,5048.98533028237,5006.10339212939,5080.35774948172,5014.67892036693
2023-10-19 09:00:00,4549.64450143813,4109.49650311226,4077.65400033828,4559.89618756292,4543.82429372857,4524.56897500519,4580.53577591217,4551.86041008039
2023-10-19 10:00:00,4390.61100436538,4106.71250284731,4095.96650322096,4387.29096181056,4383.21988242277,4369.47722609218,4423.68216490475,4385.25546503519
2023-10-19 11:00:00,4267.14600255387,4050.99200042791,4033.91550249851,4259.89152215577,4258.62926485612,4237.18977684962,4300.65660959711,4259.26040681304
2023-10-19 12:00:00,4424.5174998857,4204.54800402035,4095.3290033791,4403.68582007644,4416.85573267088,4400.38343136189,4437.59526482925,4410.27063753255
2023-10-19 13:00:00,4779.42400116648,4558.02100177261,4440.8240003332,4801.66107702768,4767.45249748773,4772.30265146453,4815.64835389282,4784.55714789465
2023-10-19 14:00:00,4737.596502717,4610.15600136656,4630.41200199362,4736.70578586216,4778.08285992556,4719.35623503211,4808.43734686657,4757.39388668453
2023-10-19 15:00:00,4523.83650250308,4323.3590012677,4226.74000041885,4520.63485771714,4525.34159043186,4503.38009702873,4566.39240360061,4522.98817445474
2023-10-19 16:00:00,4235.71000349917,4013.83449905342,3912.88799958269,4236.54181969205,4235.41577487796,4184.89820768973,4252.05747745214,4235.9788091561
2023-10-19 17:00:00,4383.22100280272,3982.3855019355,3757.89100159879,4376.57968139504,4375.31216630862,4346.49708427657,4407.0877204377,4375.94593721435
2023-10-19 18:00:00,4659.44650077214,3920.20749899792,3635.64300122496,4721.39019117634,4616.15656405522,4651.65050392231,4672.31998322014,4668.77448701975
2023-10-19 19:00:00,5958.04200142319,4119.91100104165,3577.32350106875,5867.82169061703,5915.15468764179,5832.04366359631,6034.02705818713,5891.48769013098
2023-10-19 20:00:00,7071.5889977609,4719.11000241095,3890.93600242247,7038.34891792722,7100.03098857529,6931.32318271767,7059.9792142757,7069.18930298066
2023-10-19 21:00:00,6459.06149982871,5144.51949917001,4362.49350314727,6499.8989413061,6497.75266353179,6406.06003769824,6506.74553547588,6498.82582504564
2023-10-19 22:00:00,5444.07150329289,5334.03500121133,4949.61250269215,5476.40198027628,5456.18130391664,5461.03914541172,5648.53207953612,5466.2918552688
2023-10-19 23:00:00,4438.63550191652,4501.58650224423,4462.87350037904,4444.93357283185,4441.83449523061,4408.13461086347,4471.39236477559,4443.38406670262
2023-10-20,3854.80900434533,3878.02149983821,3878.02149983821,3859.45125245444,3869.2376992759,3847.99575600038,3863.45093503423,3864.34437269356
2023-10-20 01:00:00,3443.34800465009,3469.25850314414,3469.25850314414,3429.25043868939,3451.73226630333,3419.87430965068,3462.73447959192,3440.49111548629
2023-10-20 02:00:00,3205.43550418038,3220.30500098492,3220.30500098492,3202.48989923561,3227.78031542978,3181.54769477579,3193.12946691276,3215.13484071366
2023-10-20 03:00:00,3056.31750003435,3020.51950285549,3020.51950285549,3052.77271252388,3046.4672547201,3026.93300884557,3061.32836444932,3049.62005009599
2023-10-20 04:00:00,2986.57700137829,2962.15199878078,2962.15199878078,2984.58404964906,2983.88656739202,2976.06864697321,2996.20928770081,2984.23531587361
2023-10-20 05:00:00,3121.80800388637,3052.51449986559,3052.51449986559,3123.7662425893,3110.26208256537,3114.27028871359,3130.289119421,3117.01430494218
2023-10-20 06:00:00,3732.90350157151,3097.09550037631,3097.09550037631,3700.73618025321,3715.56563885909,3616.58009875827,3761.22625937971,3708.15075321962
2023-10-20 07:00:00,4982.36200355273,3443.8740002038,3443.8740002038,4988.66096227316,4938.56966007378,4903.48676373757,5051.02774470222,4963.61583925077
2023-10-20 08:00:00,4959.44450339826,3872.05250156566,3872.05250156566,4971.41471823397,4972.38552382646,4917.59030259562,5009.40410539685,4971.90011079569
2023-10-20 09:00:00,4462.8459994407,4077.65400033828,4077.65400033828,4445.84912253769,4458.93827567371,4437.67569206971,4473.16277547293,4452.39356111598
2023-10-20 10:00:00,4353.24300155789,4095.96650322096,4095.96650322096,4366.55486659819,4345.95812516641,4332.14630607042,4377.84626065026,4356.25671301923
2023-10-20 11:00:00,4269.85300247936,4033.91550249851,4033.91550249851,4273.14865539182,4252.64969930625,4236.10265791287,4287.4590298254,4262.89939345508
2023-10-20 12:00:00,4374.0860009446,4095.3290033791,4095.3290033791,4383.54631394672,4369.81067976275,4336.09041945161,4378.53953039813,4376.67864165984
2023-10-20 13:00:00,4738.37499927985,4440.8240003332,4440.8240003332,4737.13974717976,4726.09555840288,4712.17701475623,4739.83366054967,4731.61776922242
2023-10-20 14:00:00,4814.69749966467,4630.41200199362,4630.41200199362,4805.83575356497,4814.73433137628,4793.02805210194,4845.89937222119,4810.28494865919
2023-10-20 15:00:00,4424.17199836986,4226.74000041885,4226.74000041885,4442.05648542922,4427.63779628084,4390.77329952458,4442.04211392194,4434.84729286111
2023-10-20 16:00:00,4014.46950109664,3912.88799958269,3912.88799958269,4015.61589879195,4016.8720088688,4000.68112626222,4041.3544903005,4016.24394058809
2023-10-20 17:00:00,3981.37400185294,3757.89100159879,3757.89100159879,3985.54979194423,3961.91334108217,3934.88546755163,3983.79157622813,3973.73181569564
2023-10-20 18:00:00,3992.55999950226,3635.64300122496,3635.64300122496,3991.8100606624,3987.58977844276,3904.8521041084,3999.65848841572,3989.69996404404
2023-10-20 19:00:00,4886.5800016165,3577.32350106875,3577.32350106875,4876.43741799124,4857.24203634942,4662.49856154308,4972.59421976679,4866.83992953371
2023-10-20 20:00:00,5995.5435028678,3890.93600242247,3890.93600242247,5958.41673101799,5990.36949080611,5920.43238958416,6041.64056187155,5974.39277405662
2023-10-20 21:00:00,6027.06750056858,4362.49350314727,4362.49350314727,5970.28062173861,5986.97644571638,5965.69106377505,6043.36385817868,5978.62835771519
2023-10-20 22:00:00,5349.86550414562,4949.61250269215,4949.61250269215,5349.33357719558,5375.68631887883,5309.4439922365,5394.40897121624,5362.50967021882
2023-10-20 23:00:00,4556.24949845136,4462.87350037904,4462.87350037904,4555.15819826268,4539.8341724072,4539.94243562093,4553.0656977936,4547.49634688535
2023-10-21,3953.9945030252,4023.42650119867,3878.02149983821,3940.87333068548,3968.6386877084,3926.12692770397,3980.60069204449,3954.75571648635
2023-10-21 01:00:00,3506.12599819095,3609.41050378873,3469.25850314414,3512.33667798623,3504.02514125685,3498.39395760569,3520.16038085365,3508.18099724422
2023-10-21 02:00:00,3203.17400237173,3294.22500246519,3220.30500098492,3206.83304590938,3204.4660187511,3188.26845325807,3216.32142167151,3205.64955728414
2023-10-21 03:00:00,3017.37700085877,3084.05800014839,3020.51950285549,3026.30863068002,3011.2676789687,3005.95782813308,3024.27463983559,3018.78831339051
2023-10-21 04:00:00,2970.51950198051,3024.46650301048,2962.15199878078,2961.81025281659,2970.34899456963,2970.90303441429,2986.73738417664,2966.07953367518
2023-10-21 05:00:00,2989.96750274161,3007.75600211474,3052.51449986559,2998.08407508499,2988.7610924039,2973.62230197339,2997.00973579261,2993.42268203008
2023-10-21 06:00:00,3121.70700163685,2710.46800186485,3097.09550037631,3068.83537622626,3074.00305115407,3044.555514965,3132.72384294475,3071.41915921101
2023-10-21 07:00:00,3577.73549954803,2681.48850309057,3443.8740002038,3496.20686869101,3471.53896777406,3325.52982210934,3732.57499792791,3483.87317828883
2023-10-21 08:00:00,4074.30100262177,3248.19900084962,3872.05250156566,4126.01635800088,4218.27179376647,3879.55655301998,4059.80452034687,4172.14310329963
2023-10-21 09:00:00,4716.21850180265,3972.53850250947,4077.65400033828,4695.8637714008,4719.4822838252,4670.18119667151,4720.48629258785,4707.67277861967
2023-10-21 10:00:00,4970.82900051185,4358.50400316529,4095.96650322096,4977.53003491526,4970.19474508943,4963.39620555154,4961.15733123853,4973.86246733314
2023-10-21 11:00:00,4769.02500253008,4338.97150042292,4033.91550249851,4754.66151050222,4756.32400426839,4751.85268624952,4777.22153441093,4755.49273985881
2023-10-21 12:00:00,4535.2885007672,4259.3395031034,4095.3290033791,4538.2830480907,4552.5141580672,4522.29074346527,4550.77746153606,4545.39845305039
2023-10-21 13:00:00,4814.18100111937,4322.5750025938,4440.8240003332,4801.3365177614,4821.95018023042,4803.44509211583,4853.31005799134,4811.6431316806
2023-10-21 14:00:00,4897.69150223746,4387.26800414361,4630.41200199362,4894.92597913439,4874.83356350627,4857.46443411101,4893.79099789895,4884.87998314051
2023-10-21 15:00:00,4286.27550039801,3973.49150129128,4226.74000041885,4299.81301392581,4296.08488763036,4266.83894779858,4324.61946680076,4297.9489900811
2023-10-21 16:00:00,3822.67650185846,3647.46549946209,3912.88799958269,3819.8911559729,3814.08205880239,3817.52548696043,3837.92191030128,3816.98666862887
2023-10-21 17:00:00,3588.50550110766,3497.72500005004,3757.89100159879,3594.24652238048,3616.0833338444,3526.86941254004,3637.19366600771,3605.16469790232
2023-10-21 18:00:00,3539.95850148005,3426.77900193352,3635.64300122496,3526.23078579985,3553.53529240858,3514.84861369386,3559.99546641713,3539.88275125204
2023-10-21 19:00:00,4441.00500123319,3477.07250109385,3577.32350106875,4414.15794699179,4428.60930279282,4233.622323159,4420.37515205427,4421.38347254185
2023-10-21 20:00:00,5405.23850194504,3745.54350259621,3890.93600242247,5442.79847944784,5448.3335522622,5358.26535393371,5453.63695852173,5445.56595750265
2023-10-21 21:00:00,5566.28549963923,4258.97400144592,4362.49350314727,5529.63454877361,5552.33671413217,5551.34643648722,5566.17668614633,5540.98539211996
2023-10-21 22:00:00,5106.41549879464,4842.84700175363,4949.61250269215,5118.94513708082,5119.13208912204,5090.98634903486,5130.95755234267,5119.03861113052
2023-10-21 23:00:00,4397.48999988928,4521.1220019001,4462.87350037904,4399.15985083862,4390.898950964,4382.63038443418,4430.01202718141,4395.02948799016
2023-10-22,3822.54800496006,3996.57750128047,3878.02149983821,3819.69452076201,3822.61623403316,3793.37080387959,3831.80546025581,3821.15534659602
2023-10-22 01:00:00,3383.46300397813,3550.27300327946,3469.25850314414,3382.3177225448,3389.37712890104,3382.4100355471,3400.68993231532,3385.84735130057
2023-10-22 02:00:00,3091.81700457935,3257.84999884665,3220.30500098492,3089.14633991552,3077.1982585706,3049.01713832462,3113.20983893022,3083.17242520326
2023-10-22 03:00:00,2935.00100544654,3081.54900307616,3020.51950285549,2941.40527280539,2936.42077972248,2910.47237688647,2943.73577471845,2938.91307881193
2023-10-22 04:00:00,2871.77000147989,3012.7995023214,2962.15199878078,2867.57518239336,2882.17840845855,2855.88623918089,2875.78440939122,2874.87664147443
2023-10-22 05:00:00,2860.84400049422,3023.2755045637,3052.51449986559,2858.62703402598,2866.71222147933,2859.52035915369,2872.3049941831,2862.66954251622
2023-10-22 06:00:00,2951.81000652234,2684.3255003409,3097.09550037631,2950.74619957608,2949.66588641743,2915.39110281083,2972.58420670892,2950.20605438574
2023-10-22 07:00:00,3268.4900063778,2568.47500065074,3443.8740002038,3272.00535212878,3281.00724694721,3175.36813965008,3287.37036834457,3276.50620463737
2023-10-22 08:00:00,3581.28150030749,3043.41049893526,3872.05250156566,3624.5975795938,3613.80736734068,3517.7098645956,3581.40019243241,3619.20258722084
2023-10-22 09:00:00,4316.91000466084,3696.55300188798,4077.65400033828,4315.24120616942,4340.46041690942,4237.59802363726,4351.06848414363,4327.85054567105
2023-10-22 10:00:00,4951.37350322318,4136.40199957031,4095.96650322096,4956.31023307055,4971.31372358441,4936.8599571456,4972.45666918593,4963.81182015625
2023-10-22 11:00:00,4893.21500283765,4203.11700091604,4033.91550249851,4889.68946025636,4885.75923591074,4890.51513298917,4890.67840764636,4887.72438951714
2023-10-22 12:00:00,4659.27499789908,4135.43500003801,4095.3290033791,4660.41753770185,4651.22456054502,4637.57512872113,4675.00822172275,4655.82114603851
2023-10-22 13:00:00,4887.19000024599,4305.12950276397,4440.8240003332,4866.74873208425,4862.7354589081,4857.98340181415,4886.33715680121,4864.74213780529
2023-10-22 14:00:00,5110.71300208033,4437.49050235003,4630.41200199362,5105.83135859537,5105.46835973736,5100.62996510738,5103.38446455565,5105.64986299321
2023-10-22 15:00:00,4497.4269996041,4158.15449999226,4226.74000041885,4512.8797890498,4496.94971536569,4479.85827030748,4510.82641762586,4504.91492014729
2023-10-22 16:00:00,4001.46000271937,3782.78049983922,3912.88799958269,3980.93388126511,3994.52254482622,3983.69277242513,4021.41902508398,3987.72806978996
2023-10-22 17:00:00,3875.75950035139,3715.63600158005,3757.89100159879,3875.84620020914,3866.94261145578,3862.42652196333,3901.35225688331,3871.39449969672
2023-10-22 18:00:00,4170.14400248427,3751.27450018923,3635.64300122496,4152.90116960001,4165.13677872949,4122.30161737261,4215.46410818043,4159.01884517335
2023-10-22 19:00:00,5870.6650010579,4028.33700247819,3577.32350106875,5748.47023942292,5703.78314014182,5565.80504941175,5834.62538506916,5726.12716088696
2023-10-22 20:00:00,7315.82850098109,4803.6940028799,3890.93600242247,7102.76592289942,7093.7831173796,6974.31622235123,7266.48619833562,7098.2746148389
2023-10-22 21:00:00,6705.06900148967,5320.9565022866,4362.49350314727,6706.8562189872,6644.52307209293,6682.9640217472,6835.74268063517,6675.6903026745
2023-10-22 22:00:00,5447.59999919974,5457.94950379978,4949.61250269215,5389.26274122537,5435.51234191325,5449.25867710397,5613.23945385424,5412.38705399236
2023-10-22 23:00:00,4352.53950314876,4571.14750221872,4462.87350037904,4368.33831390142,4362.06861940448,4348.84025991695,4385.62886791985,4365.20353274992
2023-10-23,3607.27400358557,3812.80499906244,3878.02149983821,3598.96915631383,3597.76806888898,3584.44553686167,3623.04079836598,3598.36862526362
2023-10-23 01:00:00,3221.57850146026,3397.92450404319,3469.25850314414,3216.00029145655,3223.17095980545,3221.60933512314,3228.39005555813,3219.5855500357
2023-10-23 02:00:00,3027.33200086898,3148.71050260798,3220.30500098492,3030.26849497722,3017.0329974446,2984.34205968752,3027.66078710353,3023.65088574343
2023-10-23 03:00:00,2880.63700317673,3025.0705038954,3020.51950285549,2865.48473864633,2878.69400612089,2861.72680155757,2900.01925353113,2872.08923312761
2023-10-23 04:00:00,2846.88050123537,2994.02500433777,2962.15199878078,2848.23604114916,2851.52486012872,2844.54475876802,2864.19725052067,2849.88041596724
2023-10-23 05:00:00,2947.52300199494,3067.71149801568,3052.51449986559,2964.12401337177,2959.24045768815,2937.46586643814,2965.63462925117,2961.68228701385
2023-10-23 06:00:00,3616.32750028453,3091.76900229475,3097.09550037631,3619.26729571766,3611.72232279397,3571.62544282329,3664.1691025739,3615.49488879714
2023-10-23 07:00:00,4893.00850501633,3508.67150374467,3443.8740002038,4905.13170888812,4896.2189788386,4885.17672353516,5114.46124878979,4900.675437824
2023-10-23 08:00:00,4931.88949891902,3868.24000271223,3872.05250156566,4873.77308782243,4862.99521734132,4801.0631073282,4974.39221333955,4868.38426620537
2023-10-23 09:00:00,4367.63999741437,4089.93500117643,4077.65400033828,4368.87446715235,4378.59800394963,4347.11489652048,4392.04673381614,4373.73613304259
2023-10-23 10:00:00,4285.52200099092,4179.94350156852,4095.96650322096,4289.18865405372,4302.4538271171,4248.22220178732,4283.36710024447,4295.82110074004
2023-10-23 11:00:00,4149.82050250797,4183.36300173879,4033.91550249851,4178.2708453672,4131.11147354131,4148.62148197524,4166.36068486521,4154.69165662228
2023-10-23 12:00:00,4297.6290016842,4281.9530013015,4095.3290033791,4311.81652108889,4287.91711113132,4268.78084069374,4294.48286071449,4299.86706806474
2023-10-23 13:00:00,4560.26550193911,4537.85950070084,4440.8240003332,4559.70430647521,4550.01352491637,4479.75571277441,4549.66632338424,4554.85901785887
2023-10-23 14:00:00,4640.11650030524,4727.99400077015,4630.41200199362,4617.33801752758,4640.54880114326,4598.47178633479,4667.14847263375,4628.94316464049
2023-10-23 15:00:00,4395.44200281746,4292.26650282752,4226.74000041885,4393.80361829546,4396.88831370796,4371.4866696249,4456.28923899053,4395.34593348195
2023-10-23 16:00:00,4123.48650349292,4068.67900109151,3912.88799958269,4124.40096838457,4123.45787179476,4103.37974749233,4129.76003840293,4123.92943003207
2023-10-23 17:00:00,4202.96850153652,3990.68950289523,3757.89100159879,4174.87592411229,4200.43582988458,4177.51954899644,4227.69399291164,4187.65560753836
2023-10-23 18:00:00,4509.32200222299,3911.65200090094,3635.64300122496,4496.76241945243,4511.88503379048,4426.48493683504,4507.24789711989,4504.32356719439
2023-10-23 19:00:00,6378.97750171099,4276.07100102503,3577.32350106875,6378.39226842082,6388.94369417026,6246.84065635007,6571.54920752551,6383.6678700593
2023-10-23 20:00:00,7633.2199989669,5180.72500242095,3890.93600242247,7633.15573372255,7592.32052446561,7507.72869857308,7747.44088015161,7612.73855959091
2023-10-23 21:00:00,6822.29200400726,5529.52000025532,4362.49350314727,6863.7482436423,6840.29517376387,6861.87259140768,6920.57513582263,6852.02195595227
2023-10-23 22:00:00,5585.06150127621,5493.65250209486,4949.61250269215,5601.65230156776,5583.63967165449,5602.49859619542,5711.03994514363,5592.64617650558
2023-10-23 23:00:00,4390.89550168067,4605.84550008271,4462.87350037904,4393.5913375904,4398.76769576148,4386.55350013351,4444.14003056309,4396.17946210524
2023-10-24,3773.08049966022,3974.0605006431,3878.02149983821,3779.76982325416,3781.54921813112,3742.81510018876,3795.64396153826,3780.65950193374
2023-10-24 01:00:00,3358.7900019302,3479.58400138607,3469.25850314414,3364.64418170137,3359.11978653477,3382.99411345272,3381.49701079615,3361.88204235787
2023-10-24 02:00:00,3119.86250063148,3224.16650517471,3220.30500098492,3119.60958553959,3119.84283323108,3083.61040401801,3167.91894682569,3119.72620692637
2023-10-24 03:00:00,2949.08200169937,3026.64450340311,3020.51950285549,2959.79275123038,2945.27232588782,2926.76923683133,2964.73790737322,2952.53269163771
2023-10-24 04:00:00,2889.2550043168,2979.62199939799,2962.15199878078,2886.12099708654,2899.39821213019,2902.51859423347,2929.94841508521,2892.75946463604
2023-10-24 05:00:00,3013.3225026133,3097.94800127589,3052.51449986559,3009.94503814141,3021.94435538014,3007.26289585658,3044.84307087871,3015.94457026043
2023-10-24 06:00:00,3706.22800247569,3119.46250026475,3097.09550037631,3699.61669048684,3706.01162276158,3615.91776069925,3734.12062449854,3702.81408920694
2023-10-24 07:00:00,5044.92300079472,3618.68900130154,3443.8740002038,5030.87044588052,5034.42339276343,4986.88221633141,5046.74155365079,5032.64688186576
2023-10-24 08:00:00,5087.72700004675,4014.44650246436,3872.05250156566,5087.09939427751,5074.41039332735,5040.6027512443,5119.33717664507,5080.75502757362
2023-10-24 09:00:00,4460.34299846727,4140.52750166203,4077.65400033828,4480.84876765606,4461.06970244297,4434.62471134024,4472.13457215181,4470.95944356626
2023-10-24 10:00:00,4343.31200138846,4119.28100655158,4095.96650322096,4360.40174229788,4340.53908406874,4330.41104127453,4360.22155024714,4350.47062258132
2023-10-24 11:00:00,4249.09000104421,4057.63500284182,4033.91550249851,4250.08751521407,4255.88809539409,4230.99410778905,4272.69173179592,4252.98774415265
2023-10-24 12:00:00,4406.97250256431,4194.73650531319,4095.3290033791,4386.09433162381,4391.57753086056,4404.94846475658,4418.80687294107,4388.83587343668
2023-10-24 13:00:00,4787.89350145188,4504.00250181463,4440.8240003332,4782.93955488121,4795.23680847523,4737.5193654233,4772.99918522957,4789.08805203694
2023-10-24 14:00:00,4812.75050216564,4613.98400094779,4630.41200199362,4810.50210350272,4832.56835324007,4787.35306242412,4830.82161158435,4821.53499574248
2023-10-24 15:00:00,4395.26599966286,4291.65250235808,4226.74000041885,4401.95084437797,4399.28802376248,4367.63118681161,4426.93253159729,4400.61946214246
2023-10-24 16:00:00,4105.78900036437,4084.72900088842,3912.88799958269,4125.37615407648,4118.20620967254,4087.92808063946,4135.98503640318,4121.79125746218
2023-10-24 17:00:00,4144.88600042334,3944.50400155748,3757.89100159879,4126.33889986987,4154.894720712,4094.48059530263,4186.02809151708,4140.61650924704
2023-10-24 18:00:00,4349.496004235,3888.7250029943,3635.64300122496,4365.81884776363,4335.5568861164,4305.51246312269,4387.63736693145,4350.68818597055
2023-10-24 19:00:00,6171.13150481344,4166.51049937564,3577.32350106875,6183.54052042036,6169.01219153124,6109.6865958689,6242.37940441044,6176.27650913773
2023-10-24 20:00:00,7510.83250027092,5002.06400427909,3890.93600242247,7410.27401364738,7482.75735393312,7386.12977192385,7577.3886560851,7446.51491964948
2023-10-24 21:00:00,6809.66349853494,5483.76650129189,4362.49350314727,6761.30041442395,6832.13805690134,6797.16859883257,6961.65532390772,6796.71848887131
2023-10-24 22:00:00,5568.2325048839,5516.21550051367,4949.61250269215,5576.10637919394,5578.52380006036,5558.53657966636,5696.63879368511,5577.31506414199
2023-10-24 23:00:00,4421.89700078859,4583.18400226114,4462.87350037904,4449.37259264917,4425.25217391674,4411.41984422324,4483.00450803081,4437.31263756753
2023-10-25,3792.92050093599,3937.83000165178,3878.02149983821,3802.90365418822,3789.65994223265,3782.29961512293,3806.34024803675,3796.28193782956
2023-10-25 01:00:00,3384.6855032132,3524.4159997399,3469.25850314414,3393.5850125934,3380.82611083054,3358.30274860046,3392.5019509109,3387.20569622008
2023-10-25 02:00:00,3160.0670031819,3284.64199897763,3220.30500098492,3151.62612847635,3157.07605238319,3106.46054533017,3178.78997164623,3154.35103297506
2023-10-25 03:00:00,2990.57800409221,3089.69300293387,3020.51950285549,2995.22162168749,2995.51764402833,2987.65785901503,3012.48021176345,2995.36962973716
2023-10-25 04:00:00,2938.68150185666,3037.19650082325,2962.15199878078,2924.50601808251,2940.9330029926,2941.55171297409,2960.05221173926,2932.71933735943
2023-10-25 05:00:00,3061.09200388403,3120.3994991259,3052.51449986559,3053.42793067902,3059.08335102245,3040.37305099332,3075.90099741316,3056.25558122963
2023-10-25 06:00:00,3694.77400367172,3167.17199901131,3097.09550037631,3697.32210399128,3697.00055358486,3618.4470266624,3706.52780983596,3697.16133217795
2023-10-25 07:00:00,4826.06399963831,3586.44450181129,3443.8740002038,4840.58362710658,4837.72007574446,4728.90945599105,4855.94491895816,4839.15188161392
2023-10-25 08:00:00,5073.41550006554,3889.14750203351,3872.05250156566,5078.65549615472,5061.68190107435,5036.57041318116,5060.10334227282,5070.16887755518
2023-10-25 09:00:00,4743.21250254929,4103.82249803317,4077.65400033828,4737.20904640274,4756.34215205388,4721.50402606818,4761.19917163686,4746.77539752146
2023-10-25 10:00:00,4634.35100184148,4117.45250114182,4095.96650322096,4635.46440853149,4633.9668018886,4619.43816108812,4664.23339307669,4634.71562099825
2023-10-25 11:00:00,4470.74000228517,4014.28799769632,4033.91550249851,4472.74877579315,4459.4657196044,4445.45014129575,4493.04789169776,4466.10738773267
2023-10-25 12:00:00,4565.77750268881,4111.64700231131,4095.3290033791,4563.38934224484,4563.74919519432,4536.54852970222,4594.81060183868,4563.5692649259
2023-10-25 13:00:00,4895.15199945442,4453.63600384444,4440.8240003332,4896.09034395079,4915.01576407516,4885.11148647321,4926.80683622723,4905.55285449561
2023-10-25 14:00:00,4958.60500402807,4629.46149996202,4630.41200199362,4984.85711089365,4942.61784427381,4928.80453824254,4972.13415170718,4963.73792288255
2023-10-25 15:00:00,4568.25599982066,4288.95700080122,4226.74000041885,4545.2146853642,4572.09335127493,4539.66961726577,4601.30188345216,4558.65373495673
2023-10-25 16:00:00,4307.20600281801,4109.54250011093,3912.88799958269,4287.21647132373,4297.11771264488,4310.18466650917,4353.40997094587,4292.16698760249
2023-10-25 17:00:00,4341.40799872379,4042.09200018295,3757.89100159879,4324.98851977735,4344.12202008339,4314.02648659865,4351.76166548285,4334.55506821936
2023-10-25 18:00:00,4549.96000089368,3890.35600409959,3635.64300122496,4554.37319021138,4564.93779646625,4544.10169625503,4586.57374474691,4559.65538196362
2023-10-25 19:00:00,6300.90850107942,4128.75250369054,3577.32350106875,6237.85842980406,6240.78984858781,6313.47478030862,6236.35076238751,6239.32410829205
2023-10-25 20:00:00,7568.42550579412,4866.06450009916,3890.93600242247,7571.60355110238,7586.7393378723,7499.26215237454,7653.62018014585,7579.17128492141
2023-10-25 21:00:00,6805.18850019679,5215.71400297561,4362.49350314727,6764.07984124648,6754.84862566165,6708.76596753847,6769.07657861658,6759.46433077227
2023-10-25 22:00:00,5628.57500368694,5440.81550056499,4949.61250269215,5597.1515158168,5651.52310759819,5634.46587480909,5754.78601728902,5624.33673850612
2023-10-25 23:00:00,4449.20849745336,4616.35249849106,4462.87350037904,4453.55268394003,4437.31589731726,4433.06829244838,4514.06759942991,4445.43446180164
2023-10-26,3855.93500353745,3985.94000082661,3878.02149983821,3850.30396415677,3843.52745317105,3859.72308149863,3854.62705441785,3846.91578010389
2023-10-26 01:00:00,3383.13550007425,3533.07100122375,3469.25850314414,3377.79470117259,3375.26728225066,3354.65893754204,3390.94241487026,3376.53101835642
2023-10-26 02:00:00,3158.42900157941,3257.75550389697,3220.30500098492,3150.38809420959,3151.42199266139,3142.7215206463,3171.74423128163,3150.90503253583
2023-10-26 03:00:00,2984.96550070704,3068.56349791156,3020.51950285549,2979.28315024287,2990.28119942185,2964.83265854716,2995.18902632851,2984.78205888768
2023-10-26 04:00:00,2956.47650367557,3005.89000203146,2962.15199878078,2964.20365018618,2952.72907933163,2939.96100727841,2969.5004228455,2958.46648572722
2023-10-26 05:00:00,3022.68849977269,3080.66700125381,3052.51449986559,3016.2514411787,3038.41006022141,3012.4399777305,3043.74817986614,3027.33051709735
2023-10-26 06:00:00,3751.72600231145,3127.032999933,3097.09550037631,3725.94973499048,3723.92206518236,3643.52781853373,3753.91398003536,3724.93592146271
2023-10-26 07:00:00,5088.55400388048,3536.91050184076,3443.8740002038,5041.77453012085,5091.46226874112,4991.51274554489,5100.84890801148,5066.61787560817
2023-10-26 08:00:00,5181.05899861327,3965.535000748,3872.05250156566,5162.09020761458,5188.14957192587,5150.78797730707,5248.22619219101,5175.11961504471
2023-10-26 09:00:00,4667.91549981129,4109.49650311226,4077.65400033828,4665.47219324425,4688.27138139153,4655.81437829918,4669.92728079747,4676.87154696212
2023-10-26 10:00:00,4628.04250192235,4106.71250284731,4095.96650322096,4625.12311209687,4625.78772620545,4599.05082733106,4640.34518541902,4625.4554121446
2023-10-26 11:00:00,4607.54100517917,4050.99200042791,4033.91550249851,4626.52884178869,4600.16963569903,4579.9328531536,4595.43301670982,4613.34951663039
2023-10-26 12:00:00,4705.83700268267,4204.54800402035,4095.3290033791,4704.21308968207,4706.74588981639,4687.06408665925,4732.17188405435,4705.4794630477
2023-10-26 13:00:00,4960.84150091244,4558.02100177261,4440.8240003332,4969.19620139332,4960.31505653417,4917.34170001649,4954.87683863852,4964.7557225914
2023-10-26 14:00:00,4998.56350358413,4610.15600136656,4630.41200199362,5009.90645830284,4995.08971093613,4948.08980801622,5016.02641472458,5002.49824082201
2023-10-26 15:00:00,4656.62400025682,4323.3590012677,4226.74000041885,4642.42017092201,4650.01793272597,4623.54674518951,4654.67759949895,4646.21897172614
2023-10-26 16:00:00,4481.79100137134,4013.83449905342,3912.88799958269,4468.48053295857,4462.55507070291,4425.19307746902,4499.22805870748,4465.51786429871
2023-10-26 17:00:00,4578.56100486172,3982.3855019355,3757.89100159879,4575.08667352537,4572.46843344019,4530.4251467646,4610.93284733775,4573.77758108504
2023-10-26 18:00:00,4748.69500445842,3920.20749899792,3635.64300122496,4751.00995835329,4764.53386352483,4712.65349144118,4754.9086902717,4757.77176836606
2023-10-26 19:00:00,6332.08749999804,4119.91100104165,3577.32350106875,6353.52150077684,6362.2715595091,6264.88488003768,6383.619822621,6357.89643789727
2023-10-26 20:00:00,7374.0179982332,4719.11000241095,3890.93600242247,7331.58633742053,7299.51705961147,7132.02639639652,7520.29222307636,7315.5520365998
2023-10-26 21:00:00,6791.85950027173,5144.51949917001,4362.49350314727,6749.10669125784,6750.86809936006,6681.8294882279,6771.00733187709,6749.98737673967
2023-10-26 22:00:00,5674.47149901686,5334.03500121133,4949.61250269215,5634.02982718058,5686.73093078245,5683.14121524889,5791.53740695507,5660.37982339092
2023-10-26 23:00:00,4528.99100037268,4501.58650224423,4462.87350037904,4543.75217494257,4521.08736837452,4489.72757887698,4575.91103037943,4532.42001059763
2023-10-27,3935.46300293365,3878.02149983821,3878.02149983821,3931.55849717568,3930.41752395215,3922.32364727405,3937.51383178313,3930.98802259239
2023-10-27 01:00:00,3539.10900122195,3469.25850314414,3469.25850314414,3532.50640241825,3532.85308844002,3522.46475014472,3549.75082478659,3532.67974177427
2023-10-27 02:00:00,3245.21100189222,3220.30500098492,3220.30500098492,3231.54530198789,3252.96120208645,3220.77657308614,3262.29663850835,3242.25302626443
2023-10-27 03:00:00,3055.00700363202,3020.51950285549,3020.51950285549,3068.83740484819,3065.08638503151,3035.83718651811,3081.48427807268,3066.96193448421
2023-10-27 04:00:00,2999.06000291335,2962.15199878078,2962.15199878078,3008.21429508868,2998.03347725218,2980.1797386088,3015.52806343437,3003.12399349962
2023-10-27 05:00:00,3149.3369994997,3052.51449986559,3052.51449986559,3135.77735811904,3142.02604152582,3125.56548376873,3161.68743315917,3138.90163394697
2023-10-27 06:00:00,3839.49649883073,3097.09550037631,3097.09550037631,3831.71775952923,3825.76809507441,3742.25102259917,3846.08013351267,3828.74299002494
2023-10-27 07:00:00,5180.22350258881,3443.8740002038,3443.8740002038,5156.47333213109,5143.52167722062,5106.07226400175,5197.0402012602,5149.99764121602
2023-10-27 08:00:00,5249.08449969499,3872.05250156566,3872.05250156566,5204.98646602231,5254.56266961301,5218.03673588614,5280.40319371273,5229.77404517068
2023-10-27 09:00:00,4608.58749986533,4077.65400033828,4077.65400033828,4618.43594915882,4608.61993122113,4591.45890112362,4632.39346041326,4613.52804367333
2023-10-27 10:00:00,4509.39149864833,4095.96650322096,4095.96650322096,4527.96759723005,4495.22992300394,4494.12805771736,4543.07452475997,4511.59910524722
2023-10-27 11:00:00,4384.69200439507,4033.91550249851,4033.91550249851,4397.87626669973,4393.6348548898,4351.66203981484,4381.25937660157,4395.75560550898
2023-10-27 12:00:00,4429.04000386066,4095.3290033791,4095.3290033791,4442.60290538605,4412.63191797447,4387.33603346368,4452.83467614526,4427.61772764326
2023-10-27 13:00:00,4620.70699968643,4440.8240003332,4440.8240003332,4623.91608609561,4613.23812301059,4591.97573599588,4625.82743841348,4618.57721712334
2023-10-27 14:00:00,4749.44600120193,4630.41200199362,4630.41200199362,4736.96889217092,4733.14698784706,4690.27080837409,4752.03399664918,4735.05798030063
2023-10-27 15:00:00,4443.92150064569,4226.74000041885,4226.74000041885,4445.53020071487,4446.07353339038,4398.14673965802,4454.45327063454,4445.80186132465
2023-10-27 16:00:00,4051.55899956124,3912.88799958269,3912.88799958269,4072.26720097764,4060.28088853771,4063.73332223167,4093.59018004927,4066.27417112092
2023-10-27 17:00:00,3930.61900077225,3757.89100159879,3757.89100159879,3951.95605402444,3937.21711426125,3901.22200399791,3956.08612542415,3944.5867395251
2023-10-27 18:00:00,3983.39850209188,3635.64300122496,3635.64300122496,4024.67408728549,3993.37958016694,3993.24244638125,4038.16758805766,4009.02716364215
2023-10-27 19:00:00,5055.66149913589,3577.32350106875,3577.32350106875,4815.82722454575,4948.70342263182,4703.23180109533,5122.21415054733,4882.26392276868
2023-10-27 20:00:00,5912.80450332596,3890.93600242247,3890.93600242247,5981.95098482052,5924.98571644044,5905.28364124008,6044.43612322702,5953.46895117516
2023-10-27 21:00:00,5991.07400020794,4362.49350314727,4362.49350314727,5960.01465135309,5972.44925061114,5916.42429292572,6056.87906410619,5966.2318198929
2023-10-27 22:00:00,5299.38450028817,4949.61250269215,4949.61250269215,5313.95201356422,5330.52337734467,5297.45483764822,5324.20704244828,5322.23752075424
2023-10-27 23:00:00,4526.44249704643,4462.87350037904,4462.87350037904,4527.29131395605,4532.18866337564,4519.13849388833,4563.13542340797,4529.73993703654
2023-10-28,4026.68049883889,4023.42650119867,3878.02149983821,4046.70390522443,4041.3197946425,3992.96438399074,4033.49775250641,4044.01190669435
2023-10-28 01:00:00,3561.81299872429,3609.41050378873,3469.25850314414,3588.19765113533,3564.40964290653,3532.81601704025,3575.13991220235,3576.30389780113
2023-10-28 02:00:00,3254.13550348592,3294.22500246519,3220.30500098492,3254.53010969726,3251.44718343886,3238.18319615209,3247.48862726162,3252.98867906918
2023-10-28 03:00:00,3035.16199991514,3084.05800014839,3020.51950285549,3042.601567688,3034.97425536314,3008.83833602535,3048.08939681151,3038.78799193495
2023-10-28 04:00:00,2949.96400435641,3024.46650301048,2962.15199878078,2948.73541682226,2948.66850114423,2934.52068347588,2951.30407403034,2948.70195968869
2023-10-28 05:00:00,2933.64650440973,3007.75600211474,3052.51449986559,2916.03054570646,2917.54183053739,2869.89873908833,2938.82251179553,2916.78617218951
2023-10-28 06:00:00,3075.28900330281,2710.46800186485,3097.09550037631,3039.12018792554,3046.6997668897,2975.73222624514,3135.66894966403,3042.90989750146
2023-10-28 07:00:00,3540.98900401883,2681.48850309057,3443.8740002038,3598.78268956215,3675.76409546697,3340.91985541929,3823.73586869902,3637.27258095385
2023-10-28 08:00:00,4163.73050262092,3248.19900084962,3872.05250156566,4200.36126347925,4200.99681953586,3939.55765826516,4244.5320922125,4200.67903480734
2023-10-28 09:00:00,4883.45800231618,3972.53850250947,4077.65400033828,4867.85730759672,4872.77871552028,4796.38960705401,4926.95722325205,4870.31795967556
2023-10-28 10:00:00,5183.61800243438,4358.50400316529,4095.96650322096,5193.85396188896,5208.64812137884,5168.8310265115,5226.60465044629,5201.2508856695
2023-10-28 11:00:00,4886.08100007521,4338.97150042292,4033.91550249851,4892.20707525825,4892.99749602578,4868.70412581303,4919.10095063575,4892.60227730917
2023-10-28 12:00:00,4724.2440017481,4259.3395031034,4095.3290033791,4721.27945338031,4724.8109217479,4709.43596224603,4756.37844783253,4723.04515033432
2023-10-28 13:00:00,5052.61550297833,4322.5750025938,4440.8240003332,5069.61922534648,5088.53946444509,5044.79711206024,5113.02229842924,5079.07914543304
2023-10-28 14:00:00,5220.78399949445,4387.26800414361,4630.41200199362,5221.5159058203,5225.34847246096,5192.08532686837,5286.40535742387,5223.43214873658
2023-10-28 15:00:00,4662.36050222383,3973.49150129128,4226.74000041885,4655.90065276503,4666.26262992715,4639.63260072291,4662.56082638198,4661.08153210707
2023-10-28 16:00:00,4054.73600148119,3647.46549946209,3912.88799958269,4050.00889277163,4053.13736330746,4057.05197463404,4104.08828636335,4051.57309505828
2023-10-28 17:00:00,3898.95400093647,3497.72500005004,3757.89100159879,3907.40116895657,3901.92914335354,3865.20190970772,3925.86477244827,3904.66521384277
2023-10-28 18:00:00,3870.63400107366,3426.77900193352,3635.64300122496,3884.04440989695,3885.4563872877,3874.47500154867,3886.35344289958,3884.75038370684
2023-10-28 19:00:00,4898.47949867824,3477.07250109385,3577.32350106875,4909.09669529077,4906.04122529352,4846.87941234004,4904.09952609447,4907.56899250381
2023-10-28 20:00:00,5542.83099643083,3745.54350259621,3890.93600242247,5486.96850852137,5528.89295160517,5501.87336765064,5568.35391387605,5507.93028808341
2023-10-28 21:00:00,5715.84749906999,4258.97400144592,4362.49350314727,5712.18317774008,5717.60786635155,5720.33536130921,5763.00913626933,5714.89546485715
2023-10-28 22:00:00,5160.4230017158,4842.84700175363,4949.61250269215,5136.7211802623,5188.58508096333,5192.08532686837,5187.26381972832,5162.65258384826
2023-10-28 23:00:00,4557.99900041509,4521.1220019001,4462.87350037904,4560.91545832266,4566.57099509007,4549.70972212714,4585.71194060744,4563.74316708403
2023-10-29,3986.97700011905,3996.57750128047,3878.02149983821,3988.21965386563,4002.97538029279,3978.34961848934,4005.1868956431,3995.59736151999
2023-10-29 01:00:00,4563.8414806244,3550.27300327946,3469.25850314414,4483.88947428108,4494.63822635876,4475.49737544066,4607.08156133071,4489.26373700341
2023-10-29 02:00:00,3165.20850492839,3257.84999884665,3220.30500098492,3197.48062483322,3171.95906784764,3140.68048660752,3301.0908388016,3184.72011539622
2023-10-29 03:00:00,2999.55900119478,3081.54900307616,3020.51950285549,2996.52203488889,2991.63368870669,2985.06814420332,2997.2642087067,2994.07791333218
2023-10-29 04:00:00,2880.00550147076,3012.7995023214,2962.15199878078,2877.53403942633,2886.42556155925,2869.33341791152,2904.76235974915,2881.97970675574
2023-10-29 05:00:00,2892.38749859796,3023.2755045637,3052.51449986559,2888.96065311076,2895.97173697951,2891.31331621709,2921.73097505026,2892.46612113222
2023-10-29 06:00:00,2921.14699985518,2684.3255003409,3097.09550037631,2927.11743659451,2926.79436618411,2891.02370660039,2937.66764180417,2926.95590479521
2023-10-29 07:00:00,3095.91500592022,2568.47500065074,3443.8740002038,3067.90393155229,3098.19153304742,3052.24461857282,3143.61507738115,3083.04741299902
2023-10-29 08:00:00,3371.09599883272,3043.41049893526,3872.05250156566,3407.60799427241,3435.04211026293,3284.72148675805,3480.76426963957,3421.32476304912
2023-10-29 09:00:00,4092.89850101573,3696.55300188798,4077.65400033828,4095.49134372822,4102.33477804497,3909.52220710835,4151.55890262397,4098.91298874109
2023-10-29 10:00:00,5008.65350013791,4136.40199957031,4095.96650322096,4978.20368209803,5008.63963672904,4953.00558019315,5030.71749428123,4993.42133854872
2023-10-29 11:00:00,5151.4055031084,4203.11700091604,4033.91550249851,5144.96779684919,5155.93950924495,5123.29893023685,5146.92770578271,5150.45353738004
2023-10-29 12:00:00,4999.1615017337,4135.43500003801,4095.3290033791,5011.0245723598,4994.85148449394,4969.38411716085,5007.57912964237,5002.93819892834
2023-10-29 13:00:00,4884.99449924106,4305.12950276397,4440.8240003332,4902.72885189813,4890.98631182845,4862.04438349054,4884.26348392492,4896.85770565661
2023-10-29 14:00:00,5197.13200093515,4437.49050235003,4630.41200199362,5196.81017340566,5216.98663941018,5191.93675363076,5231.15833229668,5206.89819370166
2023-10-29 15:00:00,5354.87450204295,4158.15449999226,4226.74000041885,5322.52897882788,5397.91416959982,5288.42777164709,5405.55525068465,5360.22077948091
2023-10-29 16:00:00,4825.27299860911,3782.78049983922,3912.88799958269,4843.60621517294,4816.67741090114,4787.50376026344,4847.53134120079,4830.14209692844
2023-10-29 17:00:00,4608.45750536351,3715.63600158005,3757.89100159879,4571.22732362569,4591.72607121103,4566.18332975421,4594.72294454397,4581.47648131451
2023-10-29 18:00:00,4825.63250104152,3751.27450018923,3635.64300122496,4792.53915003175,4796.61379450756,4758.13458687378,4931.72969393585,4794.57642931355
2023-10-29 19:00:00,5960.95449842571,4028.33700247819,3577.32350106875,5964.04948183214,5990.2209334526,5929.04485455602,6088.48766024246,5977.1349317352
2023-10-29 20:00:00,6758.8379958705,4803.6940028799,3890.93600242247,6838.2064491752,6800.59261090562,6714.29051849781,6858.84949270034,6819.3999265766
2023-10-29 21:00:00,7245.58650262875,5320.9565022866,4362.49350314727,7372.05840971122,7312.8830013752,7203.83983073562,7528.40192744884,7342.47132938783
2023-10-29 22:00:00,6584.85850699467,5457.94950379978,4949.61250269215,6484.73025254783,6479.46426067485,6392.49134307729,6515.84407515052,6482.09731212699
2023-10-29 23:00:00,5356.91499977116,4571.14750221872,4462.87350037904,5316.69192998005,5332.54740713424,5310.54815363227,5571.64792448592,5324.61950140403
2023-10-30,4281.29550251074,3812.80499906244,3878.02149983821,4295.09024366199,4260.80721373778,4261.48601859637,4321.31641756707,4277.94909012171
2023-10-30 01:00:00,3650.67400058662,3397.92450404319,3469.25850314414,3690.22625155954,3732.033823736,3622.81269933897,3758.82310838973,3711.1295969
2023-10-30 02:00:00,3184.04949847586,3148.71050260798,3220.30500098492,3200.90706249475,3199.67016612272,3148.29390003602,3198.19314691357,3200.28862734846
2023-10-30 03:00:00,3020.72950503556,3025.0705038954,3020.51950285549,3026.14404772788,3010.5582001206,3000.07628492881,3018.40046191267,3018.35128823485
2023-10-30 04:00:00,2927.72500194772,2994.02500433777,2962.15199878078,2926.59909000367,2922.46831774394,2908.59461519654,2962.25000518166,2924.53374742163
2023-10-30 05:00:00,2915.29650210962,3067.71149801568,3052.51449986559,2910.46468727962,2926.44117895897,2919.59526463762,2922.16025592639,2918.4527646904
2023-10-30 06:00:00,3040.75950066419,3091.76900229475,3097.09550037631,3051.20739199506,3050.75996115444,3046.37425481915,3050.53586973008,3050.9836812917
2023-10-30 07:00:00,3828.04600131547,3508.67150374467,3443.8740002038,3858.11637554587,3919.09225967783,3767.93809641127,3895.92254107568,3888.60367478608
2023-10-30 08:00:00,4923.06550436083,3868.24000271223,3872.05250156566,4982.60256878726,5012.20018711102,4952.52842787704,5160.58423015794,4997.40106592231
2023-10-30 09:00:00,4687.23500062164,4089.93500117643,4077.65400033828,4678.71872416057,4678.91627864263,4636.19072039535,4731.24662408845,4678.81749931892
2023-10-30 10:00:00,4380.25150038046,4179.94350156852,4095.96650322096,4367.14794084308,4381.04624012583,4409.49720197972,4442.27092943185,4374.09694396448
2023-10-30 11:00:00,4282.92650149186,4183.36300173879,4033.91550249851,4291.40194374238,4268.39402008598,4266.17149893917,4288.88660522241,4279.8982244705
2023-10-30 12:00:00,4141.32400426792,4281.9530013015,4095.3290033791,4094.5448018048,4140.90779743675,4175.70280832391,4179.77563771142,4117.72581084839
2023-10-30 13:00:00,4281.93650195171,4537.85950070084,4440.8240003332,4274.24371347761,4247.88586805022,4231.40175777425,4332.17523303936,4261.0650686361
2023-10-30 14:00:00,4577.92150184233,4727.99400077015,4630.41200199362,4528.76905188869,4545.27651023144,4479.78562514575,4587.9477165512,4537.02260703357
2023-10-30 15:00:00,4618.23750013835,4292.26650282752,4226.74000041885,4577.27231922926,4555.26383443503,4511.8721223413,4633.63971501937,4566.26830885209
2023-10-30 16:00:00,4299.01299769845,4068.67900109151,3912.88799958269,4265.18192377482,4302.23221178068,4290.98997420735,4337.48867084547,4283.70667718268
2023-10-30 17:00:00,4025.4130019648,3990.68950289523,3757.89100159879,4014.02800920738,4027.09658713788,3958.0640758155,4041.60122356806,4020.56216039983
2023-10-30 18:00:00,4147.93050348083,3911.65200090094,3635.64300122496,4118.14322579301,4150.09389126482,4040.18271291261,4188.06105302433,4134.11822169557
2023-10-30 19:00:00,5405.48249872867,4276.07100102503,3577.32350106875,5405.17304760472,5399.90712518608,5124.32039669815,5409.85714270797,5402.54014191031
2023-10-30 20:00:00,6765.81299453066,5180.72500242095,3890.93600242247,6714.70823476901,6684.79370335499,6669.18420678392,6838.01854839529,6699.75128442982
2023-10-30 21:00:00,7379.3080011626,5529.52000025532,4362.49350314727,7335.95814808992,7439.63856080622,7354.46751944555,7619.37962257108,7387.79726141855
2023-10-30 22:00:00,6643.21900004917,5493.65250209486,4949.61250269215,6705.00606491455,6685.52061481909,6616.55061804443,6722.9609938727,6695.26354528819
2023-10-30 23:00:00,5458.26950775925,4605.84550008271,4462.87350037904,5488.42325019493,5437.51917649169,5418.3161481797,5511.53281378296,5462.97174998908
2023-10-31,4320.31049839268,3974.0605006431,3878.02149983821,4315.63205968806,4307.59932983775,4280.60592815649,4370.77783928583,4311.61577944632
2023-10-31 01:00:00,3776.75300227234,3479.58400138607,3469.25850314414,3774.1714822854,3788.35513198772,3752.01296898574,3819.73659610031,3781.26315760834
2023-10-31 02:00:00,3344.86250138143,3224.16650517471,3220.30500098492,3346.28526391828,3369.52472242662,3331.83940896933,3382.4874765434,3357.90474817522
2023-10-31 03:00:00,3128.40100292873,3026.64450340311,3020.51950285549,3127.903633063,3118.88462217873,3103.27640958719,3141.61242434069,3123.39422270194
2023-10-31 04:00:00,3004.56449677667,2979.62199939799,2962.15199878078,3015.89934652421,3016.10635271142,3002.74776533141,3042.19219538334,3016.00284743549
2023-10-31 05:00:00,2985.47250376549,3097.94800127589,3052.51449986559,2981.87176596844,3008.0519476623,2991.88485105982,3012.3135314098,2994.96158081617
2023-10-31 06:00:00,3148.72200403793,3119.46250026475,3097.09550037631,3145.2479325488,3154.36059851626,3117.10884150226,3172.11642216693,3149.80416946411
2023-10-31 07:00:00,3909.00650135218,3618.68900130154,3443.8740002038,3893.53628908408,3915.034359846,3749.74804942797,3954.19968951845,3904.28509782603
2023-10-31 08:00:00,5000.91700183426,4014.44650246436,3872.05250156566,5002.50934902969,4986.57778945145,4946.9902121666,5047.7429444745,4994.54373719577
2023-10-31 09:00:00,4691.72800035623,4140.52750166203,4077.65400033828,4694.11960490641,4689.81448823158,4676.04291441776,4736.40782077746,4691.96709195481
2023-10-31 10:00:00,4343.02150483336,4119.28100655158,4095.96650322096,4344.32438956272,4343.84853582641,4325.62201438458,4368.74788487568,4344.08646771115
2023-10-31 11:00:00,4222.76100131846,4057.63500284182,4033.91550249851,4207.49701652052,4213.25306466105,4211.81048168014,4246.78385248291,4210.37497990883
2023-10-31 12:00:00,4012.34300323389,4194.73650531319,4095.3290033791,4019.53156389499,4024.40076207228,4009.06667962804,4063.42709565739,4021.96611165111
2023-10-31 13:00:00,4188.15949979011,4504.00250181463,4440.8240003332,4174.40719690797,4159.58206551124,4193.8418078841,4199.05371077,4166.99478750052
2023-10-31 14:00:00,4437.71000195062,4613.98400094779,4630.41200199362,4462.0916107788,4435.76699656701,4420.96129162063,4445.39501558858,4448.92958119476
2023-10-31 15:00:00,4440.04100193025,4291.65250235808,4226.74000041885,4428.25186518348,4447.19755626817,4407.73096101152,4451.97251553208,4437.72451099476
2023-10-31 16:00:00,4255.42950269685,4084.72900088842,3912.88799958269,4243.41509228539,4259.37273045193,4244.13127449748,4264.68232482695,4251.39374313853
2023-10-31 17:00:00,4032.45699902438,3944.50400155748,3757.89100159879,4041.35545999623,4047.65475629422,4037.11611518468,4037.05064790574,4044.50504173618
2023-10-31 18:00:00,4153.26600397762,3888.7250029943,3635.64300122496,4144.34254016725,4151.01243253377,4164.00061631484,4176.37602577305,4147.67741603454
2023-10-31 19:00:00,5231.77750415611,4166.51049937564,3577.32350106875,5202.54509349462,5204.90832871246,5127.59632708908,5247.34520094152,5203.72668618962
2023-10-31 20:00:00,5538.8630007375,5002.06400427909,3890.93600242247,5650.74829898662,5547.83687481015,5383.62458226862,5760.00856238566,5599.293671821
2023-10-31 21:00:00,5718.40749911312,5483.76650129189,4362.49350314727,6092.50889569753,5976.329980463,5997.30435902644,6124.64101598491,6034.42066287269
2023-10-31 22:00:00,5756.46650045307,5516.21550051367,4949.61250269215,5738.66950646733,5733.85016130225,5752.32191865226,5838.76185794218,5736.25988469175
2023-10-31 23:00:00,5181.17300173815,4583.18400226114,4462.87350037904,5185.93274099586,5186.18528660481,5151.69698615016,5252.46803137275,5186.05901113793
2023-11-01,4455.28250409826,3937.83000165178,3878.02149983821,4439.51432208781,4455.63466350982,4427.07610931305,4473.49987280726,4447.57432285342
2023-11-01 01:00:00,3953.72300420748,3524.4159997399,3469.25850314414,3935.01068176892,3960.88549700035,3925.00727251924,4018.86500850039,3947.9478166047
2023-11-01 02:00:00,3446.29000404768,3284.64199897763,3220.30500098492,3451.56676024734,3461.62805934637,3420.97717858102,3453.70520623975,3456.59730372767
2023-11-01 03:00:00,3145.67100189335,3089.69300293387,3020.51950285549,3158.42044252147,3143.00935012322,3114.94476810868,3163.8054960704,3150.71505879063
2023-11-01 04:00:00,2999.40250252269,3037.19650082325,2962.15199878078,2989.96440968965,3003.04283332417,2990.49516017757,3015.36121449923,2996.50348363031
2023-11-01 05:00:00,2945.24950420728,3120.3994991259,3052.51449986559,2944.51701909143,2953.54327434439,2955.95900633355,2954.83405001135,2949.03005156047
2023-11-01 06:00:00,2961.80900285265,3167.17199901131,3097.09550037631,2970.18749432741,2956.90949092715,2933.00512897301,2984.97701802593,2963.54863260791
2023-11-01 07:00:00,3110.08750320296,3586.44450181129,3443.8740002038,3049.56142381081,3112.71983706368,3043.99210027976,3444.4037363581,3081.13996460261
2023-11-01 08:00:00,3288.2210036359,3889.14750203351,3872.05250156566,3444.07377224427,3443.02726409916,3324.17864309742,3990.07824981789,3443.55052920432
2023-11-01 09:00:00,3839.87000137637,4103.82249803317,4077.65400033828,3823.13290408067,3795.96622301765,3658.81809397322,3995.91740461311,3809.54984994833
2023-11-01 10:00:00,4988.04450063198,4117.45250114182,4095.96650322096,4982.69384662472,4969.86763370033,4868.45799411049,4982.61717764516,4976.28087538025
2023-11-01 11:00:00,5490.36800198571,4014.28799769632,4033.91550249851,5410.23324373339,5472.91816083151,5369.16795637492,5472.50576988888,5441.57504143955
2023-11-01 12:00:00,5394.08450046048,4111.64700231131,4095.3290033791,5277.03284425778,5327.97155069993,5206.34830273622,5315.50451099335,5302.50166046797
2023-11-01 13:00:00,5118.19849951228,4453.63600384444,4440.8240003332,5144.02572781341,5112.58337721121,5062.59450361117,5161.05680894053,5128.30488398685
2023-11-01 14:00:00,5362.85449773853,4629.46149996202,4630.41200199362,5379.95147614692,5361.00043325639,5292.23765860553,5466.32363265601,5370.47615448914
2023-11-01 15:00:00,5471.07100149954,4288.95700080122,4226.74000041885,5483.39375790669,5440.32583810817,5458.11246815614,5526.39904604839,5461.86025204216
2023-11-01 16:00:00,4815.86450246058,4109.54250011093,3912.88799958269,4791.136844442,4797.93167946732,4790.14859410107,4800.19764012489,4794.5341903215
2023-11-01 17:00:00,4356.93200355524,4042.09200018295,3757.89100159879,4341.12223272387,4341.76896128901,4335.9580639755,4380.77043183909,4341.44559018844
2023-11-01 18:00:00,4527.03200006019,3890.35600409959,3635.64300122496,4495.42292034799,4538.34473267402,4494.56105427632,4568.63183610964,4516.88337401659
2023-11-01 19:00:00,5641.91750277998,4128.75250369054,3577.32350106875,5678.95370399631,5630.58689427841,5570.28226761173,5691.50083927745,5654.77080903454
2023-11-01 20:00:00,6466.3789994088,4866.06450009916,3890.93600242247,6530.02086398929,6502.62587684881,6290.58477423102,6535.11398443426,6516.32365922509
2023-11-01 21:00:00,7187.96049872576,5215.71400297561,4362.49350314727,7029.58381212084,7300.97232860105,7205.9839237619,7504.14911122669,7165.27520930308
2023-11-01 22:00:00,6600.86099815916,5440.81550056499,4949.61250269215,6631.66880646177,6576.74749329457,6494.53066188826,6676.63094507824,6604.20872887487
2023-11-01 23:00:00,5396.44350093813,4616.35249849106,4462.87350037904,5419.0952959281,5410.2802952832,5368.75313970529,5500.72418683033,5414.68788853599
2023-11-02,4373.85900204547,3985.94000082661,3878.02149983821,4353.21406445277,4358.95734127972,4360.74979872888,4376.25132178103,4356.08564231892
2023-11-02 01:00:00,3661.34799968649,3533.07100122375,3469.25850314414,3668.51697428757,3671.05096313387,3592.45574405022,3703.72853408232,3669.78394199666
2023-11-02 02:00:00,3225.61000067962,3257.75550389697,3220.30500098492,3237.08820586423,3233.75950228393,3212.73047500272,3236.96322125059,3235.42388916626
2023-11-02 03:00:00,3043.6185020064,3068.56349791156,3020.51950285549,3053.69872847968,3040.05401499753,2994.79758967289,3040.25123329966,3046.87651558521
2023-11-02 04:00:00,2931.59650566347,3005.89000203146,2962.15199878078,2933.81225071326,2934.3863090788,2922.52686709987,2940.68050569367,2934.09927384414
2023-11-02 05:00:00,2889.89249888691,3080.66700125381,3052.51449986559,2882.77199035577,2891.87606924162,2911.98184820779,2906.08865806408,2887.32393382081
2023-11-02 06:00:00,3014.691001817,3127.032999933,3097.09550037631,3022.86195391938,3039.41894296987,2980.5294572893,3028.40896370565,3031.14027389596
2023-11-02 07:00:00,3749.45850488788,3536.91050184076,3443.8740002038,3732.67035386769,3728.14110702604,3589.26663563264,3871.64125134793,3730.40577819552
2023-11-02 08:00:00,4828.65050118649,3965.535000748,3872.05250156566,4892.10471629905,4839.98174004128,4825.01443604898,5143.39902372792,4866.04377766597
2023-11-02 09:00:00,4677.04499898909,4109.49650311226,4077.65400033828,4645.74405531204,4666.44512648341,4684.87833295131,4729.53649780092,4656.09437266092
2023-11-02 10:00:00,4603.6055018375,4106.71250284731,4095.96650322096,4620.4365249324,4584.22057090278,4519.75497174191,4610.78330817738,4602.32892971687
2023-11-02 11:00:00,4621.56500457309,4050.99200042791,4033.91550249851,4607.33032134571,4623.03958718324,4521.44532822361,4602.60123958196,4615.18478865276
2023-11-02 12:00:00,4499.55500426039,4204.54800402035,4095.3290033791,4526.52058757561,4508.1637623871,4445.61128189693,4573.04420079808,4517.34236850443
2023-11-02 13:00:00,4789.71000129398,4558.02100177261,4440.8240003332,4794.25843339948,4806.74059059905,4679.73310013767,4806.41048058468,4800.49938040868
2023-11-02 14:00:00,5256.10500256869,4610.15600136656,4630.41200199362,5245.5111632819,5242.33237395993,5198.9689243587,5283.34042876923,5243.92180213265
2023-11-02 15:00:00,5122.71000037278,4323.3590012677,4226.74000041885,5108.48563112883,5150.06579813145,5073.86830996206,5138.0933816975,5129.27527627974
2023-11-02 16:00:00,4658.09050075884,4013.83449905342,3912.88799958269,4668.58084783477,4667.15737642885,4644.49451184711,4699.13310487311,4667.86912713846
2023-11-02 17:00:00,4399.23800200725,3982.3855019355,3757.89100159879,4384.81361854872,4408.8621148451,4379.43342564563,4418.59612515082,4396.83761317056
2023-11-02 18:00:00,4682.89750501129,3920.20749899792,3635.64300122496,4680.81052955239,4685.96437762928,4660.63989425387,4708.78912672306,4683.38739925745
2023-11-02 19:00:00,5962.65450125211,4119.91100104165,3577.32350106875,5967.69078579143,5953.57171168166,5876.88461671658,6094.79193727326,5960.63139758399
2023-11-02 20:00:00,6984.45850244293,4719.11000241095,3890.93600242247,6944.19135133843,6939.74432375402,6873.1850251946,7034.73873607661,6941.9678844281
2023-11-02 21:00:00,7597.52800027421,5144.51949917001,4362.49350314727,7573.69540904257,7550.41384852486,7378.52517963019,7622.61428423924,7562.0548742248
2023-11-02 22:00:00,6908.89800324978,5334.03500121133,4949.61250269215,6940.8736673625,6954.48770175212,6834.98639946353,6980.01947086316,6947.68054103414
2023-11-02 23:00:00,5704.75699956436,4501.58650224423,4462.87350037904,5689.91482637235,5656.55483730896,5636.05692148837,5786.89894202123,5673.23518353151
2023-11-03,4516.99650043703,3878.02149983821,3878.02149983821,4504.49122621085,4510.38755204808,4499.54136750334,4586.20625516124,4507.43932696866
2023-11-03 01:00:00,4011.87350276136,3469.25850314414,3469.25850314414,3995.88966595384,3991.3611415929,3956.12386331815,4018.5391621363,3993.62545151441
2023-11-03 02:00:00,3571.99349910556,3220.30500098492,3220.30500098492,3562.02323160634,3547.26617976869,3567.67196427589,3592.14732850564,3554.64486126071
2023-11-03 03:00:00,3337.55700206454,3020.51950285549,3020.51950285549,3334.07310359637,3344.43707974034,3294.52202018587,3359.61651453768,3339.25498240826
2023-11-03 04:00:00,3153.8480031814,2962.15199878078,2962.15199878078,3144.00376744874,3155.32669520618,3165.72866956449,3192.5964335275,3149.66511195781
2023-11-03 05:00:00,3099.61700138275,3052.51449986559,3052.51449986559,3103.27683583433,3094.24534004714,3095.52671070204,3116.32092108529,3098.76118315343
2023-11-03 06:00:00,3209.31250154751,3097.09550037631,3097.09550037631,3204.37333232368,3201.16313631666,3177.90460959059,3193.44019026735,3202.768268163
2023-11-03 07:00:00,3978.64950123162,3443.8740002038,3443.8740002038,3963.5744516118,3996.17280052317,3845.36844021669,4046.8980517989,3979.87328240606
2023-11-03 08:00:00,5100.29350446328,3872.05250156566,3872.05250156566,5102.87410145178,5096.88020257944,5013.80684715983,5134.60503893817,5099.87721520506
2023-11-03 09:00:00,4925.71499789786,4077.65400033828,4077.65400033828,4915.79957095876,4906.09738224508,4890.22125233956,4941.42990748074,4910.94857888526
2023-11-03 10:00:00,4946.01600330416,4095.96650322096,4095.96650322096,4964.64037613222,4925.24214359518,4930.32803626687,4943.11290220357,4944.9416752115
2023-11-03 11:00:00,4983.28450145706,4033.91550249851,4033.91550249851,4984.62726505662,4970.93912223246,4959.8513932845,5024.69403609994,4977.78333794898
2023-11-03 12:00:00,5008.98750113859,4095.3290033791,4095.3290033791,4976.27161081591,5006.51884705793,4986.7014606305,5057.02487985972,4991.39491006163
2023-11-03 13:00:00,5124.3755019267,4440.8240003332,4440.8240003332,5100.75231393942,5155.97885372113,5096.80241569423,5173.26529833653,5128.36500161579
2023-11-03 14:00:00,5356.82800108835,4630.41200199362,4630.41200199362,5353.22880556011,5368.34859628796,5324.77586630303,5397.60010158264,5360.78854152674
2023-11-03 15:00:00,5351.62250112672,4226.74000041885,4226.74000041885,5384.44868863795,5379.02029709142,5291.97012005222,5372.13406074402,5381.73455009239
2023-11-03 16:00:00,4886.40400127583,3912.88799958269,3912.88799958269,4911.14651479182,4879.03893736307,4833.4580975694,4891.30356671103,4895.093064565
2023-11-03 17:00:00,4674.59550003207,3757.89100159879,3757.89100159879,4635.86614029158,4696.95068475131,4650.745420856,4765.28835460841,4666.40776855015
2023-11-03 18:00:00,4966.47000235249,3635.64300122496,3635.64300122496,4975.19855980826,4960.01225113547,4895.07487627304,4968.73002258435,4967.60556557041
2023-11-03 19:00:00,5917.22600125766,3577.32350106875,3577.32350106875,5913.13447009591,5879.45253660537,5832.59440916379,5981.56526294715,5896.29385843553
2023-11-03 20:00:00,6228.01550012769,3890.93600242247,3890.93600242247,6225.37281157449,6281.357358446,6182.77886067981,6206.57299319108,6253.36449480462
2023-11-03 21:00:00,6733.34150279663,4362.49350314727,4362.49350314727,6685.29446122323,6660.6656652584,6632.66322153613,6809.92660270084,6672.98032288485
2023-11-03 22:00:00,6547.24250225269,4949.61250269215,4949.61250269215,6503.09149075586,6559.90092888454,6461.82514904526,6508.16071883612,6531.49561091833
2023-11-03 23:00:00,5779.68900043878,4462.87350037904,4462.87350037904,5777.18726920349,5773.07189989575,5748.21377633867,5862.54063186386,5775.12962793506
2023-11-04,4945.44250089489,4023.42650119867,3878.02149983821,4961.80416514348,4938.30586563766,4906.77131579415,5055.55868504781,4950.05526311658
2023-11-04 01:00:00,4334.72750074638,3609.41050378873,3469.25850314414,4316.60048351671,4285.60675362439,4281.78615223923,4352.91167678474,4301.1039453156
2023-11-04 02:00:00,3722.95550283883,3294.22500246519,3220.30500098492,3720.68515453375,3733.80361206613,3708.19707085498,3789.54064729388,3727.24424500129
2023-11-04 03:00:00,3409.21899813798,3084.05800014839,3020.51950285549,3410.36510076515,3435.55661660205,3372.62802964823,3423.70651210678,3422.9605931072
2023-11-04 04:00:00,3226.68750427279,3024.46650301048,2962.15199878078,3221.26754375782,3205.57894921341,3170.02303821229,3231.16921801529,3213.42341187941
2023-11-04 05:00:00,3163.14200474333,3007.75600211474,3052.51449986559,3151.40645345269,3164.26429476812,3146.29427026171,3183.93722610089,3157.83523855925
2023-11-04 06:00:00,3169.86450324603,2710.46800186485,3097.09550037631,3176.36143774422,3167.28436588391,3156.95558364015,3190.21257903124,3171.82299750724
2023-11-04 07:00:00,3304.00450165162,2681.48850309057,3443.8740002038,3301.30076622595,3329.01497030758,3181.79658385516,3363.65074057001,3315.15757609544
2023-11-04 08:00:00,3560.15450303629,3248.19900084962,3872.05250156566,3550.41047328375,3567.2125414935,3535.30740583479,3920.85348460738,3558.81133025626
2023-11-04 09:00:00,4184.79500101763,3972.53850250947,4077.65400033828,4243.85588392899,4180.65289137241,3923.42756658596,4237.26657274741,4212.25505395531
2023-11-04 10:00:00,5313.13950020057,4358.50400316529,4095.96650322096,5305.28993618636,5365.78890168915,5259.45173502448,5360.97997888701,5335.5387811398
2023-11-04 11:00:00,5682.81700299325,4338.97150042292,4033.91550249851,5667.01693921455,5653.65821451955,5602.15659622017,5661.00244755502,5660.33771769867
2023-11-04 12:00:00,5598.10149940406,4259.3395031034,4095.3290033791,5573.8182106118,5628.15449273146,5542.04011040346,5699.19320125687,5600.98577884251
2023-11-04 13:00:00,5814.2139999448,4322.5750025938,4440.8240003332,5786.07040273048,5791.33853937941,5736.33917786729,5845.77773069461,5788.7044155167
2023-11-04 14:00:00,6144.84600086487,4387.26800414361,4630.41200199362,6103.46850568035,6140.92052444502,6003.187843388,6174.84028269562,6122.19412023245
2023-11-04 15:00:00,5857.90750078321,3973.49150129128,4226.74000041885,5842.6400054991,5791.15072627144,5725.97994838301,5874.96781836474,5816.89590870046
2023-11-04 16:00:00,4953.79050296283,3647.46549946209,3912.88799958269,4953.54525724202,4971.10982314589,4931.87082248326,5033.67911391016,4962.32735502311
2023-11-04 17:00:00,4350.63000055857,3497.72500005004,3757.89100159879,4361.27432912641,4348.79048023055,4335.63132868797,4374.4232847947,4355.0325362869
2023-11-04 18:00:00,4273.22000448441,3426.77900193352,3635.64300122496,4306.71524928397,4317.66991390429,4218.29593670241,4277.97711760381,4312.19246610682
2023-11-04 19:00:00,5214.98350209219,3477.07250109385,3577.32350106875,5236.60378959585,5241.72235681491,5079.65997910046,5257.03421348197,5239.16301924393
2023-11-04 20:00:00,5551.63350141223,3745.54350259621,3890.93600242247,5524.01780184469,5525.81922922578,5508.02740243637,5568.89569790482,5524.91849654406
2023-11-04 21:00:00,5945.85150190885,4258.97400144592,4362.49350314727,5970.60208865723,5968.86139170615,5907.41880940149,6068.0104727032,5969.73175853263
2023-11-04 22:00:00,6027.54450220056,4842.84700175363,4949.61250269215,6012.3667162975,5986.7137648284,5967.39270009955,6009.90824622164,5999.54051100394
2023-11-04 23:00:00,5550.69100121432,4521.1220019001,4462.87350037904,5551.20753149925,5522.38901275389,5515.16670922526,5575.2416788303,5536.7985759399
2023-11-05,4834.29200573172,3996.57750128047,3878.02149983821,4843.48814825619,4840.59118543412,4821.72940814515,4883.94668557588,4842.03969738579
2023-11-05 01:00:00,4228.08350003406,3550.27300327946,3469.25850314414,4243.93472302361,4234.11504278899,4163.38499342858,4241.54913456012,4239.02498642827
2023-11-05 02:00:00,3630.7379999127,3257.84999884665,3220.30500098492,3622.9482798944,3628.51948436629,3607.18074931896,3675.68344833529,3625.73382339706
2023-11-05 03:00:00,3312.34649883618,3081.54900307616,3020.51950285549,3304.97860340823,3303.93256641315,3311.68885017012,3331.36903255041,3304.45559593832
2023-11-05 04:00:00,3174.53499914519,3012.7995023214,2962.15199878078,3176.64045772768,3174.91681783026,3131.74972644429,3184.93060844275,3175.77865595009
2023-11-05 05:00:00,3107.09000057844,3023.2755045637,3052.51449986559,3118.3444705355,3118.93817900743,3095.87224010405,3120.72690992238,3118.64131851242
2023-11-05 06:00:00,3109.92400315928,2684.3255003409,3097.09550037631,3118.13548251522,3119.51843691749,3096.77020615061,3117.03450088052,3118.82694513684
2023-11-05 07:00:00,3207.33700195281,2568.47500065074,3443.8740002038,3196.38231637825,3211.68859417368,3169.1098845022,3224.78256238614,3204.03529391267
2023-11-05 08:00:00,3298.09300072899,3043.41049893526,3872.05250156566,3271.89634909786,3290.44825759687,3291.22681413935,3294.99348211312,3281.17210776767
2023-11-05 09:00:00,3617.35500131664,3696.55300188798,4077.65400033828,3597.6656710971,3591.61965663745,3626.98987702727,3671.18754136074,3594.64272760615
2023-11-05 10:00:00,4783.80850244127,4136.40199957031,4095.96650322096,4759.18419800171,4763.85219719513,4490.73840783164,4813.81589053911,4761.51814838699
2023-11-05 11:00:00,5226.60000012675,4203.11700091604,4033.91550249851,5255.11815417738,5247.80570064889,5174.52376515161,5247.49535945019,5251.46200450318
2023-11-05 12:00:00,5141.32000418071,4135.43500003801,4095.3290033791,5160.18003423855,5098.23193920073,5081.37550307131,5179.08148105637,5129.20663979475
2023-11-05 13:00:00,4970.57699722389,4305.12950276397,4440.8240003332,4957.28467729779,4886.31851312508,4883.50413404541,4952.78825759734,4921.80234335769
2023-11-05 14:00:00,5149.00300421769,4437.49050235003,4630.41200199362,5144.23660152861,5073.30208827886,5156.9625631886,5136.71637920768,5108.77009271631
2023-11-05 15:00:00,5488.82900041586,4158.15449999226,4226.74000041885,5428.46343893958,5471.52972779339,5412.14875464006,5507.41274002976,5449.99612934896
2023-11-05 16:00:00,4982.20450131898,3782.78049983922,3912.88799958269,5003.71770714464,4976.22882999874,4950.66277842473,4999.64678616446,4989.97355836755
2023-11-05 17:00:00,4611.8630010325,3715.63600158005,3757.89100159879,4596.29089798858,4609.79823019698,4612.46370345605,4639.75652063686,4603.0444216945
2023-11-05 18:00:00,4786.7820011843,3751.27450018923,3635.64300122496,4774.60044445677,4807.74481456377,4771.87021432043,4806.25001862606,4791.17228009254
2023-11-05 19:00:00,6094.77949913964,4028.33700247819,3577.32350106875,6133.95263892978,6162.51359499037,6044.54566638555,6319.2464468801,6148.23281586204
2023-11-05 20:00:00,6953.39149996312,4803.6940028799,3890.93600242247,6947.74752578445,6966.41790769655,6783.81976669794,6981.57752754387,6957.08251991182
2023-11-05 21:00:00,7672.03150201857,5320.9565022866,4362.49350314727,7617.88678706796,7653.56178025129,7543.77690138195,7894.48024210686,7635.72390756332
2023-11-05 22:00:00,6991.29300020682,5457.94950379978,4949.61250269215,6913.81096431817,6916.68828072676,6802.48693387382,7068.63080509876,6915.24959218894
2023-11-05 23:00:00,5678.04799987969,4571.14750221872,4462.87350037904,5680.19982168463,5672.48304741569,5666.29122857959,5812.0130291605,5676.34151590267
2023-11-06,4525.23900069599,3812.80499906244,3878.02149983821,4550.25489495069,4541.49304800933,4486.34980620118,4558.41083961244,4545.87406384999
2023-11-06 01:00:00,3818.50799997745,3397.92450404319,3469.25850314414,3810.01565137629,3797.95833346567,3760.28992395257,3855.54641713393,3803.98711953278
2023-11-06 02:00:00,3354.93050296383,3148.71050260798,3220.30500098492,3357.63505928683,3346.63921982368,3361.52078444697,3383.88817377007,3352.13725547664
2023-11-06 03:00:00,3124.05650266679,3025.0705038954,3020.51950285549,3140.39686124298,3131.34941054768,3048.30458443474,3132.82246671079,3135.87323127623
2023-11-06 04:00:00,3020.56350223767,2994.02500433777,2962.15199878078,3019.39271099454,3029.66596966335,2984.97132273217,3027.20734915739,3024.52923202522
2023-11-06 05:00:00,3028.70000580221,3067.71149801568,3052.51449986559,3028.57243631724,3035.53020974988,3012.02042625424,3042.1022280719,3032.05124968266
2023-11-06 06:00:00,3159.95700463851,3091.76900229475,3097.09550037631,3164.78524750031,3152.09850161533,3128.89187560795,3185.0886060505,3158.44200830524
2023-11-06 07:00:00,3929.95700283314,3508.67150374467,3443.8740002038,3914.95960612647,4002.87991921869,3886.97631401067,3996.74845412737,3958.91883579068
2023-11-06 08:00:00,5165.58550195966,3868.24000271223,3872.05250156566,5118.74603215134,5056.93323023009,4922.37248304287,5153.65804314892,5087.84028283952
2023-11-06 09:00:00,4867.54250008031,4089.93500117643,4077.65400033828,4859.59826747519,4896.61597484586,4825.45168822773,5032.66131064043,4878.10673090892
2023-11-06 10:00:00,4637.97800534021,4179.94350156852,4095.96650322096,4628.84029519114,4631.97369833618,4611.35510172966,4657.11135548381,4630.4069637304
2023-11-06 11:00:00,4450.46600206679,4183.36300173879,4033.91550249851,4438.67518179195,4461.39312162019,4431.33488196827,4520.6518168947,4450.03391220684
2023-11-06 12:00:00,4381.7225025571,4281.9530013015,4095.3290033791,4356.71680752083,4386.63718687331,4346.25661734114,4416.32911461715,4371.6766817676
2023-11-06 13:00:00,4486.33900265122,4537.85950070084,4440.8240003332,4496.97548632255,4496.29345763948,4432.9033778904,4515.53615147188,4496.63447917116
2023-11-06 14:00:00,4847.97750107001,4727.99400077015,4630.41200199362,4832.09387224789,4863.65859200018,4824.77051257459,4871.49603700381,4847.87589935944
2023-11-06 15:00:00,4962.57450003107,4292.26650282752,4226.74000041885,4945.32274894122,4942.57541304359,4880.84035530673,4947.8868599244,4943.94910995563
2023-11-06 16:00:00,4698.88449871348,4068.67900109151,3912.88799958269,4715.65573748753,4701.58113050813,4641.99650082795,4718.91058950192,4708.61858237649
2023-11-06 17:00:00,4404.06050175289,3990.68950289523,3757.89100159879,4402.83338308879,4420.50586709618,4391.43510416494,4429.46271472577,4411.66943878394
2023-11-06 18:00:00,4686.15050218801,3911.65200090094,3635.64300122496,4674.77017681833,4677.02430002053,4682.13529181684,4682.65339803275,4675.8972146558
2023-11-06 19:00:00,6081.33399886417,4276.07100102503,3577.32350106875,6070.06375254209,6064.37100082992,5976.36418311736,6046.50624798138,6067.21743670068
2023-11-06 20:00:00,7268.21200358414,5180.72500242095,3890.93600242247,7331.95037460758,7294.92337714582,7193.59548322827,7400.473037783,7313.43726622624
2023-11-06 21:00:00,7960.00399879215,5529.52000025532,4362.49350314727,7904.54347036962,7864.65878661166,7708.83860364572,7932.73321453426,7884.60154896676
2023-11-06 22:00:00,7181.21750165103,5493.65250209486,4949.61250269215,7185.4612050656,7140.77307523784,7089.10927385866,7269.89002533309,7163.11761126718
2023-11-06 23:00:00,5898.77649739501,4605.84550008271,4462.87350037904,5853.54541628192,5901.46029564903,5867.4915595377,6023.83701280745,5877.50235083267
2023-11-07,4596.912002458,3974.0605006431,3878.02149983821,4586.62341619874,4589.75988796219,4584.44358948803,4674.60243493704,4588.19161901486
2023-11-07 01:00:00,3967.36300459167,3479.58400138607,3469.25850314414,3933.56970808334,3961.91334108217,3930.20756921109,3987.19039779805,3947.74122577581
2023-11-07 02:00:00,3565.14600125002,3224.16650517471,3220.30500098492,3547.56241514323,3545.75728560277,3557.51044000423,3583.11223937036,3546.65986940321
2023-11-07 03:00:00,3355.09850017854,3026.64450340311,3020.51950285549,3363.33625411849,3348.94184536429,3318.53880668101,3356.35547530519,3356.1392014915
2023-11-07 04:00:00,3179.79100170557,2979.62199939799,2962.15199878078,3170.75508011811,3161.91968706734,3154.86919199555,3191.87165087104,3166.33747673805
2023-11-07 05:00:00,3181.2535041658,3097.94800127589,3052.51449986559,3177.19324311913,3167.76784459776,3177.40745956178,3179.72714728993,3172.48064322378
2023-11-07 06:00:00,3343.67400173657,3119.46250026475,3097.09550037631,3329.3921692752,3347.13729584989,3324.18815652344,3390.21466107071,3338.26454548818
2023-11-07 07:00:00,4162.30999881099,3618.68900130154,3443.8740002038,4181.86584548075,4155.73504010864,4099.88972868045,4204.9378782682,4168.80071827336
2023-11-07 08:00:00,5439.26699906948,4014.44650246436,3872.05250156566,5451.29842273055,5445.63183970741,5298.37961739731,5469.72946515744,5448.46519095777
2023-11-07 09:00:00,5181.03350093716,4140.52750166203,4077.65400033828,5160.93593719356,5162.58314006048,5156.36247809529,5189.88192656242,5161.75952126172
2023-11-07 10:00:00,4997.84199879132,4119.28100655158,4095.96650322096,4976.4014754404,4944.44744808395,4950.23307017198,5041.60292422824,4960.42479863097
2023-11-07 11:00:00,4846.99850268662,4057.63500284182,4033.91550249851,4870.43371247067,4814.52307447139,4835.74083309919,4882.81942279868,4842.47898289748
2023-11-07 12:00:00,4729.3580027846,4194.73650531319,4095.3290033791,4749.37848200983,4758.05289161535,4716.16562093216,4802.26311355416,4753.7155953644
2023-11-07 13:00:00,4755.69899976626,4504.00250181463,4440.8240003332,4751.97204898515,4749.464567464,4730.3215449962,4810.87805678409,4750.71833465919
2023-11-07 14:00:00,4998.0165027036,4613.98400094779,4630.41200199362,5004.09446742663,4997.28192727517,4958.28093777799,5039.6171979401,5000.68826917071
2023-11-07 15:00:00,5061.29850123567,4291.65250235808,4226.74000041885,5071.39903136804,5035.9362984941,5033.0885709148,5062.76352213289,5053.66803878967
2023-11-07 16:00:00,4793.07900381531,4084.72900088842,3912.88799958269,4784.55779721353,4781.04171538825,4788.36237176513,4815.19361749105,4782.79979336846
2023-11-07 17:00:00,4610.63499891502,3944.50400155748,3757.89100159879,4621.61514489837,4634.68293751195,4600.87177203554,4647.64994864979,4628.14890344064
2023-11-07 18:00:00,5005.22249984147,3888.7250029943,3635.64300122496,5017.99080948027,5002.55671542274,4996.32390574583,4992.15555313273,5010.27392516228
2023-11-07 19:00:00,6348.9489998098,4166.51049937564,3577.32350106875,6342.86991465159,6338.46099014152,6224.03190764514,6267.48481115258,6340.66549887674
2023-11-07 20:00:00,7277.21350053907,5002.06400427909,3890.93600242247,7357.39271947086,7332.12456451939,7141.95827461737,7398.34164911659,7344.75890837948
2023-11-07 21:00:00,8014.60949765984,5483.76650129189,4362.49350314727,7744.01058169159,7802.83000794566,7434.02069354179,7913.04018502478,7773.41967472687
2023-11-07 22:00:00,7363.90149534214,5516.21550051367,4949.61250269215,7417.37079433259,7372.40495158861,7161.72008675653,7399.8942556454,7394.88834700379
2023-11-07 23:00:00,6048.68900071539,4583.18400226114,4462.87350037904,5991.53065534755,5983.04314893869,6000.98944669197,6141.27197801155,5987.28699162092
2023-11-08,4718.91600469337,3937.83000165178,3878.02149983821,4719.6130229097,4723.78346378996,4676.31946588728,4729.89742286181,4721.69819938381
2023-11-08 01:00:00,4111.5769995437,3524.4159997399,3469.25850314414,4107.8452323729,4106.39482037838,4061.45461931247,4135.27099214819,4107.12004166632
2023-11-08 02:00:00,3646.99150410236,3284.64199897763,3220.30500098492,3633.11716667196,3637.36715273679,3618.45047843771,3652.39465188904,3635.24211489977
2023-11-08 03:00:00,3401.72450430039,3089.69300293387,3020.51950285549,3405.34261969488,3396.39096873359,3370.32198365295,3432.24808092697,3400.86688858518
2023-11-08 04:00:00,3287.44549983938,3037.19650082325,2962.15199878078,3287.57373558768,3289.82680027876,3231.83817601142,3308.24077082605,3288.70024418075
2023-11-08 05:00:00,3235.24100461777,3120.3994991259,3052.51449986559,3246.08405571185,3239.11933652424,3226.44421704154,3253.93575883315,3242.60176954217
2023-11-08 06:00:00,3397.98750155955,3167.17199901131,3097.09550037631,3390.06263651144,3411.71500621658,3377.58637712011,3451.90678816432,3400.88859309833
2023-11-08 07:00:00,4264.22950027452,3586.44450181129,3443.8740002038,4238.10797472732,4253.21360359043,4241.21332900854,4341.66542284277,4245.66062991088
2023-11-08 08:00:00,5653.46000285551,3889.14750203351,3872.05250156566,5649.44004494127,5627.3653961753,5398.49086664558,5613.16985025805,5638.40295327575
2023-11-08 09:00:00,5247.4855032186,4103.82249803317,4077.65400033828,5224.30530951541,5243.74768703177,5240.08766088061,5337.30537493538,5234.0262933063
2023-11-08 10:00:00,4916.29100171127,4117.45250114182,4095.96650322096,4906.85400502588,4910.60607344307,4886.97108410781,4922.57908030846,4908.72999967906
2023-11-08 11:00:00,4696.64600424317,4014.28799769632,4033.91550249851,4704.2028277137,4727.64209293423,4700.253837526,4742.98146818938,4715.92221322031
2023-11-08 12:00:00,4462.80250423151,4111.64700231131,4095.3290033791,4494.63637293284,4464.85858169248,4455.61341267041,4507.87135325908,4479.74779123893
2023-11-08 13:00:00,4565.18650278996,4453.63600384444,4440.8240003332,4570.49848979757,4548.68128324474,4555.52020796368,4588.74866060903,4559.59011652459
2023-11-08 14:00:00,4873.10550118797,4629.46149996202,4630.41200199362,4860.42034614277,4881.79020759619,4851.71316707335,4876.71250817228,4871.10505158209
2023-11-08 15:00:00,4886.81000456674,4288.95700080122,4226.74000041885,4872.42656236868,4866.87468950698,4844.97498769107,4912.91117788899,4869.65068446731
2023-11-08 16:00:00,4700.56599954551,4109.54250011093,3912.88799958269,4689.13911456963,4704.99524942314,4687.72135301733,4728.38172263326,4697.06701483633
2023-11-08 17:00:00,4565.88999849465,4042.09200018295,3757.89100159879,4563.57423080599,4554.1342246198,4552.50113037733,4586.03564500324,4558.85432723223
2023-11-08 18:00:00,4924.73649995774,3890.35600409959,3635.64300122496,4922.58455920451,4938.97951151871,4901.14400464262,4934.42594725544,4930.78186252118
2023-11-08 19:00:00,6192.21450320445,4128.75250369054,3577.32350106875,6188.77760618564,6166.58838468652,6097.20497583836,6216.10558973981,6177.68322936141
2023-11-08 20:00:00,7184.42750130733,4866.06450009916,3890.93600242247,7246.38447498995,7252.37491520807,7104.86789377341,7300.03925195752,7249.37963194602
2023-11-08 21:00:00,7687.84299941245,5215.71400297561,4362.49350314727,7798.49013693913,7827.04011458673,7656.37278047428,8111.98142717322,7812.76482478064
2023-11-08 22:00:00,7050.33049925882,5440.81550056499,4949.61250269215,7091.21386032081,7032.26996168752,6985.56080796333,7093.86431119347,7061.74253240815
2023-11-08 23:00:00,5860.56600325182,4616.35249849106,4462.87350037904,5881.57190646934,5892.83730551689,5906.81029235463,5971.36127520252,5887.20448722996
2023-11-09,4634.65150153358,3985.94000082661,3878.02149983821,4629.79758618691,4618.13405277497,4608.84853284849,4671.83867088143,4623.96594244135
2023-11-09 01:00:00,4071.54700294638,3533.07100122375,3469.25850314414,4079.28249672251,4069.8743480114,4059.58378330292,4108.04425771312,4074.57852155044
2023-11-09 02:00:00,3573.59200292744,3257.75550389697,3220.30500098492,3566.33677286641,3596.16908767075,3553.14208935251,3593.26117611674,3581.25261576751
2023-11-09 03:00:00,3337.9264988536,3068.56349791156,3020.51950285549,3328.78782645557,3316.61774711277,3286.97525175448,3338.77562319257,3322.70291508474
2023-11-09 04:00:00,3211.17500087037,3005.89000203146,2962.15199878078,3198.93830855076,3211.94290450222,3152.59470044889,3231.81967761592,3205.4404694282
2023-11-09 05:00:00,3165.8910001897,3080.66700125381,3052.51449986559,3165.71479577388,3162.50190493415,3151.92109189209,3188.51786793,3164.10838422526
2023-11-09 06:00:00,3305.27849922166,3127.032999933,3097.09550037631,3301.00488130174,3305.20615078315,3285.67107693222,3322.29235152883,3303.10547175142
2023-11-09 07:00:00,4137.79900124017,3536.91050184076,3443.8740002038,4135.5294566006,4110.98432651848,4048.05633040631,4160.41539540862,4123.25715032155
2023-11-09 08:00:00,5382.1914987677,3965.535000748,3872.05250156566,5377.79588744694,5376.7016810546,5275.24305913618,5424.50609092611,5377.24879578622
2023-11-09 09:00:00,5011.54750175553,4109.49650311226,4077.65400033828,5010.5512176494,5029.37406012935,4959.9933264117,5030.56873926814,5019.96244045341
2023-11-09 10:00:00,4825.94900319999,4106.71250284731,4095.96650322096,4837.1447157376,4841.61633480883,4769.13083897888,4848.94646713744,4839.38047813209
2023-11-09 11:00:00,4791.26450250251,4050.99200042791,4033.91550249851,4786.53838917567,4778.07830223915,4778.91243123876,4819.63717461782,4782.30843489614
2023-11-09 12:00:00,4597.55050204089,4204.54800402035,4095.3290033791,4599.13639499715,4618.1472682424,4575.99396389826,4590.68813683239,4608.64163120154
2023-11-09 13:00:00,4692.23600040603,4558.02100177261,4440.8240003332,4665.05979449409,4672.84591819061,4667.49128100468,4708.13339805561,4668.95277425874
2023-11-09 14:00:00,4953.72600102657,4610.15600136656,4630.41200199362,4944.34036065723,4948.72702471323,4913.0049042005,4969.18029585,4946.53364643972
2023-11-09 15:00:00,4953.25049908488,4323.3590012677,4226.74000041885,4922.02650920329,4959.24112710755,4921.724575122,4987.09627760697,4940.63342582793
2023-11-09 16:00:00,4644.78049876029,4013.83449905342,3912.88799958269,4656.20596382769,4630.24644631315,4633.86955743522,4662.47187686661,4643.22647874332
2023-11-09 17:00:00,4409.36049945338,3982.3855019355,3757.89100159879,4411.40711996064,4417.98922765898,4418.65091860955,4446.51038400624,4414.69810441929
2023-11-09 18:00:00,4861.43050194415,3920.20749899792,3635.64300122496,4861.9232015868,4860.55125386969,4808.38689412559,4894.67800518574,4861.23724219172
2023-11-09 19:00:00,5954.26750367566,4119.91100104165,3577.32350106875,6007.40017675702,5988.23861675549,5927.91389612146,6010.34392812016,5997.81959876308
2023-11-09 20:00:00,6921.6930004817,4719.11000241095,3890.93600242247,6946.47978387471,6927.97212538645,6935.32409985348,7001.43652863961,6937.22614974378
2023-11-09 21:00:00,7506.61999854876,5144.51949917001,4362.49350314727,7398.71082997984,7549.99616788906,7455.48646949613,7697.36961685306,7474.35190403976
2023-11-09 22:00:00,6964.92400168779,5334.03500121133,4949.61250269215,6960.68800930967,6894.1428100903,6801.4099595393,7029.94956721309,6927.41611123912
2023-11-09 23:00:00,5878.6280007757,4501.58650224423,4462.87350037904,5903.68273378951,5912.63321322715,5859.07467361304,5939.50512194654,5908.15787914973
2023-11-10,4666.95800119522,3878.02149983821,3878.02149983821,4665.91343992755,4663.2368981458,4641.29251706758,4668.13244474216,4664.57519725357
2023-11-10 01:00:00,4080.24350131233,3469.25850314414,3469.25850314414,4079.0254743977,4077.8797229134,4064.59010393873,4082.42568416453,4078.4526107344
2023-11-10 02:00:00,3620.03800462838,3220.30500098492,3220.30500098492,3629.45709516983,3640.39061915923,3593.17548327403,3632.82453023465,3634.92374190009
2023-11-10 03:00:00,3331.95950454462,3020.51950285549,3020.51950285549,3329.37325601648,3339.20563373469,3322.02296866964,3355.35665491965,3334.28934121976
2023-11-10 04:00:00,3188.54499957594,2962.15199878078,2962.15199878078,3182.04335760079,3175.91041644202,3164.11638529219,3200.27459778027,3178.97695167668
2023-11-10 05:00:00,3145.40249621891,3052.51449986559,3052.51449986559,3153.72832142543,3148.65132500138,3149.20406194569,3165.95517974996,3151.1898767366
2023-11-10 06:00:00,3298.04500069807,3097.09550037631,3097.09550037631,3316.46648388983,3296.03722437704,3255.02860257251,3327.81157864375,3306.25206950472
2023-11-10 07:00:00,4160.22750069934,3443.8740002038,3443.8740002038,4184.60220193346,4152.16881648164,4099.26794062364,4182.33214907749,4168.38585112988
2023-11-10 08:00:00,5401.90899943945,3872.05250156566,3872.05250156566,5414.30067827069,5411.51381902498,5340.87536243179,5448.35433985965,5412.90727802773
2023-11-10 09:00:00,5161.1760033113,4077.65400033828,4077.65400033828,5145.97689324764,5160.72698377102,5164.58775036037,5190.93647115962,5153.35178300952
2023-11-10 10:00:00,4934.8200009875,4095.96650322096,4095.96650322096,4933.98343698989,4956.21455991421,4934.28945226291,4941.80228551671,4945.09876408499
2023-11-10 11:00:00,4893.89650153037,4033.91550249851,4033.91550249851,4893.16253752747,4896.54591438847,4887.04100759518,4909.70681384286,4894.85419028941
2023-11-10 12:00:00,4878.47749895998,4095.3290033791,4095.3290033791,4891.67487469017,4885.43768049321,4843.25148150988,4924.90859471453,4888.55634334604
2023-11-10 13:00:00,4895.52249895979,4440.8240003332,4440.8240003332,4898.89097126139,4882.65641045902,4884.98101496231,4960.86867043286,4890.77386200974
2023-11-10 14:00:00,5207.18300643069,4630.41200199362,4630.41200199362,5192.88266922016,5233.00986635868,5173.37879455146,5188.80284918845,5212.94584475666
2023-11-10 15:00:00,5376.75650082692,4226.74000041885,4226.74000041885,5391.18276020517,5389.72349011892,5324.54731370263,5375.73759519983,5390.4531405461
2023-11-10 16:00:00,5150.40949946252,3912.88799958269,3912.88799958269,5184.84337091212,5165.15430458969,5126.18790946291,5180.27712580302,5174.99904531885
2023-11-10 17:00:00,4903.84600283857,3757.89100159879,3757.89100159879,4916.81940201744,4947.9765336364,4902.10248334309,4957.3303915748,4932.39763935924
2023-11-10 18:00:00,5165.10850044782,3635.64300122496,3635.64300122496,5151.12762293703,5150.01176158419,5150.6061947828,5199.75747735567,5150.56970402435
2023-11-10 19:00:00,6090.05750298384,3577.32350106875,3577.32350106875,6096.24910658567,6082.61341873031,6052.32830624091,6146.72794361413,6089.43140640944
2023-11-10 20:00:00,6356.79200521577,3890.93600242247,3890.93600242247,6366.02499174355,6317.96272898783,6294.63015700325,6329.19354239016,6341.99436705226
2023-11-10 21:00:00,6744.74750275991,4362.49350314727,4362.49350314727,6768.10125534885,6737.0125501671,6676.51631692982,6887.12351575044,6752.55723050428
2023-11-10 22:00:00,6596.09150155878,4949.61250269215,4949.61250269215,6595.43529892776,6623.91332297196,6582.62794829648,6684.02861876555,6609.67401072612
2023-11-10 23:00:00,5881.03550353018,4462.87350037904,4462.87350037904,5876.85822407594,5879.86754595412,5823.22769372479,5927.05451196863,5878.36285328987
2023-11-11,5018.28200017184,4023.42650119867,3878.02149983821,5020.84190291114,4990.17025888189,5010.08266904879,5065.28015070582,5005.50640424605
2023-11-11 01:00:00,4459.33550274302,3609.41050378873,3469.25850314414,4441.84964254826,4443.63135376476,4414.35801404476,4483.2226036112,4442.74047937318
2023-11-11 02:00:00,3891.76400272513,3294.22500246519,3220.30500098492,3885.49897118983,3884.27422116671,3849.0971200632,3916.44630121116,3884.88660908995
2023-11-11 03:00:00,3512.99549994967,3084.05800014839,3020.51950285549,3516.11268276919,3519.01547531233,3487.8606933392,3576.39177477709,3517.56404843866
2023-11-11 04:00:00,3333.28399942734,3024.46650301048,2962.15199878078,3339.05103790304,3332.96794738186,3292.23167535126,3352.60183603379,3336.00955677218
2023-11-11 05:00:00,3221.82250207639,3007.75600211474,3052.51449986559,3225.3145614427,3214.27246548174,3180.90128115045,3241.47787870763,3219.79362987125
2023-11-11 06:00:00,3264.28550120781,2710.46800186485,3097.09550037631,3265.07142423483,3270.44187434546,3259.50003966648,3281.01976683516,3267.75659267328
2023-11-11 07:00:00,3422.96550130507,2681.48850309057,3443.8740002038,3434.36436994744,3458.49897000194,3416.69494804701,3430.23503800156,3446.43141554061
2023-11-11 08:00:00,3763.72950068035,3248.19900084962,3872.05250156566,3795.59038826721,3802.61670238621,3710.8935233696,4029.32526896799,3799.10347125323
2023-11-11 09:00:00,4260.33700233558,3972.53850250947,4077.65400033828,4315.78991557479,4271.09842624959,4103.59895087244,4292.26313595131,4293.44464206307
2023-11-11 10:00:00,5394.04650033789,4358.50400316529,4095.96650322096,5393.7642271553,5419.365407055,5353.49891764016,5422.71612488998,5406.56454720995
2023-11-11 11:00:00,5833.92350280064,4338.97150042292,4033.91550249851,5838.23668407797,5818.53055258193,5775.40165484312,5981.76495593918,5828.38382607781
2023-11-11 12:00:00,5642.5990001788,4259.3395031034,4095.3290033791,5651.04438742298,5641.61836066715,5628.04175787903,5635.36884618602,5646.33147341702
2023-11-11 13:00:00,5537.21199478675,4322.5750025938,4440.8240003332,5556.68057205958,5525.92464594212,5487.39237167788,5546.63047940019,5541.3029332389
2023-11-11 14:00:00,5959.13600380096,4387.26800414361,4630.41200199362,5930.79897234872,5959.79884492766,5870.5985111736,6010.76817504898,5945.29860291297
2023-11-11 15:00:00,5988.26649878931,3973.49150129128,4226.74000041885,6001.73452287266,5999.08367623931,5962.08451666373,6088.60380910978,6000.40912750199
2023-11-11 16:00:00,5237.00700422795,3647.46549946209,3912.88799958269,5209.15659622643,5251.00027786963,5223.41992969166,5256.72834079576,5230.07799591958
2023-11-11 17:00:00,4695.81950228347,3497.72500005004,3757.89100159879,4682.24812883629,4716.67399461014,4712.33433663717,4737.84926421446,4699.46069879558
2023-11-11 18:00:00,4822.36850055668,3426.77900193352,3635.64300122496,4830.80988431863,4816.37877796844,4794.03855764132,4865.87668290673,4823.59448328052
2023-11-11 19:00:00,5739.04899765109,3477.07250109385,3577.32350106875,5744.22065736273,5747.7696804126,5694.07466830781,5744.83731565817,5745.99513147282
2023-11-11 20:00:00,5787.04950142337,3745.54350259621,3890.93600242247,5795.64609860181,5730.35095452738,5765.36232712904,5779.51819897807,5762.99921492528
2023-11-11 21:00:00,6219.72150051524,4258.97400144592,4362.49350314727,6210.85895798575,6192.35760770326,6174.78138557387,6220.34040442977,6201.6084778912
2023-11-11 22:00:00,6280.63549936772,4842.84700175363,4949.61250269215,6284.27310590285,6313.08938711516,6231.8970007253,6367.34076561801,6298.68094271926
2023-11-11 23:00:00,5637.59700029157,4521.1220019001,4462.87350037904,5630.43010156551,5625.39045582237,5618.92308834535,5699.68247376078,5627.91033182337
2023-11-12,4862.65899711172,3996.57750128047,3878.02149983821,4858.74712249733,4848.91409035984,4827.01691540081,4886.32317403745,4853.83071009131
2023-11-12 01:00:00,4278.66749945399,3550.27300327946,3469.25850314414,4261.35549942136,4286.30586320454,4212.99183613857,4297.14230674207,4273.83041827885
2023-11-12 02:00:00,3692.86000245507,3257.84999884665,3220.30500098492,3692.43391950266,3691.49244619929,3663.82307652276,3719.47716146326,3691.96319277626
2023-11-12 03:00:00,3345.74700272665,3081.54900307616,3020.51950285549,3334.2031364073,3359.19669445348,3284.59614882098,3360.14857563895,3346.69965194092
2023-11-12 04:00:00,3144.74550473003,3012.7995023214,2962.15199878078,3147.21684122161,3134.55935118221,3061.25243332905,3153.46098006265,3140.88822964091
2023-11-12 05:00:00,3065.35400323395,3023.2755045637,3052.51449986559,3076.56922953086,3064.6711983519,3008.19830365498,3091.46299114584,3070.62033937394
2023-11-12 06:00:00,3092.34250370518,2684.3255003409,3097.09550037631,3092.80885763205,3086.64480238547,3035.60550306601,3116.56173600713,3089.72689499205
2023-11-12 07:00:00,3246.62449729408,2568.47500065074,3443.8740002038,3251.97953233546,3246.63988611051,3182.148704089,3267.09282780229,3249.30976551511
2023-11-12 08:00:00,3512.25900064316,3043.41049893526,3872.05250156566,3484.5727795004,3515.88818945809,3457.30155485728,3512.19071006166,3500.23015434295
2023-11-12 09:00:00,3780.75250047329,3696.55300188798,4077.65400033828,3783.54123547338,3785.10770849318,3738.81840908887,3806.87766842867,3784.32445546906
2023-11-12 10:00:00,4781.06550428492,4136.40199957031,4095.96650322096,4799.43268178709,4761.63518395141,4582.58980392273,4768.56222896297,4780.53433134163
2023-11-12 11:00:00,5332.18499938154,4203.11700091604,4033.91550249851,5339.80968488262,5325.4971410436,5202.59031085571,5339.81073698385,5332.65356385017
2023-11-12 12:00:00,5216.44799969014,4135.43500003801,4095.3290033791,5209.24959957936,5234.01825472248,5145.96063568131,5243.94776209448,5221.63366603245
2023-11-12 13:00:00,4936.68349827465,4305.12950276397,4440.8240003332,4959.73128805838,4957.02303999855,4923.82354264652,4975.65451784409,4958.37719257962
2023-11-12 14:00:00,5132.28700179403,4437.49050235003,4630.41200199362,5086.41790212148,5132.67570974916,5097.69217404517,5174.99268398153,5109.54631827186
2023-11-12 15:00:00,5439.15450312779,4158.15449999226,4226.74000041885,5484.39024638652,5454.14677316794,5432.29880149625,5488.7795937559,5469.26882861285
2023-11-12 16:00:00,4923.29450093571,3782.78049983922,3912.88799958269,4930.59092310851,4926.55306852955,4877.93141872123,4928.17928797592,4928.57203838728
2023-11-12 17:00:00,4474.98000753601,3715.63600158005,3757.89100159879,4466.96951838804,4480.17877772817,4447.35027563325,4497.21138730321,4473.5740088022
2023-11-12 18:00:00,4690.00300007244,3751.27450018923,3635.64300122496,4680.18080120632,4691.46102856568,4666.4851876582,4720.45477337157,4685.82079596651
2023-11-12 19:00:00,5955.80900402472,4028.33700247819,3577.32350106875,5927.96032014873,5979.47744404499,5887.23041450615,6068.55455587501,5953.71833898813
2023-11-12 20:00:00,6836.58950280084,4803.6940028799,3890.93600242247,6907.70349142749,6834.62132815131,6776.31166381258,6920.56193397835,6871.16318024314
2023-11-12 21:00:00,7579.53450002987,5320.9565022866,4362.49350314727,7517.39170228403,7489.10489705053,7348.33920812819,7562.00288801723,7503.24859787513
2023-11-12 22:00:00,7024.39000022237,5457.94950379978,4949.61250269215,7055.44493538317,7027.32160594195,6941.0749124085,7148.5212976413,7041.383567147
2023-11-12 23:00:00,5692.3719991293,4571.14750221872,4462.87350037904,5716.26711606724,5705.97064250905,5728.11039728862,5755.88395105189,5711.11898783661
2023-11-13,4498.7705009958,3812.80499906244,3878.02149983821,4500.60114669061,4500.85063337482,4467.90052512613,4530.06215498673,4500.72588740256
2023-11-13 01:00:00,3794.73249937384,3397.92450404319,3469.25850314414,3831.773956216,3819.24472308555,3791.34854892727,3859.87035920553,3825.50947173765
2023-11-13 02:00:00,3357.26450444025,3148.71050260798,3220.30500098492,3345.57222011557,3349.50416917095,3353.01123624521,3395.04339418587,3347.53815319149
2023-11-13 03:00:00,3132.98299864761,3025.0705038954,3020.51950285549,3121.13800981283,3129.16351306675,3106.17902507852,3154.86016299428,3125.15067683257
2023-11-13 04:00:00,3018.18150034419,2994.02500433777,2962.15199878078,3018.52451695401,3025.33078052609,2976.9432348173,3027.83120490225,3021.92757698641
2023-11-13 05:00:00,3002.1765000528,3067.71149801568,3052.51449986559,3000.38161231764,3011.03499744798,2992.03898384896,3023.91979006122,3005.70819257168
2023-11-13 06:00:00,3191.74850425019,3091.76900229475,3097.09550037631,3172.12192520454,3177.54992753603,3147.95453404234,3221.80296008426,3174.83586914668
2023-11-13 07:00:00,3911.75699927262,3508.67150374467,3443.8740002038,3926.79970689106,3959.28380111153,3842.36903676993,3989.36655597084,3943.04141154439
2023-11-13 08:00:00,5187.80950127705,3868.24000271223,3872.05250156566,5213.69908718688,5210.62091293481,5054.90289339668,5349.17550248435,5212.16003251187
2023-11-13 09:00:00,4802.77299854904,4089.93500117643,4077.65400033828,4800.40784779173,4831.84469236793,4825.38264577635,4948.59013420764,4816.12593866334
2023-11-13 10:00:00,4505.832502993,4179.94350156852,4095.96650322096,4532.3346578431,4509.46263206956,4535.0428640299,4513.98148217107,4520.89888607998
2023-11-13 11:00:00,4382.22000234004,4183.36300173879,4033.91550249851,4431.44752533194,4452.32925140436,4456.27223581389,4456.03419815129,4441.88816822683
2023-11-13 12:00:00,4325.959002232,4281.9530013015,4095.3290033791,4302.51619766731,4343.33890655099,4332.79927609805,4393.71867669701,4322.9271217441
2023-11-13 13:00:00,4400.53200014483,4537.85950070084,4440.8240003332,4398.73716315732,4419.97038159861,4372.63355027384,4444.12731293364,4409.35354853111
2023-11-13 14:00:00,4684.78750358429,4727.99400077015,4630.41200199362,4675.71508416119,4688.68729933965,4639.1590801059,4679.5500840232,4682.2010549935
2023-11-13 15:00:00,4715.96549948136,4292.26650282752,4226.74000041885,4770.95156860131,4779.02639459031,4743.80494646999,4802.46925166736,4774.98889646861
2023-11-13 16:00:00,4425.22600036452,4068.67900109151,3912.88799958269,4429.56737516293,4403.78470882716,4420.67032054127,4459.36362881444,4416.67631380353
2023-11-13 17:00:00,4220.29100099963,3990.68950289523,3757.89100159879,4232.23803610548,4221.46790973914,4228.77088677087,4243.30951409351,4226.85308646416
2023-11-13 18:00:00,4580.98949667928,3911.65200090094,3635.64300122496,4582.63995121311,4576.29079091085,4597.85334578224,4628.96136470929,4579.46543799671
2023-11-13 19:00:00,5783.99299926707,4276.07100102503,3577.32350106875,5762.80277958042,5779.78281615824,5728.83711619944,5759.43170804827,5771.29261886077
2023-11-13 20:00:00,6824.03850324743,5180.72500242095,3890.93600242247,6901.42596663641,6862.85440342975,6854.21927594958,7013.6078120417,6882.14059166589
2023-11-13 21:00:00,7435.16750627931,5529.52000025532,4362.49350314727,7378.49273198214,7396.81053357886,7284.39666534378,7477.52771177721,7387.65143966883
2023-11-13 22:00:00,6794.28049685468,5493.65250209486,4949.61250269215,6783.01774446574,6754.08196652643,6763.6875903678,6886.93301661666,6768.5501605456
2023-11-13 23:00:00,5582.48349666421,4605.84550008271,4462.87350037904,5596.71291438931,5596.58600640535,5571.08993084797,5632.461580463,5596.64946173523
2023-11-14,4385.18399773759,3974.0605006431,3878.02149983821,4397.21512966157,4395.5925113268,4380.22304560097,4448.86927023473,4396.40383760031
2023-11-14 01:00:00,3835.20349987049,3479.58400138607,3469.25850314414,3836.48586146653,3812.22695363135,3827.58962419096,3842.18210987651,3824.35666329351
2023-11-14 02:00:00,3421.4655053023,3224.16650517471,3220.30500098492,3427.15397867139,3421.8453668608,3393.27551372706,3447.81936727976,3424.49972873105
2023-11-14 03:00:00,3192.52200092142,3026.64450340311,3020.51950285549,3203.15961001759,3207.71722620075,3153.59334929028,3236.22836960798,3205.43837006144
2023-11-14 04:00:00,3029.18200051913,2979.62199939799,2962.15199878078,3035.88244444033,3017.51657723585,3026.17076205227,3045.50251876015,3026.69970445648
2023-11-14 05:00:00,2972.10400504898,3097.94800127589,3052.51449986559,2965.51351389587,2977.7541617774,2962.01263275405,3000.89207986091,2971.63370879211
2023-11-14 06:00:00,3164.14400025504,3119.46250026475,3097.09550037631,3162.01455147059,3164.74731262053,3150.15355391935,3185.04302901339,3163.38090323598
2023-11-14 07:00:00,3947.6925005978,3618.68900130154,3443.8740002038,3937.5704807618,3934.50262377841,3847.14058062013,3957.79601319243,3936.03658461236
2023-11-14 08:00:00,5194.93500041752,4014.44650246436,3872.05250156566,5221.80460303549,5190.10469982736,5176.18738496914,5242.18236316334,5205.95498562116
2023-11-14 09:00:00,4695.48700426053,4140.52750166203,4077.65400033828,4720.36052282249,4715.99467572111,4650.46594549327,4739.07415789555,4718.17764529785
2023-11-14 10:00:00,4399.17900126765,4119.28100655158,4095.96650322096,4404.71996971826,4418.73521756486,4383.96418458121,4446.12018529301,4411.72744588868
2023-11-14 11:00:00,4248.81350018014,4057.63500284182,4033.91550249851,4254.7649928686,4258.04839570426,4251.83034574305,4256.4199473305,4256.40665967183
2023-11-14 12:00:00,4137.55150072754,4194.73650531319,4095.3290033791,4123.86011133378,4116.24248731457,4076.6312487916,4139.8216813166,4120.05137963142
2023-11-14 13:00:00,4226.49950113526,4504.00250181463,4440.8240003332,4215.24259225388,4217.40676305656,4161.28461723715,4249.0894983388,4216.32465483989
2023-11-14 14:00:00,4508.18400437653,4613.98400094779,4630.41200199362,4498.93522275041,4521.90683634546,4498.06514421944,4576.44357702404,4510.4207873744
2023-11-14 15:00:00,4598.32250217599,4291.65250235808,4226.74000041885,4576.28082215653,4593.8683735344,4593.16292441289,4673.52348097394,4585.0744124323
2023-11-14 16:00:00,4356.45149874967,4084.72900088842,3912.88799958269,4344.73597727774,4326.08417215473,4336.11110035962,4355.19183898611,4335.41027134907
2023-11-14 17:00:00,4275.77550044225,3944.50400155748,3757.89100159879,4292.60232130822,4278.95252814939,4256.53769452841,4313.29405563855,4285.77756862895
2023-11-14 18:00:00,4764.54250395752,3888.7250029943,3635.64300122496,4786.28345500738,4754.42340711934,4698.85968665635,4778.53865051695,4770.35376694139
2023-11-14 19:00:00,5925.01749914256,4166.51049937564,3577.32350106875,5905.22538341831,5903.19428993567,5832.75018502011,5994.58205285406,5904.20985808937
2023-11-14 20:00:00,6977.66349539452,5002.06400427909,3890.93600242247,6937.72771656695,7056.74769419622,6958.760839693,7134.22396950126,6997.23645063784
2023-11-14 21:00:00,7567.34649585036,5483.76650129189,4362.49350314727,7594.33223076923,7586.25452580883,7421.09162443483,7708.47097865765,7590.29346344658
2023-11-14 22:00:00,6810.31700181216,5516.21550051367,4949.61250269215,6758.87814098447,6711.52447388365,6736.88403400247,6883.58372033419,6735.2018066504
2023-11-14 23:00:00,5615.69850335608,4583.18400226114,4462.87350037904,5639.05403701723,5644.53035193819,5621.6356884004,5672.94297173738,5641.79213674479
2023-11-15,4447.31850128854,3937.83000165178,3878.02149983821,4475.10637700388,4444.67420385724,4429.23033380271,4480.59760864039,4459.89061125551
2023-11-15 01:00:00,3876.6809999278,3524.4159997399,3469.25850314414,3899.25899928737,3884.45207897689,3874.36782074259,3914.04107654803,3891.85569523106
2023-11-15 02:00:00,3408.8765038345,3284.64199897763,3220.30500098492,3410.45662253181,3417.93047175053,3393.23990654664,3436.50390295877,3414.19346834965
2023-11-15 03:00:00,3166.01750601118,3089.69300293387,3020.51950285549,3165.75749478033,3152.08647352204,3151.32879613847,3181.960497049,3158.92212827513
2023-11-15 04:00:00,3029.61500175332,3037.19650082325,2962.15199878078,3038.42987828378,3020.75683208321,3030.51004552671,3051.8893995189,3029.59354149797
2023-11-15 05:00:00,3014.27000045963,3120.3994991259,3052.51449986559,3009.30033050859,3010.49788776468,3002.71052579999,3050.03245161008,3009.89909651163
2023-11-15 06:00:00,3168.14950185618,3167.17199901131,3097.09550037631,3183.80415047907,3164.18279277334,3116.65985112342,3191.8686059128,3173.99367848035
2023-11-15 07:00:00,3891.4320013012,3586.44450181129,3443.8740002038,3887.98125346756,3892.91342355938,3733.10200607742,3878.46127463209,3890.44728651707
2023-11-15 08:00:00,5172.7665017664,3889.14750203351,3872.05250156566,5164.86839682898,5165.09518298389,4992.15555313273,5152.85190433402,5164.98178751559
2023-11-15 09:00:00,4812.06399914413,4103.82249803317,4077.65400033828,4802.03123492303,4795.65306489247,4767.08416010976,4836.5573455759,4798.8422171483
2023-11-15 10:00:00,4486.90000118577,4117.45250114182,4095.96650322096,4505.755931647,4496.74382028053,4478.87125147853,4508.62821586153,4501.2499709721
2023-11-15 11:00:00,4340.37850093248,4014.28799769632,4033.91550249851,4353.30668705612,4325.25067337477,4320.06348622382,4357.52723098444,4339.27897599022
2023-11-15 12:00:00,4251.02200075792,4111.64700231131,4095.3290033791,4254.8254280985,4245.1880573793,4231.03850340688,4261.56731984051,4250.00684433891
2023-11-15 13:00:00,4365.39200283319,4453.63600384444,4440.8240003332,4374.43226740107,4357.40669080246,4352.43004663162,4407.45767740532,4365.91965859042
2023-11-15 14:00:00,4597.22050122265,4629.46149996202,4630.41200199362,4598.03169210361,4586.94563917669,4557.55432604911,4618.59661663275,4592.48878251259
2023-11-15 15:00:00,4643.08050069184,4288.95700080122,4226.74000041885,4643.73840347432,4645.85924122074,4627.74726823013,4653.09722773445,4644.79879998903
2023-11-15 16:00:00,4404.54899832665,4109.54250011093,3912.88799958269,4398.48043125818,4396.5779573276,4384.2151014232,4427.86586997215,4397.52921434933
2023-11-15 17:00:00,4134.60500112397,4042.09200018295,3757.89100159879,4130.93882525414,4145.8522352128,4123.44607164302,4184.19966884991,4138.3953730119
2023-11-15 18:00:00,4477.53300324397,3890.35600409959,3635.64300122496,4497.3620434335,4478.8498898387,4436.96036409622,4499.8375287466,4488.10616179669
2023-11-15 19:00:00,5703.94300199428,4128.75250369054,3577.32350106875,5701.27581664972,5710.11395782404,5663.58949772947,5716.83349488452,5705.69479406259
2023-11-15 20:00:00,6763.08800391608,4866.06450009916,3890.93600242247,6768.3798384866,6773.11306155844,6708.04292724209,6899.43171684396,6770.74640012349
2023-11-15 21:00:00,7362.95900059794,5215.71400297561,4362.49350314727,7277.12159968522,7381.43230718377,7301.5781959368,7498.89736806926,7329.27585376022
2023-11-15 22:00:00,6653.04100054759,5440.81550056499,4949.61250269215,6590.09634483225,6587.84127994272,6593.99580549407,6692.87706631708,6588.96883616105
2023-11-15 23:00:00,5531.28599960858,4616.35249849106,4462.87350037904,5521.53259361702,5513.1522571888,5477.18483663577,5560.6047392773,5517.34251375089
2023-11-16,4445.02699912735,3985.94000082661,3878.02149983821,4449.40199848417,4437.99741560519,4428.7444858035,4474.86559018298,4443.69982727516
2023-11-16 01:00:00,3879.99700132885,3533.07100122375,3469.25850314414,3869.06486596057,3858.21748931769,3862.02125364967,3898.33522796275,3863.64129199538
2023-11-16 02:00:00,3416.59550542175,3257.75550389697,3220.30500098492,3421.04958818119,3423.58567021706,3379.42990454075,3429.28620780298,3422.317602463
2023-11-16 03:00:00,3168.66300275503,3068.56349791156,3020.51950285549,3182.90054642593,3164.66277917586,3140.00942292955,3187.56289788229,3173.78185506882
2023-11-16 04:00:00,3011.02400231082,3005.89000203146,2962.15199878078,3016.53301385544,3002.00879019584,3006.32204281217,3029.36250668619,3009.2710551443
2023-11-16 05:00:00,2964.06399980106,3080.66700125381,3052.51449986559,2969.84219300809,2957.42434675193,2945.20770155891,2975.8784297386,2963.63340079261
2023-11-16 06:00:00,3094.62750273512,3127.032999933,3097.09550037631,3092.69908343228,3091.19757430884,3065.17703185439,3103.14615169808,3091.94834469991
2023-11-16 07:00:00,3849.79149987479,3536.91050184076,3443.8740002038,3857.07257297134,3845.30974973978,3739.1108791632,3844.4331673322,3851.19128536272
2023-11-16 08:00:00,5210.33550138818,3965.535000748,3872.05250156566,5212.61676923488,5176.3305701177,5106.58856136435,5217.1409057456,5194.47405221611
2023-11-16 09:00:00,4851.94600195356,4109.49650311226,4077.65400033828,4851.32747817796,4855.55585127768,4804.10951005744,4885.82448162114,4853.44162015106
2023-11-16 10:00:00,4627.71950428153,4106.71250284731,4095.96650322096,4656.40506786267,4617.67153523407,4598.96308916124,4635.7042852444,4637.03870988871
2023-11-16 11:00:00,4580.2960019036,4050.99200042791,4033.91550249851,4559.2544914984,4563.53153618034,4553.89530458731,4611.62782823755,4561.3929687495
2023-11-16 12:00:00,4558.73850122857,4204.54800402035,4095.3290033791,4565.66527317611,4552.80946236845,4536.6783518641,4559.13269679012,4559.23750330203
2023-11-16 13:00:00,4738.20100300584,4558.02100177261,4440.8240003332,4760.52214950362,4753.51646858109,4730.14557481491,4761.1174237718,4757.01938289831
2023-11-16 14:00:00,5016.90200121276,4610.15600136656,4630.41200199362,5021.96428566977,5025.75337317671,5005.15800250086,5027.93026846231,5023.85878947756
2023-11-16 15:00:00,5079.14649981202,4323.3590012677,4226.74000041885,5094.38829787803,5093.67733736141,5083.19342724096,5098.56263436768,5094.03282511487
2023-11-16 16:00:00,4778.87850325136,4013.83449905342,3912.88799958269,4809.13596581275,4785.41724539455,4769.21272440451,4825.19853740114,4797.2768556534
2023-11-16 17:00:00,4586.92400224367,3982.3855019355,3757.89100159879,4562.03524555657,4608.84413655644,4567.66447572105,4601.77593035148,4585.43919758336
2023-11-16 18:00:00,4940.10950248502,3920.20749899792,3635.64300122496,4967.9523084756,4949.56733213553,4941.69386876316,4970.31801003714,4958.76001412541
2023-11-16 19:00:00,5980.35399670014,4119.91100104165,3577.32350106875,5992.77626229651,5971.5891070503,5887.3820337193,6060.06894216222,5982.18290803465
2023-11-16 20:00:00,6832.10100369225,4719.11000241095,3890.93600242247,6864.53722748725,6846.3785874151,6813.75347140307,6857.39730860566,6855.45809888492
2023-11-16 21:00:00,7373.01049791835,5144.51949917001,4362.49350314727,7346.82578031566,7358.78283789187,7330.73300747057,7395.64653334854,7352.80418304894
2023-11-16 22:00:00,6672.65000028245,5334.03500121133,4949.61250269215,6654.92338312154,6610.56419974706,6653.42711303519,6770.94920752137,6632.74425908191
2023-11-16 23:00:00,5585.51700204657,4501.58650224423,4462.87350037904,5595.14026532856,5576.24153713288,5585.80241685907,5640.14409895587,5585.69110046669
2023-11-17,4550.6625010781,3878.02149983821,3878.02149983821,4551.20635656917,4528.21739632597,4537.30154994597,4560.48104933714,4539.71211880397
2023-11-17 01:00:00,3994.79749912361,3469.25850314414,3469.25850314414,3985.58480321928,3992.739662779,3996.1880485564,4032.53212126526,3989.1621575705
2023-11-17 02:00:00,3512.10100063751,3220.30500098492,3220.30500098492,3503.90880967752,3508.59752696345,3477.47192183313,3517.26693964932,3506.25311889064
2023-11-17 03:00:00,3269.47450206708,3020.51950285549,3020.51950285549,3272.41223102339,3278.61682385517,3253.48568840032,3287.53971856077,3275.51446202863
2023-11-17 04:00:00,3111.10650135262,2962.15199878078,2962.15199878078,3112.93544161449,3114.15739453522,3099.83529317287,3155.33271542733,3113.54640519267
2023-11-17 05:00:00,3075.94550016895,3052.51449986559,3052.51449986559,3074.90440795525,3068.40404892711,3044.16053292204,3087.55187472113,3071.65429696988
2023-11-17 06:00:00,3232.5420017899,3097.09550037631,3097.09550037631,3224.4625198207,3252.08931431477,3217.67174675646,3260.25572482601,3238.27562581791
2023-11-17 07:00:00,3968.88550165051,3443.8740002038,3443.8740002038,3982.92656121087,3981.48552637279,3905.48911580123,3985.13327031814,3982.20605898364
2023-11-17 08:00:00,5323.01299756556,3872.05250156566,3872.05250156566,5343.03508439601,5364.92911821925,5308.24892029285,5364.98540935112,5353.98187049426
2023-11-17 09:00:00,4884.9905018846,4077.65400033828,4077.65400033828,4871.06269304915,4903.71127846323,4883.96066154044,4908.4003706817,4887.38664156517
2023-11-17 10:00:00,4527.56350133789,4095.96650322096,4095.96650322096,4547.3693145101,4537.6045243727,4528.81351251765,4538.18023150834,4542.4870223847
2023-11-17 11:00:00,4425.51750123495,4033.91550249851,4033.91550249851,4424.45558137614,4417.53832307643,4412.48039054914,4426.18515809868,4420.99702515006
2023-11-17 12:00:00,4261.63000364171,4095.3290033791,4095.3290033791,4269.00774792262,4262.69350155447,4253.33937661135,4273.95538869253,4265.8506913052
2023-11-17 13:00:00,4268.75050221471,4440.8240003332,4440.8240003332,4232.72446459764,4250.19211206687,4233.14985080443,4290.88355335101,4241.45810418316
2023-11-17 14:00:00,4566.37800306606,4630.41200199362,4630.41200199362,4584.9805539952,4574.21776926448,4479.37114293088,4582.42807045691,4579.59927509429
2023-11-17 15:00:00,4721.07750218932,4226.74000041885,4226.74000041885,4729.84593372609,4719.81092686304,4702.87291038233,4736.70601447678,4724.82853608657
2023-11-17 16:00:00,4425.05000136059,3912.88799958269,3912.88799958269,4427.95642742662,4422.99018727852,4389.4792988831,4448.99233999156,4425.47335970814
2023-11-17 17:00:00,4159.77849968546,3757.89100159879,3757.89100159879,4136.77558760527,4158.84014554104,4126.08227722356,4188.04107807227,4147.80763396207
2023-11-17 18:00:00,4550.01299971517,3635.64300122496,3635.64300122496,4532.58395697822,4554.95099136633,4455.91093364362,4564.61558093317,4543.76723837239
2023-11-17 19:00:00,5484.06950747489,3577.32350106875,3577.32350106875,5490.51862692733,5498.44227910783,5459.29440697172,5487.29292394085,5494.4803694841
2023-11-17 20:00:00,5694.71150131337,3890.93600242247,3890.93600242247,5767.80918072112,5772.59284695519,5833.80178085845,5986.9022086451,5770.20096340733
2023-11-17 21:00:00,6161.91299565742,4362.49350314727,4362.49350314727,6239.8597585063,6211.98623477566,6385.05695245527,6273.97439895006,6225.92329049189
2023-11-17 22:00:00,6129.8985011772,4949.61250269215,4949.61250269215,6109.01513009877,6082.97894222051,6060.70480694989,6149.73636268117,6095.99731064082
2023-11-17 23:00:00,5439.96500263538,4462.87350037904,4462.87350037904,5472.65323992478,5456.6288984052,5398.36728352161,5502.58188637376,5464.64123809833
2023-11-18,4621.16750142979,4023.42650119867,3878.02149983821,4613.49266965413,4614.91941275004,4589.55412235321,4655.97870131626,4614.20602616094
2023-11-18 01:00:00,4132.14299845963,3609.41050378873,3469.25850314414,4136.77901230438,4134.89232256312,4110.18834032094,4154.94228142483,4135.83568732379
2023-11-18 02:00:00,3586.48299976555,3294.22500246519,3220.30500098492,3582.74607139137,3581.68035171715,3578.9582682891,3611.82568508732,3582.21322278939
2023-11-18 03:00:00,3283.623002343,3084.05800014839,3020.51950285549,3281.52821475665,3285.89989710401,3284.26715948363,3300.81687679459,3283.71400984276
2023-11-18 04:00:00,3126.67400033504,3024.46650301048,2962.15199878078,3129.07936801785,3128.56355410496,3098.38365426087,3133.46808074042,3128.82146649927
2023-11-18 05:00:00,3044.28200294566,3007.75600211474,3052.51449986559,3045.29227816121,3043.71914302321,3025.75218541787,3055.23067379248,3044.50572717667
2023-11-18 06:00:00,3049.21250330098,2710.46800186485,3097.09550037631,3052.5413085384,3052.67850774456,3008.88426286403,3072.90940399755,3052.60990669508
2023-11-18 07:00:00,3238.63250461069,2681.48850309057,3443.8740002038,3201.063575036,3248.97290833491,3091.97914465844,3285.36078461492,3225.01773661112
2023-11-18 08:00:00,3748.58500096004,3248.19900084962,3872.05250156566,3729.36751255787,3746.18348320919,3605.63949745864,3949.10703628723,3737.7753206046
2023-11-18 09:00:00,4185.79300295084,3972.53850250947,4077.65400033828,4214.73727361039,4205.32697247308,4090.04215905209,4214.42678335179,4210.03222224791
2023-11-18 10:00:00,5137.76900212496,4358.50400316529,4095.96650322096,5135.81407967508,5108.55681482472,5084.61913452091,5160.00341134251,5122.18573460403
2023-11-18 11:00:00,5224.53650347353,4338.97150042292,4033.91550249851,5280.21892099822,5236.85476429801,5208.30035145428,5367.58567962554,5258.53729980586
2023-11-18 12:00:00,4901.48800275481,4259.3395031034,4095.3290033791,4897.77209790049,4904.92289986181,4851.69465547701,4921.94053495466,4901.34742349528
2023-11-18 13:00:00,4638.9365015428,4322.5750025938,4440.8240003332,4659.76127086442,4638.08830514192,4620.73382232074,4636.82316238486,4648.92501648597
2023-11-18 14:00:00,5022.93649908318,4387.26800414361,4630.41200199362,5038.68746354635,5024.98161684707,5041.1941757193,5076.18224814238,5031.83468468779
2023-11-18 15:00:00,5126.89850223315,3973.49150129128,4226.74000041885,5122.90045823117,5158.40403638368,5112.91988010871,5186.84821160351,5140.65187301822
2023-11-18 16:00:00,4504.49050181848,3647.46549946209,3912.88799958269,4516.50753329447,4507.59186225947,4489.45349498199,4545.23315376675,4512.0497917686
2023-11-18 17:00:00,3973.1450030026,3497.72500005004,3757.89100159879,3987.59941730213,3984.09940378143,3945.22504884717,4023.19168347365,3985.84944743996
2023-11-18 18:00:00,4171.18200097745,3426.77900193352,3635.64300122496,4167.63752353017,4191.59012366473,4136.39931746456,4196.89531003293,4179.61357108207
2023-11-18 19:00:00,5130.17250181059,3477.07250109385,3577.32350106875,5150.6764587932,5124.91675353395,5053.58192437569,5182.41218597956,5137.79687773
2023-11-18 20:00:00,5418.94749965926,3745.54350259621,3890.93600242247,5422.47958011315,5433.9157004619,5389.88286330548,5506.78238828895,5428.19751972457
2023-11-18 21:00:00,5837.17899821431,4258.97400144592,4362.49350314727,5863.44135459839,5847.97505666049,5800.5322473591,5854.09734357723,5855.70836867972
2023-11-18 22:00:00,5885.13100245758,4842.84700175363,4949.61250269215,5910.22965288294,5890.94901884473,5869.87620814698,5961.70919699933,5900.58953912597
2023-11-18 23:00:00,5346.96850054583,4521.1220019001,4462.87350037904,5350.98833386437,5364.20250389276,5313.8366723147,5368.15401663935,5357.59527957089
2023-11-19,4653.8385036363,3996.57750128047,3878.02149983821,4647.89440201717,4660.41761524148,4635.24442984738,4666.5430544066,4654.15587660592
2023-11-19 01:00:00,4072.33800255612,3550.27300327946,3469.25850314414,4057.64339236409,4068.41098839857,4053.91070239219,4102.73394844818,4063.02707686615
2023-11-19 02:00:00,3553.75000265986,3257.84999884665,3220.30500098492,3550.11652557938,3558.810449193,3552.51508826987,3587.541381969,3554.46339573228
2023-11-19 03:00:00,3262.0860057706,3081.54900307616,3020.51950285549,3259.53020697062,3271.78370219508,3259.43474176227,3289.77658662988,3265.65682540288
2023-11-19 04:00:00,3082.69600284821,3012.7995023214,2962.15199878078,3087.85708949358,3079.29498976101,3055.36766535146,3096.38322175558,3083.57612989148
2023-11-19 05:00:00,3035.47150147404,3023.2755045637,3052.51449986559,3021.04970051355,3043.54492778075,3032.19890257386,3066.96712437847,3032.29707699582
2023-11-19 06:00:00,3034.56850353023,2684.3255003409,3097.09550037631,3033.2678734113,3040.75593836893,3020.67038016348,3069.18278603789,3037.01182694872
2023-11-19 07:00:00,3211.89600004884,2568.47500065074,3443.8740002038,3207.08574567447,3212.74273443496,3171.80777297632,3223.85671513749,3209.91418041707
2023-11-19 08:00:00,3550.23650246172,3043.41049893526,3872.05250156566,3541.93297162178,3541.29863714564,3523.35532570155,3556.07181903793,3541.61581107105
2023-11-19 09:00:00,3764.00050109671,3696.55300188798,4077.65400033828,3762.82773272582,3770.61323390936,3748.8646364351,3761.27649085483,3766.72040124054
2023-11-19 10:00:00,4764.96900207439,4136.40199957031,4095.96650322096,4766.76528832317,4773.90073274646,4670.31484214936,4779.64640281986,4770.33293531086
2023-11-19 11:00:00,5170.52000310028,4203.11700091604,4033.91550249851,5171.75918928997,5164.35129393087,5135.85410293938,5184.68659687759,5168.05531970664
2023-11-19 12:00:00,4952.70250108774,4135.43500003801,4095.3290033791,4949.506495086,4954.28608729371,4915.03451722282,4967.49316600989,4951.89624080198
2023-11-19 13:00:00,4688.81850178307,4305.12950276397,4440.8240003332,4692.28580071486,4706.58875446687,4684.26167887962,4713.58410838112,4699.43712680491
2023-11-19 14:00:00,4875.12250075059,4437.49050235003,4630.41200199362,4860.75526882311,4859.48964872241,4866.91182858519,4891.92413941304,4860.1224721153
2023-11-19 15:00:00,5056.91300005774,4158.15449999226,4226.74000041885,5074.31833127079,5046.44310058283,5012.75480917865,5074.26034660068,5060.38100979572
2023-11-19 16:00:00,4579.5405022417,3782.78049983922,3912.88799958269,4576.31934025745,4575.17778886029,4567.96947715941,4616.02446803598,4575.74857659345
2023-11-19 17:00:00,4215.03600319906,3715.63600158005,3757.89100159879,4215.82546525356,4201.59796299863,4194.1858661019,4232.64916841366,4208.71186411663
2023-11-19 18:00:00,4542.83100305684,3751.27450018923,3635.64300122496,4538.77995629334,4563.52283003566,4494.36384275078,4563.91462298642,4551.15113231782
2023-11-19 19:00:00,5913.34550270566,4028.33700247819,3577.32350106875,5875.10871666855,5882.33577400093,5814.35295033794,5925.01397380969,5878.72216914497
2023-11-19 20:00:00,6810.3914972028,4803.6940028799,3890.93600242247,6751.85182323252,6740.90775255399,6620.22463261184,6820.47680903784,6746.37990326888
2023-11-19 21:00:00,7521.08499853406,5320.9565022866,4362.49350314727,7499.14828354287,7514.46294539903,7438.65938470763,7562.16878059362,7506.80545301926
2023-11-19 22:00:00,6929.90450517402,5457.94950379978,4949.61250269215,6955.7653265996,6905.70603619368,6919.57846739303,6847.97866576506,6930.73620913646
2023-11-19 23:00:00,5699.48499742115,4571.14750221872,4462.87350037904,5730.02069560132,5724.23793946899,5663.11412640763,5802.60740801716,5727.12937849868
2023-11-20,4502.22899896465,3812.80499906244,3878.02149983821,4514.42390240681,4476.79964660292,4499.22376695761,4520.17318989255,4495.61217115087
2023-11-20 01:00:00,3851.3235003032,3397.92450404319,3469.25850314414,3840.83924162239,3847.84526071838,3791.2870661137,3892.08168275224,3844.34217731086
2023-11-20 02:00:00,3401.51800037117,3148.71050260798,3220.30500098492,3404.44949570098,3409.6196753122,3383.47500463128,3429.95036138803,3407.03453100103
2023-11-20 03:00:00,3140.65500384057,3025.0705038954,3020.51950285549,3147.59089048724,3135.89031816074,3104.95248717728,3153.56627331457,3141.74072767488
2023-11-20 04:00:00,3031.59200095898,2994.02500433777,2962.15199878078,3028.26585100679,3034.16367100432,3014.5990048694,3041.9571251096,3031.21469882899
2023-11-20 05:00:00,2995.38249981916,3067.71149801568,3052.51449986559,2993.5215367046,2993.26947639792,2983.18069167422,3001.86846274922,2993.39550920855
2023-11-20 06:00:00,3131.44000338053,3091.76900229475,3097.09550037631,3124.01551337745,3119.54819664226,3098.41912409489,3158.2207346727,3121.78190210563
2023-11-20 07:00:00,3926.12650153984,3508.67150374467,3443.8740002038,3888.65397859338,3933.32054719063,3808.86823690493,3959.26491705182,3910.98679200386
2023-11-20 08:00:00,5339.33000134316,3868.24000271223,3872.05250156566,5329.53122384062,5303.10710468876,5144.94467146333,5414.32255337255,5316.31944283555
2023-11-20 09:00:00,5072.18450232083,4089.93500117643,4077.65400033828,4994.56784237861,5000.10463000948,4968.62575459276,5180.36112774962,4997.33617782359
2023-11-20 10:00:00,4821.81550260948,4179.94350156852,4095.96650322096,4815.28803608144,4818.48338593243,4811.97953431732,4850.93574082431,4816.88567732062
2023-11-20 11:00:00,4823.86649702286,4183.36300173879,4033.91550249851,4829.28518267637,4829.78492637379,4799.69400086577,4838.08463995925,4829.53504925663
2023-11-20 12:00:00,4853.34450173005,4281.9530013015,4095.3290033791,4869.47301659375,4861.68265162352,4835.26575085559,4868.26759887483,4865.57791623696
2023-11-20 13:00:00,5004.18750118796,4537.85950070084,4440.8240003332,4996.00672230992,5003.29639343799,4993.14611497096,5010.32640095877,4999.65148102409
2023-11-20 14:00:00,5301.63250086573,4727.99400077015,4630.41200199362,5306.59825456092,5266.57030963627,5247.10495626328,5336.2770910287,5286.58470408501
2023-11-20 15:00:00,5383.26400431769,4292.26650282752,4226.74000041885,5404.28587661925,5369.45476194366,5337.8552317624,5370.10525276178,5386.87068648135
2023-11-20 16:00:00,5075.94550494011,4068.67900109151,3912.88799958269,5081.39927892743,5048.56635207008,5055.90108066009,5109.85803226123,5064.98316163316
2023-11-20 17:00:00,4905.0475016766,3990.68950289523,3757.89100159879,4922.20726131107,4924.58446321583,4898.00337829989,4953.25598543935,4923.39583720229
2023-11-20 18:00:00,5444.26149886718,3911.65200090094,3635.64300122496,5423.27678538469,5427.38368996366,5390.5461120047,5542.19341391802,5425.33019437797
2023-11-20 19:00:00,6543.94199805788,4276.07100102503,3577.32350106875,6549.47134952985,6544.70162853306,6443.1216007489,6570.35838185568,6547.08653931526
2023-11-20 20:00:00,7514.06100206263,5180.72500242095,3890.93600242247,7482.86684807504,7549.18247713835,7313.28756618152,7553.80655906389,7516.02396348776
2023-11-20 21:00:00,8134.94299986667,5529.52000025532,4362.49350314727,8141.2397282702,8167.73252721422,7889.74547053308,8192.37141136829,8154.4858484473
2023-11-20 22:00:00,7268.83049731399,5493.65250209486,4949.61250269215,7318.59062142999,7206.99434255923,7165.34138002268,7193.97286467652,7262.79365847553
2023-11-20 23:00:00,5921.36050110881,4605.84550008271,4462.87350037904,5945.20086761507,5897.91507515001,5895.01857994591,6019.13883654502,5921.55846988333
2023-11-21,4695.35249959398,3974.0605006431,3878.02149983821,4708.81918270767,4725.34727143728,4686.79137052674,4775.18049396961,4717.08305282849
2023-11-21 01:00:00,4132.91750245064,3479.58400138607,3469.25850314414,4122.80427687021,4114.91554134709,4107.08820859854,4148.68875810691,4118.85999227403
2023-11-21 02:00:00,3642.97250281996,3224.16650517471,3220.30500098492,3630.48921013211,3615.81083207112,3630.12938277513,3642.81189618933,3623.15017584541
2023-11-21 03:00:00,3387.65050397103,3026.64450340311,3020.51950285549,3393.87596049769,3387.88043424051,3351.71603946744,3482.58768450672,3390.87826057571
2023-11-21 04:00:00,3231.74950261787,2979.62199939799,2962.15199878078,3228.13732926395,3235.05542276666,3212.96034713953,3306.95655333627,3231.59630308272
2023-11-21 05:00:00,3207.60250480659,3097.94800127589,3052.51449986559,3189.55593964904,3189.92042816747,3193.61384295433,3286.97525175448,3189.73818006571
2023-11-21 06:00:00,3370.16200072179,3119.46250026475,3097.09550037631,3361.29929468773,3371.12586527633,3335.74482378989,3480.20647550606,3366.21247638742
2023-11-21 07:00:00,4197.96250319586,3618.68900130154,3443.8740002038,4189.17895437075,4186.9585781418,4124.07152620975,4230.30805290883,4188.06878966414
2023-11-21 08:00:00,5554.36650224356,4014.44650246436,3872.05250156566,5541.96824174002,5543.18205909394,5435.44494172256,5592.91447851543,5542.57513762056
2023-11-21 09:00:00,5296.22650286858,4140.52750166203,4077.65400033828,5297.66688112726,5299.86061179683,5283.35050785834,5365.15428628991,5298.76372333509
2023-11-21 10:00:00,5035.39750165789,4119.28100655158,4095.96650322096,5048.60864370935,5021.79997300213,5031.90769271928,5063.07259916287,5035.20459098067
2023-11-21 11:00:00,4957.9635041299,4057.63500284182,4033.91550249851,4977.24395643104,4981.76650841591,4967.09990065569,5020.20032926024,4979.5051847454
2023-11-21 12:00:00,4901.1044996655,4194.73650531319,4095.3290033791,4907.22376919688,4913.96570197188,4891.67683409064,4957.5668288292,4910.59466450894
2023-11-21 13:00:00,5151.39850270655,4504.00250181463,4440.8240003332,5143.07420990343,5152.27687016131,5125.50340172029,5247.58545661754,5147.67544301521
2023-11-21 14:00:00,5411.49549990427,4613.98400094779,4630.41200199362,5423.73570630545,5441.05757193505,5363.38901729351,5471.34706545526,5432.39645650803
2023-11-21 15:00:00,5435.04099887022,4291.65250235808,4226.74000041885,5409.93414761088,5436.72568824603,5408.41763968364,5439.88476950602,5423.32963548413
2023-11-21 16:00:00,5116.31150360336,4084.72900088842,3912.88799958269,5128.10503830378,5144.65022657154,5096.2287740702,5169.0233131551,5136.3774580134
2023-11-21 17:00:00,5018.12100017618,3944.50400155748,3757.89100159879,5018.37150002007,5043.59424368113,5000.86302608867,5091.30686149732,5030.98260594499
2023-11-21 18:00:00,5606.50950124301,3888.7250029943,3635.64300122496,5617.56814946068,5599.68306178996,5583.59706439765,5637.22899309812,5608.62579417519
2023-11-21 19:00:00,6679.06199816603,4166.51049937564,3577.32350106875,6665.41685634441,6671.25191179711,6619.54270260822,6740.38697634297,6668.33432255589
2023-11-21 20:00:00,7694.51250058331,5002.06400427909,3890.93600242247,7729.74705188225,7761.55286053812,7608.4065491251,7859.22973671992,7745.64962090396
2023-11-21 21:00:00,8255.4235009515,5483.76650129189,4362.49350314727,8291.51168226889,8332.73979011147,8104.87410863678,8390.38402202181,8312.1253015513
2023-11-21 22:00:00,7551.93800116738,5516.21550051367,4949.61250269215,7626.33634179476,7586.29070474396,7472.15205657455,7715.74585778908,7606.31394544229
2023-11-21 23:00:00,6139.70200220298,4583.18400226114,4462.87350037904,6152.342838252,6137.56515577377,6135.52238275998,6165.41212273984,6144.95415280358
2023-11-22,4866.83599445131,3937.83000165178,3878.02149983821,4866.28714895243,4878.04774289755,4843.9999531177,4914.80010801874,4872.16732194134
2023-11-22 01:00:00,4228.31200532825,3524.4159997399,3469.25850314414,4227.26930395448,4234.55126866142,4201.00082687422,4252.84847717766,4230.91020953933
2023-11-22 02:00:00,3720.32200711593,3284.64199897763,3220.30500098492,3728.56557753223,3712.21415493794,3707.09004053547,3726.81125580203,3720.39003861661
2023-11-22 03:00:00,3438.70000106073,3089.69300293387,3020.51950285549,3434.88464011494,3443.94704139431,3415.23180514401,3455.1782348287,3439.41574521612
2023-11-22 04:00:00,3321.65750264446,3037.19650082325,2962.15199878078,3319.80329664891,3326.29446465602,3285.92183960134,3330.48884426594,3323.04881222065
2023-11-22 05:00:00,3270.07900011342,3120.3994991259,3052.51449986559,3274.57073959331,3274.11604668205,3240.65543977451,3276.14375687032,3274.34339793119
2023-11-22 06:00:00,3415.91000310855,3167.17199901131,3097.09550037631,3414.32811317087,3422.41013383951,3417.68593953225,3442.17997241117,3418.36903830214
2023-11-22 07:00:00,4268.97349825583,3586.44450181129,3443.8740002038,4275.90554758145,4269.83154087348,4211.67388382343,4303.23778035105,4272.86860826143
2023-11-22 08:00:00,5709.01400004001,3889.14750203351,3872.05250156566,5711.11613398222,5706.4768259492,5651.7872564094,5745.19350443374,5708.79652887467
2023-11-22 09:00:00,5461.32700507878,4103.82249803317,4077.65400033828,5432.53871688423,5486.00026732573,5439.43335984343,5505.07029686856,5459.26892849753
2023-11-22 10:00:00,5185.29250065854,4117.45250114182,4095.96650322096,5183.64657740973,5225.64255055839,5182.19468591171,5257.39526643486,5204.64412125011
2023-11-22 11:00:00,5092.71800309996,4014.28799769632,4033.91550249851,5128.75635826093,5113.82220730353,5061.8943441184,5126.83338619003,5121.28944022246
2023-11-22 12:00:00,4985.56149875361,4111.64700231131,4095.3290033791,4980.78551262027,4991.84128130558,4961.73943606497,5032.05648731765,4986.31328040975
2023-11-22 13:00:00,5114.66400259477,4453.63600384444,4440.8240003332,5125.43367845491,5133.49827922742,5082.57283603914,5154.34631019266,5129.46589382176
2023-11-22 14:00:00,5392.35000334313,4629.46149996202,4630.41200199362,5375.47715628887,5393.84814490294,5313.99380195751,5377.60438618203,5384.66245692352
2023-11-22 15:00:00,5467.16750195937,4288.95700080122,4226.74000041885,5480.93978645517,5464.17065562683,5484.28417365808,5500.16280219688,5472.55539782613
2023-11-22 16:00:00,5164.05600044294,4109.54250011093,3912.88799958269,5174.20598080839,5165.80961436188,5145.69067393228,5206.05034440098,5170.00788610211
2023-11-22 17:00:00,5013.00500115601,4042.09200018295,3757.89100159879,5019.95022404756,5011.02420883663,5013.32383868048,5083.40677296351,5015.48731054278
2023-11-22 18:00:00,5568.69200023497,3890.35600409959,3635.64300122496,5536.11456899561,5549.88517287519,5482.50586260592,5604.25167373036,5542.99972576163
2023-11-22 19:00:00,6636.69450022397,4128.75250369054,3577.32350106875,6610.51614251744,6608.21905198569,6563.83147836563,6641.53236752712,6609.36762146817
2023-11-22 20:00:00,7560.21049838478,4866.06450009916,3890.93600242247,7684.45081788714,7638.52405536041,7453.75157280485,7811.51257056882,7661.48792079727
2023-11-22 21:00:00,8149.26900205086,5215.71400297561,4362.49350314727,8165.91208702901,8166.9145855746,7936.65347312162,8308.11461295421,8166.41332573317
2023-11-22 22:00:00,7486.27699895937,5440.81550056499,4949.61250269215,7540.86025798987,7494.73579166712,7425.44603002666,7600.2831651928,7517.79851108623
2023-11-22 23:00:00,6161.86650374625,4616.35249849106,4462.87350037904,6169.30087528405,6166.93542481741,6182.34247505852,6229.94168089507,6168.11817498801
2023-11-23,4861.07550014358,3985.94000082661,3878.02149983821,4860.02857189254,4869.83742093264,4854.68056294506,4901.19075535387,4864.93289300481
2023-11-23 01:00:00,4230.99000028695,3533.07100122375,3469.25850314414,4232.36112421388,4225.78691016355,4188.5085169139,4290.32693340903,4229.07408649602
2023-11-23 02:00:00,3775.22150082781,3257.75550389697,3220.30500098492,3762.14323537156,3768.38382085883,3762.84117822915,3813.77644999845,3765.2634623251
2023-11-23 03:00:00,3557.37000073958,3068.56349791156,3020.51950285549,3563.93488544914,3561.26920538476,3533.43617161149,3599.72830464094,3562.60207351934
2023-11-23 04:00:00,3392.24250151485,3005.89000203146,2962.15199878078,3393.9034408554,3403.52970827812,3364.12567367341,3417.91742959069,3398.71647308381
2023-11-23 05:00:00,3357.59550273372,3080.66700125381,3052.51449986559,3363.94805353405,3357.38341804273,3344.50088949728,3398.19613065096,3360.66580499472
2023-11-23 06:00:00,3542.46350443759,3127.032999933,3097.09550037631,3545.70440965898,3526.03513046678,3494.68153318901,3587.05887014629,3535.86997742223
2023-11-23 07:00:00,4400.10749629652,3536.91050184076,3443.8740002038,4422.58349630695,4392.21012875251,4320.3066254128,4425.66164954858,4407.39713273474
2023-11-23 08:00:00,5908.53299939167,3965.535000748,3872.05250156566,5892.52429606076,5875.74679257764,5831.11474597361,5965.45776685523,5884.1357211926
2023-11-23 09:00:00,5563.92100384284,4109.49650311226,4077.65400033828,5599.1873074982,5554.49793300369,5556.08230145557,5599.17566815392,5576.84309137953
2023-11-23 10:00:00,5199.29450260103,4106.71250284731,4095.96650322096,5214.5403073236,5198.94412903377,5209.12510074353,5264.95799800585,5206.7423825982
2023-11-23 11:00:00,4967.08849928679,4050.99200042791,4033.91550249851,4977.4886573821,4951.96157397283,4936.95414024818,4983.63436944799,4964.72538479152
2023-11-23 12:00:00,4740.36700401717,4204.54800402035,4095.3290033791,4740.03660000418,4725.2345878805,4680.07236844788,4755.36680671936,4732.63574998952
2023-11-23 13:00:00,4788.58849910891,4558.02100177261,4440.8240003332,4761.89943762455,4791.07166047176,4731.26918925258,4803.3809462816,4776.48524150597
2023-11-23 14:00:00,5070.17600494827,4610.15600136656,4630.41200199362,5069.53942105091,5066.32871233389,5092.19080341968,5115.5346278699,5067.93410054064
2023-11-23 15:00:00,5181.84100115241,4323.3590012677,4226.74000041885,5170.15483084902,5206.40789644921,5180.01030512376,5203.40919280349,5188.28098145859
2023-11-23 16:00:00,4840.2459985473,4013.83449905342,3912.88799958269,4834.67154284437,4846.49569378583,4809.99246813526,4858.18729714968,4840.58349366141
2023-11-23 17:00:00,4631.27550227102,3982.3855019355,3757.89100159879,4638.63548431214,4615.29800748123,4614.18432329508,4666.10239493185,4626.96699192726
2023-11-23 18:00:00,5208.57550296606,3920.20749899792,3635.64300122496,5208.46526716639,5215.80242396636,5201.83606089875,5237.71401046864,5212.1337682159
2023-11-23 19:00:00,6415.85400044336,4119.91100104165,3577.32350106875,6410.11987706143,6393.11329879268,6337.57232260864,6484.84331137817,6401.61676721543
2023-11-23 20:00:00,7265.01850303309,4719.11000241095,3890.93600242247,7300.95590238239,7286.78713355107,7246.96064613414,7443.98254725047,7293.87166733807
2023-11-23 21:00:00,7846.13199829753,5144.51949917001,4362.49350314727,7909.5401985299,7937.49378052114,7802.03372116361,8131.92905064419,7923.5166948306
2023-11-23 22:00:00,7211.28449496476,5334.03500121133,4949.61250269215,7290.1277584612,7248.1358143589,7271.96360521956,7366.81676784915,7269.13222910152
2023-11-23 23:00:00,6072.39950220124,4501.58650224423,4462.87350037904,6056.95430898193,6050.15231272962,6040.23462394619,6106.52885020986,6053.55338256443
2023-11-24,4908.65800186037,3878.02149983821,3878.02149983821,4919.36402094866,4896.49920797366,4901.40113907197,4925.50054205537,4907.93185550877
2023-11-24 01:00:00,4286.22100350971,3469.25850314414,3469.25850314414,4285.85429101413,4281.07961223932,4270.10036616877,4367.92700067301,4283.4670019628
2023-11-24 02:00:00,3815.92550005647,3220.30500098492,3220.30500098492,3814.01229510917,3816.81179424633,3803.90828013916,3843.98211701305,3815.4120151646
2023-11-24 03:00:00,3606.32200162648,3020.51950285549,3020.51950285549,3615.27635272492,3613.92802656746,3606.67839401366,3637.71762116331,3614.60220386064
2023-11-24 04:00:00,3438.64249850356,2962.15199878078,2962.15199878078,3438.75552819148,3437.93680078594,3431.82246124402,3471.76748060707,3438.34617311998
2023-11-24 05:00:00,3381.47600083146,3052.51449986559,3052.51449986559,3386.30207298538,3390.4669313706,3348.26143197834,3414.32295172475,3388.38445827083
2023-11-24 06:00:00,3540.74900109088,3097.09550037631,3097.09550037631,3557.02992470472,3544.98278882305,3522.41770712905,3573.06012880944,3551.00648376835
2023-11-24 07:00:00,4294.89250180323,3443.8740002038,3443.8740002038,4296.5297444074,4283.46107676504,4223.97738843499,4295.14654363339,4289.99554835997
2023-11-24 08:00:00,5746.02900184784,3872.05250156566,3872.05250156566,5699.97306741267,5783.78662851014,5698.28000493417,5809.95667238985,5741.8789643741
2023-11-24 09:00:00,5568.20149890298,4077.65400033828,4077.65400033828,5566.31239038384,5543.15033512049,5512.26360759301,5614.36929443703,5554.73160693339
2023-11-24 10:00:00,5294.30850005487,4095.96650322096,4095.96650322096,5301.06938165342,5286.86424144033,5267.57511476174,5339.34725823889,5293.96696130166
2023-11-24 11:00:00,5313.25200305489,4033.91550249851,4033.91550249851,5296.56740354888,5334.40937905812,5248.20116198968,5378.53802471365,5315.48799236222
2023-11-24 12:00:00,5182.86850071861,4095.3290033791,4095.3290033791,5155.92121093842,5172.76199729621,5187.92688256412,5259.05040971703,5164.34142657677
2023-11-24 13:00:00,5214.22400384757,4440.8240003332,4440.8240003332,5242.15935709786,5209.52758605085,5186.29411922492,5304.12393867752,5225.84381558812
2023-11-24 14:00:00,5431.16900052322,4630.41200199362,4630.41200199362,5443.44489387181,5444.66578319241,5388.37157810297,5506.23088968836,5444.05532566114
2023-11-24 15:00:00,5471.43650098424,4226.74000041885,4226.74000041885,5472.61578027003,5506.34643720288,5424.67684108477,5530.47001779085,5489.48075313791
2023-11-24 16:00:00,5187.88900449383,3912.88799958269,3912.88799958269,5210.95643884392,5189.46115870116,5156.90845429178,5268.5449334318,5200.20902538213
2023-11-24 17:00:00,4964.57200278074,3757.89100159879,3757.89100159879,4983.45015994829,4957.46279504828,4952.15996546024,4987.90503644738,4970.45675146476
2023-11-24 18:00:00,5411.19049993611,3635.64300122496,3635.64300122496,5412.58644631196,5400.48403511383,5336.50105678724,5445.68378308406,5406.53536830009
2023-11-24 19:00:00,6167.51100000506,3577.32350106875,3577.32350106875,6193.30032585538,6190.15489511264,6126.66847911395,6192.93646646905,6191.72764364407
2023-11-24 20:00:00,6305.4375015127,3890.93600242247,3890.93600242247,6321.75726105356,6328.17338123567,6325.9102971441,6271.30597674548,6324.96525350398
2023-11-24 21:00:00,6772.20750177186,4362.49350314727,4362.49350314727,6727.06587142829,6749.22633278176,6764.44888764274,6864.49106894176,6738.1458684829
2023-11-24 22:00:00,6732.51150238456,4949.61250269215,4949.61250269215,6718.33593568893,6645.73367629898,6677.91109307965,6696.67649246916,6682.03557138841
2023-11-24 23:00:00,5999.32300199359,4462.87350037904,4462.87350037904,6003.63812391082,5995.83438897047,5954.12257320473,6077.25492987164,5999.73633870992
2023-11-25,5208.1295032195,4023.42650119867,3878.02149983821,5194.64250897745,5207.13797478429,5198.01191061078,5238.01378066522,5200.89011014998
2023-11-25 01:00:00,4548.79800033476,3609.41050378873,3469.25850314414,4546.77195746149,4541.8222964214,4533.2436434023,4542.19056304806,4544.29717912223
2023-11-25 02:00:00,3993.66350341984,3294.22500246519,3220.30500098492,3981.11489210237,4007.59077242554,3961.59966921694,4030.53234564726,3994.35255314741
2023-11-25 03:00:00,3612.07950249047,3084.05800014839,3020.51950285549,3612.3592095048,3613.43851982307,3623.19632866167,3654.47876700613,3612.89885328553
2023-11-25 04:00:00,3373.27500331705,3024.46650301048,2962.15199878078,3373.22798407693,3378.44677962937,3362.89034541001,3407.37285502071,3375.83732683507
2023-11-25 05:00:00,3305.57900332229,3007.75600211474,3052.51449986559,3308.10683928638,3295.74796149256,3266.68144979846,3323.5856932647,3301.92753068041
2023-11-25 06:00:00,3314.86850422446,2710.46800186485,3097.09550037631,3334.42338702243,3331.92522804453,3293.68298480511,3339.20563373469,3333.17433386981
2023-11-25 07:00:00,3488.98400195211,2681.48850309057,3443.8740002038,3514.50571495375,3461.97480974913,3432.92263249139,3554.61004333472,3488.24081614775
2023-11-25 08:00:00,3977.16500027268,3248.19900084962,3872.05250156566,4106.50955569815,4058.99908175983,3847.51125562836,4309.80642822209,4082.75481959843
2023-11-25 09:00:00,4481.87050337321,3972.53850250947,4077.65400033828,4440.95187736233,4474.54119456676,4389.50860859234,4559.15009234902,4457.74618185605
2023-11-25 10:00:00,5644.79250045994,4358.50400316529,4095.96650322096,5641.93896320152,5691.02855397974,5585.30160824927,5698.53546773664,5666.48324107368
2023-11-25 11:00:00,6113.75400547084,4338.97150042292,4033.91550249851,6128.39597091961,6110.39177674346,6004.40188653512,6185.20903023618,6119.39406363706
2023-11-25 12:00:00,6001.71999787341,4259.3395031034,4095.3290033791,6008.33275183098,6020.00008591335,5912.75164769545,6072.37608810559,6014.16629587169
2023-11-25 13:00:00,5730.07549696276,4322.5750025938,4440.8240003332,5714.7613432866,5705.47538818884,5703.64712913417,5779.2094942439,5710.118463633
2023-11-25 14:00:00,5881.95350121311,4387.26800414361,4630.41200199362,5859.29771446429,5863.92758908262,5839.74212484517,5915.74713620559,5861.61260296395
2023-11-25 15:00:00,6009.52500027756,3973.49150129128,4226.74000041885,5971.95868886986,6006.19476693894,5928.81864561172,6018.51307262476,5989.07636697756
2023-11-25 16:00:00,5331.8724998259,3647.46549946209,3912.88799958269,5347.27451912742,5318.4257564157,5312.03761562439,5374.61988226264,5332.85044190373
2023-11-25 17:00:00,4870.5085011794,3497.72500005004,3757.89100159879,4873.8469050843,4878.68990226086,4830.29632994322,4941.55717276774,4876.26835261628
2023-11-25 18:00:00,5208.52200241503,3426.77900193352,3635.64300122496,5182.0479925061,5143.02617506709,5158.561491302,5254.00134493625,5162.53749516612
2023-11-25 19:00:00,5910.99749896128,3477.07250109385,3577.32350106875,5889.186142889,5905.81313604843,5867.5307360762,5882.49287811271,5897.49946418205
2023-11-25 20:00:00,6076.29900031886,3745.54350259621,3890.93600242247,6073.90492441555,6121.56312585254,6093.70492836411,6153.01621866208,6097.73352270721
2023-11-25 21:00:00,6488.036997744,4258.97400144592,4362.49350314727,6458.4921694451,6446.5886476796,6435.07590042201,6539.57233096958,6452.54053405279
2023-11-25 22:00:00,6572.44349946536,4842.84700175363,4949.61250269215,6545.53564636695,6574.77805712973,6543.18488467831,6617.4973339665,6560.15654346621
2023-11-25 23:00:00,6085.18000099913,4521.1220019001,4462.87350037904,6094.83730800352,6084.40643473846,6022.23991094493,6155.23507305979,6089.62198133633
2023-11-26,5217.50749965524,3996.57750128047,3878.02149983821,5220.27210253439,5215.29995998666,5200.80410653982,5252.50310217255,5217.78608367832
2023-11-26 01:00:00,4565.9959991466,3550.27300327946,3469.25850314414,4545.43466149798,4553.7910525004,4535.43653870161,4577.93678402846,4549.61276890365
2023-11-26 02:00:00,4025.13200041524,3257.84999884665,3220.30500098492,4025.68679351758,4039.94762744879,4011.03667662655,4059.51020695471,4032.81706014126
2023-11-26 03:00:00,3638.09699998249,3081.54900307616,3020.51950285549,3655.79421014679,3644.44551689341,3641.81817890582,3692.32712066728,3650.11998316137
2023-11-26 04:00:00,3511.65800450416,3012.7995023214,2962.15199878078,3536.57242602087,3518.56902949539,3492.85178803668,3550.0996266836,3527.57091755525
2023-11-26 05:00:00,3432.43800366786,3023.2755045637,3052.51449986559,3455.77759550005,3424.4153193044,3392.65082377638,3465.50373013297,3440.0967880326
2023-11-26 06:00:00,3421.85200370115,2684.3255003409,3097.09550037631,3433.93087563379,3422.0444937154,3384.16580011352,3441.23440464683,3427.98780998434
2023-11-26 07:00:00,3560.65000342554,2568.47500065074,3443.8740002038,3582.31670292578,3583.16351087393,3560.71210082971,3605.03762477918,3582.74009797255
2023-11-26 08:00:00,3917.24700156727,3043.41049893526,3872.05250156566,3935.63298657185,3915.28085261517,3895.44315561693,3935.70758148112,3925.45713415172
2023-11-26 09:00:00,4223.35950018617,3696.55300188798,4077.65400033828,4215.60377904342,4240.84114186578,4227.16572952291,4221.10148145254,4228.22219439487
2023-11-26 10:00:00,5286.75650047744,4136.40199957031,4095.96650322096,5314.42601848036,5294.49965689902,5170.32513389847,5300.32571930541,5304.46304775927
2023-11-26 11:00:00,5880.81700032321,4203.11700091604,4033.91550249851,5841.19779941018,5913.38333825349,5849.44225919895,5906.30324269037,5877.28980783058
2023-11-26 12:00:00,5708.76900251099,4135.43500003801,4095.3290033791,5705.83365963463,5703.60360629659,5660.81886051677,5741.04664363663,5704.71865647549
2023-11-26 13:00:00,5448.79850468552,4305.12950276397,4440.8240003332,5422.17488028733,5475.94679276241,5423.59034086896,5531.51988636705,5449.06026964549
2023-11-26 14:00:00,5652.34049941826,4437.49050235003,4630.41200199362,5639.28221034745,5630.57615288909,5605.17653615135,5699.86732096928,5634.9292734001
2023-11-26 15:00:00,5794.00250526413,4158.15449999226,4226.74000041885,5786.56373993685,5773.2811538821,5741.82977109938,5806.84857646302,5779.92258693842
2023-11-26 16:00:00,5334.55399992282,3782.78049983922,3912.88799958269,5309.25921610114,5358.22957709707,5322.55170448348,5396.95142876771,5333.7438803391
2023-11-26 17:00:00,4887.40050032071,3715.63600158005,3757.89100159879,4897.61940914157,4895.99013693941,4868.23509311518,4950.16224272138,4896.80479021676
2023-11-26 18:00:00,5443.5425021816,3751.27450018923,3635.64300122496,5430.98467475622,5426.06373839096,5355.98122662726,5497.40393112773,5428.52425845155
2023-11-26 19:00:00,6707.85300104786,4028.33700247819,3577.32350106875,6709.18158799485,6714.88613551937,6557.56124210937,6736.45994805042,6712.03380161808
2023-11-26 20:00:00,7600.52899695328,4803.6940028799,3890.93600242247,7775.75398764146,7721.52504169661,7477.81300041076,7897.85427591864,7748.64008636659
2023-11-26 21:00:00,8338.65200112236,5320.9565022866,4362.49350314727,8260.8948845079,8208.64809154309,7979.38683323597,8269.30568275691,8234.77203882661
2023-11-26 22:00:00,7665.60299991712,5457.94950379978,4949.61250269215,7578.24367325909,7670.27500601449,7463.13477845833,7812.16825022935,7624.25836941531
2023-11-26 23:00:00,6286.22649948462,4571.14750221872,4462.87350037904,6291.00432085337,6270.63007687141,6205.87447214952,6257.90328030482,6280.81741365369
2023-11-27,4965.63900021662,3812.80499906244,3878.02149983821,4954.81090832414,4968.91486667321,4938.23991922987,5133.07228929491,4961.86273881058
2023-11-27 01:00:00,4202.4180019215,3397.92450404319,3469.25850314414,4205.24555073512,4230.73581524998,4160.34792916082,4243.8276499061,4217.99041426666
2023-11-27 02:00:00,3734.36550129158,3148.71050260798,3220.30500098492,3747.35096452997,3720.13362222118,3686.5938605792,3766.17368886286,3733.74258030883
2023-11-27 03:00:00,3534.00550087879,3025.0705038954,3020.51950285549,3549.51693676703,3546.24777495793,3522.13882214998,3568.91780808223,3547.88239032694
2023-11-27 04:00:00,3405.18600037985,2994.02500433777,2962.15199878078,3409.48974208835,3416.73406068553,3371.34133811878,3452.05826711887,3413.1118250152
2023-11-27 05:00:00,3389.76100165374,3067.71149801568,3052.51449986559,3390.80505229097,3376.99356805967,3361.07507577959,3422.64194378811,3383.89945578006
2023-11-27 06:00:00,3554.23400466563,3091.76900229475,3097.09550037631,3577.71383500348,3566.38913165137,3528.87182148396,3592.4591710383,3572.05160271579
2023-11-27 07:00:00,4374.62000469328,3508.67150374467,3443.8740002038,4407.57724872263,4358.8034987585,4281.45941405098,4452.05320328797,4383.19088792784
2023-11-27 08:00:00,5813.98150261014,3868.24000271223,3872.05250156566,5951.36257138934,5957.502684345,5439.33478110681,5769.70835708272,5954.43256313629
2023-11-27 09:00:00,5754.94000080868,4089.93500117643,4077.65400033828,5855.07772366474,5949.13260648312,5681.49894423356,5967.72853181442,5902.10417351959
2023-11-27 10:00:00,5723.15799911541,4179.94350156852,4095.96650322096,5737.06211312446,5759.13506259506,5700.11198090261,5786.15934002401,5748.09835516021
2023-11-27 11:00:00,5788.5575030194,4183.36300173879,4033.91550249851,5797.19324720188,5779.93166864536,5768.09059124191,5886.85980619817,5788.56263990028
2023-11-27 12:00:00,5696.69900511985,4281.9530013015,4095.3290033791,5669.8604901366,5683.94355315427,5666.36689558596,5726.96859664575,5676.90187317763
2023-11-27 13:00:00,5902.7545004104,4537.85950070084,4440.8240003332,5885.14637871547,5848.13682139878,5832.6945503082,5915.94463224396,5866.6419902228
2023-11-27 14:00:00,6233.8365047329,4727.99400077015,4630.41200199362,6283.24565280025,6230.04864301599,6151.82494175522,6143.69755580511,6256.6477087267
2023-11-27 15:00:00,6299.19899577799,4292.26650282752,4226.74000041885,6255.62182751991,6337.83226008431,6190.65678481459,6336.30905738053,6296.72617711546
2023-11-27 16:00:00,5991.8100036924,4068.67900109151,3912.88799958269,5916.79320232907,5983.25430530969,5926.6248666056,6172.13159635659,5950.02305316681
2023-11-27 17:00:00,5794.28300395573,3990.68950289523,3757.89100159879,5740.68713410565,5787.77665208514,5724.68567799064,5882.61632000074,5764.23139666379
2023-11-27 18:00:00,6341.81700071611,3911.65200090094,3635.64300122496,6379.06162982196,6385.51373517829,6201.38332117243,6428.95930223043,6382.28761448013
2023-11-27 19:00:00,7318.10250045301,4276.07100102503,3577.32350106875,7354.79735346922,7348.82283648737,7188.47877306964,7426.84139603462,7351.81015796342
2023-11-27 20:00:00,8167.77250634565,5180.72500242095,3890.93600242247,8194.80981632195,8169.53228715382,7976.09969235083,8179.97247551499,8182.17131822106
2023-11-27 21:00:00,8768.07150490442,5529.52000025532,4362.49350314727,8720.85885604397,8777.68532037502,8452.4408151967,8776.7895613596,8749.27148912813
2023-11-27 22:00:00,7967.84249913576,5493.65250209486,4949.61250269215,7919.36600406664,7925.85852114777,7753.1328763713,7949.42665185142,7922.61219416117
2023-11-27 23:00:00,6454.81950040278,4605.84550008271,4462.87350037904,6481.41042928038,6460.7035020647,6418.27995287247,6490.70351417151,6471.05718397108
2023-11-28,5090.86099778186,3974.0605006431,3878.02149983821,5109.06430148578,5073.27305297248,5065.18352000218,5203.13621783675,5091.16905455104
2023-11-28 01:00:00,4482.74000126426,3479.58400138607,3469.25850314414,4467.9668669067,4491.19678236267,4462.97651160276,4527.00380801992,4479.58157973806
2023-11-28 02:00:00,3992.94750473078,3224.16650517471,3220.30500098492,3995.92715258568,3997.75509404931,3959.54063326359,4020.97790033694,3996.84110404679
2023-11-28 03:00:00,3685.6900015499,3026.64450340311,3020.51950285549,3712.90591592755,3705.75709121251,3639.88711237031,3703.15974793279,3709.33157893505
2023-11-28 04:00:00,3516.97200127505,2979.62199939799,2962.15199878078,3503.5057136752,3529.53505435905,3479.74171532402,3528.03370032409,3516.52010960813
2023-11-28 05:00:00,3461.5215030635,3097.94800127589,3052.51449986559,3461.91411766421,3455.90014919666,3435.88436780841,3484.54833883473,3458.90719683146
2023-11-28 06:00:00,3598.94150345866,3119.46250026475,3097.09550037631,3614.03245589976,3624.21953874968,3567.36227279184,3624.21953874968,3619.12588992949
2023-11-28 07:00:00,4428.68600421271,3618.68900130154,3443.8740002038,4412.55108961992,4428.28825967604,4390.68953389544,4442.40229180798,4420.41950874208
2023-11-28 08:00:00,5903.66200207954,4014.44650246436,3872.05250156566,5924.47952433229,5894.16958597219,5837.54232373269,5965.07654518,5909.32487468856
2023-11-28 09:00:00,5768.24700590014,4140.52750166203,4077.65400033828,5791.22111673294,5783.52734460671,5749.62304855604,5789.95218018526,5787.37431177984
2023-11-28 10:00:00,5483.04949968925,4119.28100655158,4095.96650322096,5454.87123604737,5491.05225446627,5425.2822713134,5504.30370455594,5472.96136382585
2023-11-28 11:00:00,5407.21149933978,4057.63500284182,4033.91550249851,5395.02852637319,5372.63625776667,5362.12554374256,5400.180119525,5383.83262813584
2023-11-28 12:00:00,5305.7915023911,4194.73650531319,4095.3290033791,5319.86564578221,5299.04171732761,5193.59110881185,5310.7001204178,5309.45390108692
2023-11-28 13:00:00,5424.13249632274,4504.00250181463,4440.8240003332,5443.62973771599,5404.70456229131,5394.5581917056,5480.19492011144,5424.16756036434
2023-11-28 14:00:00,5643.22599996469,4613.98400094779,4630.41200199362,5666.04308701324,5635.72900012596,5572.131564171,5650.32650639573,5650.88636314965
2023-11-28 15:00:00,5647.05249769986,4291.65250235808,4226.74000041885,5661.27305013171,5665.09150106505,5686.96417800993,5731.5863679952,5663.18223534314
2023-11-28 16:00:00,5411.69850006909,4084.72900088842,3912.88799958269,5411.37995327379,5413.50146743505,5400.60251531491,5420.55963841037,5412.44068798879
2023-11-28 17:00:00,5320.46850326925,3944.50400155748,3757.89100159879,5298.21360899916,5291.85907028464,5219.38076946638,5400.67463497057,5295.03640663332
2023-11-28 18:00:00,5966.26999870222,3888.7250029943,3635.64300122496,5938.93168456415,5916.59359421461,5854.63341828824,5997.75628992645,5927.76287488412
2023-11-28 19:00:00,6863.89000412193,4166.51049937564,3577.32350106875,6883.96558337759,6937.57356253614,6859.47101677084,7010.01638899208,6910.76900780573
2023-11-28 20:00:00,7747.08649847156,5002.06400427909,3890.93600242247,7865.29376780829,7816.93102952749,7828.11520612165,7995.30903788112,7841.11290852215
2023-11-28 21:00:00,8488.14049749111,5483.76650129189,4362.49350314727,8493.43238918851,8478.10825955873,8353.01508656266,8753.92429207845,8485.77048592512
2023-11-28 22:00:00,7717.8685066459,5516.21550051367,4949.61250269215,7591.89696578737,7601.76938591645,7550.5650834175,7701.1295042591,7596.83307177394
2023-11-28 23:00:00,6409.57800026645,4583.18400226114,4462.87350037904,6378.0942669783,6355.70277909446,6308.42438299219,6395.7969385202,6366.89875909406
2023-11-29,5062.37200373248,3937.83000165178,3878.02149983821,5061.86607046172,5054.2327236385,5040.94894251783,5178.53315779518,5058.04947752311
2023-11-29 01:00:00,4408.83100457734,3524.4159997399,3469.25850314414,4409.54817720033,4396.51504992027,4395.96569680885,4440.97446400107,4403.03175095937
2023-11-29 02:00:00,3938.56400442286,3284.64199897763,3220.30500098492,3946.87462248695,3942.99773687118,3925.32553666434,3953.13236537697,3944.93622055034
2023-11-29 03:00:00,3621.9974984047,3089.69300293387,3020.51950285549,3630.53980146494,3622.94748339234,3605.2474089946,3654.82391078424,3626.7437224691
2023-11-29 04:00:00,3457.14000442834,3037.19650082325,2962.15199878078,3480.30981462472,3468.07007011374,3425.16348230801,3482.75379887234,3474.19007140423
2023-11-29 05:00:00,3410.8899986191,3120.3994991259,3052.51449986559,3424.17543144687,3427.59859313039,3395.90824235956,3434.46870671842,3425.88697620065
2023-11-29 06:00:00,3571.91000173579,3167.17199901131,3097.09550037631,3584.70507550702,3568.62502974108,3519.87160123724,3592.63052460958,3576.66522214464
2023-11-29 07:00:00,4376.42200176942,3586.44450181129,3443.8740002038,4385.09089756902,4370.17750818533,4316.19982233913,4384.34056522839,4377.63436009853
2023-11-29 08:00:00,5877.71250436897,3889.14750203351,3872.05250156566,5882.18015923403,5904.89499972724,5873.5726478848,5963.04567016964,5893.53734001408
2023-11-29 09:00:00,5699.16150145477,4103.82249803317,4077.65400033828,5703.21387800452,5689.98098049249,5669.28084364356,5736.03825034349,5696.59756875361
2023-11-29 10:00:00,5380.26149818103,4117.45250114182,4095.96650322096,5387.2182248237,5394.9183960975,5375.87091592301,5398.76893901677,5391.06822928312
2023-11-29 11:00:00,5297.77000562532,4014.28799769632,4033.91550249851,5294.36083842819,5302.02977688991,5280.44348777508,5328.48995044981,5298.19522681084
2023-11-29 12:00:00,5122.24400203914,4111.64700231131,4095.3290033791,5120.5165406721,5108.08416993545,5101.27222426991,5148.17485622196,5114.3004863695
2023-11-29 13:00:00,5226.97200321313,4453.63600384444,4440.8240003332,5221.11453522177,5257.64601223862,5182.60497776067,5291.71773758648,5239.37988860458
2023-11-29 14:00:00,5441.60199967207,4629.46149996202,4630.41200199362,5463.59640395746,5451.04700390176,5420.59066091221,5452.59146734757,5457.32183622909
2023-11-29 15:00:00,5439.76449963392,4288.95700080122,4226.74000041885,5449.31866834043,5440.10789385965,5436.20194571798,5480.6131180497,5444.71337820274
2023-11-29 16:00:00,5229.15350107185,4109.54250011093,3912.88799958269,5240.70430865687,5218.98250121437,5206.19435546755,5239.10309010469,5229.84363393332
2023-11-29 17:00:00,5034.07749867742,4042.09200018295,3757.89100159879,5030.32395670221,5036.36383675146,5006.53794926282,5065.74400373991,5033.34383305264
2023-11-29 18:00:00,5531.86050372722,3890.35600409959,3635.64300122496,5522.10603083946,5567.59444264434,5515.9348141694,5582.82486420565,5544.84975718963
2023-11-29 19:00:00,6309.31699836173,4128.75250369054,3577.32350106875,6332.84251541302,6367.04925278499,6326.04304239741,6360.68181409888,6349.94552348148
2023-11-29 20:00:00,6928.34950371226,4866.06450009916,3890.93600242247,6948.40332945866,6989.6196948189,6875.06022075312,7205.9839237619,6969.01107762369
2023-11-29 21:00:00,7554.44600116054,5215.71400297561,4362.49350314727,7603.96797295911,7556.22776815627,7370.80186934091,7565.75439178246,7580.09837384902
2023-11-29 22:00:00,6997.20150074677,5440.81550056499,4949.61250269215,7104.421856123,7048.23165259143,7018.39923806015,7197.9743252266,7076.32734673093
2023-11-29 23:00:00,5977.21649997658,4616.35249849106,4462.87350037904,5963.50561194889,5932.97661277762,5903.77990953584,6035.89211221282,5948.24143420897
2023-11-30,4910.51950085489,3985.94000082661,3878.02149983821,4903.57591544006,4895.94343582488,4876.87532210948,4918.86634753363,4899.75975609632
2023-11-30 01:00:00,4363.90849973296,3533.07100122375,3469.25850314414,4364.23018643183,4365.54439344496,4343.01990076226,4396.08311002762,4364.88727608363
2023-11-30 02:00:00,3773.66800503014,3257.75550389697,3220.30500098492,3796.056482028,3779.60537227042,3746.83035930693,3802.86700201896,3787.83110058167
2023-11-30 03:00:00,3538.78000055521,3068.56349791156,3020.51950285549,3527.14068595939,3534.35986436377,3495.08160508445,3542.34941292509,3530.75019905487
2023-11-30 04:00:00,3307.06300150685,3005.89000203146,2962.15199878078,3313.19288553983,3313.25935779079,3268.26491570304,3332.2589898998,3313.22612096454
2023-11-30 05:00:00,3281.02000454289,3080.66700125381,3052.51449986559,3286.09052297521,3283.27725697781,3255.92302036179,3314.53653632057,3284.68391963479
2023-11-30 06:00:00,3371.99900109088,3127.032999933,3097.09550037631,3363.06029518134,3370.28661726338,3338.75651289784,3384.81798875847,3366.67338004034
2023-11-30 07:00:00,3933.58600566955,3536.91050184076,3443.8740002038,3931.64775968543,3955.7578209317,3764.31315223779,3945.08204172637,3943.70253613318
2023-11-30 08:00:00,4814.29150432628,3965.535000748,3872.05250156566,4765.2884065122,4827.127421203,4541.94793697428,5028.89434914981,4796.20726193245
2023-11-30 09:00:00,4993.45250345417,4109.49650311226,4077.65400033828,5011.10171469741,5000.65791391733,5024.99599631639,5027.12940664486,5005.879924409
2023-11-30 10:00:00,5556.33100138098,4106.71250284731,4095.96650322096,5520.92789454484,5559.57586629559,5502.24598464441,5588.02996062887,5540.25147298189
2023-11-30 11:00:00,5871.04800266225,4050.99200042791,4033.91550249851,5838.74277671415,5874.32342134859,5798.35827526646,5977.29343010901,5856.53272392971
2023-11-30 12:00:00,5730.22000125604,4204.54800402035,4095.3290033791,5694.53283001806,5744.40443902443,5699.00293995731,5781.82849513226,5719.46810876002
2023-11-30 13:00:00,5497.89050154842,4558.02100177261,4440.8240003332,5536.12852437971,5510.97558288647,5461.41420675256,5545.66237809529,5523.55231880282
2023-11-30 14:00:00,6213.90100555529,4610.15600136656,4630.41200199362,6192.57635476409,6186.31825986013,6083.80870402638,6209.14280624232,6189.44737328679
2023-11-30 15:00:00,6444.06350250338,4323.3590012677,4226.74000041885,6594.66812058688,6567.30082876508,6401.30192168785,6652.00572586603,6580.98476319005
2023-11-30 16:00:00,5871.09650100477,4013.83449905342,3912.88799958269,5865.86323348566,5828.87927542155,5817.90899285338,6030.16638641653,5847.37164434941
2023-11-30 17:00:00,5667.79899867729,3982.3855019355,3757.89100159879,5645.79629170494,5669.14024775525,5632.23056823197,5662.90346323875,5657.46802363122
2023-11-30 18:00:00,6059.18800428673,3920.20749899792,3635.64300122496,6085.4517939872,6055.29630614083,5986.43396525323,5982.46678704284,6070.37436797207
2023-11-30 19:00:00,6574.91700105893,4119.91100104165,3577.32350106875,6600.47014611239,6624.10918416737,6542.32368044544,6705.05561353522,6612.28941593016
2023-11-30 20:00:00,7365.1405013426,4719.11000241095,3890.93600242247,7407.79326902542,7367.49836964402,7316.47604077112,7323.17147295101,7387.64624413544
2023-11-30 21:00:00,8294.96650181524,5144.51949917001,4362.49350314727,8296.62944268463,8280.92376181896,8082.7260078993,8351.17491004059,8288.77676782572
2023-11-30 22:00:00,7389.93200147455,5334.03500121133,4949.61250269215,7386.04789492746,7340.34642998947,7321.62797840852,7509.46183193311,7363.1976442568
2023-11-30 23:00:00,6094.3459989283,4501.58650224423,4462.87350037904,6116.25580392196,6108.54449206037,6102.86627958727,6124.36061281047,6112.40022928609
2023-12-01,4894.68249906925,3878.02149983821,3878.02149983821,4896.94380583035,4901.26088225672,4871.27299694112,4924.82403661509,4899.10229853164
2023-12-01 01:00:00,4380.04150035628,3469.25850314414,3469.25850314414,4369.3046328772,4374.64861795255,4366.90215366044,4393.66838342083,4371.976569077
2023-12-01 02:00:00,3925.61150437116,3220.30500098492,3220.30500098492,3920.79128916479,3925.06343490547,3885.89006187763,3934.41254830266,3922.92731699691
2023-12-01 03:00:00,3679.85200366518,3020.51950285549,3020.51950285549,3694.61679986751,3676.70043294679,3631.88896970583,3712.01585320285,3685.65880528678
2023-12-01 04:00:00,3532.31400037312,2962.15199878078,2962.15199878078,3516.81665678802,3520.516351109,3518.97183525427,3581.60518488051,3518.66646494524
2023-12-01 05:00:00,3430.10250749008,3052.51449986559,3052.51449986559,3437.34593318045,3425.61441926873,3424.92823440828,3460.5616067266,3431.48029990167
2023-12-01 06:00:00,3605.93350123987,3097.09550037631,3097.09550037631,3622.0343084,3603.7172961341,3608.13059840977,3619.62772579312,3612.8759953704
2023-12-01 07:00:00,4355.41750271188,3443.8740002038,3443.8740002038,4365.44174992494,4345.51871565087,4318.2012465775,4379.74257206113,4355.48044282241
2023-12-01 08:00:00,5812.49950033578,3872.05250156566,3872.05250156566,5838.36093839256,5857.65534043689,5807.43571851769,6021.41854503701,5848.00793600745
2023-12-01 09:00:00,5731.87450210669,4077.65400033828,4077.65400033828,5775.34006590979,5761.5581142461,5738.50632205329,5713.70980754604,5768.44923537135
2023-12-01 10:00:00,5465.20350050961,4095.96650322096,4095.96650322096,5455.43928738501,5475.05891674458,5440.64239173034,5485.52933452565,5465.24889522887
2023-12-01 11:00:00,5519.46049964894,4033.91550249851,4033.91550249851,5500.09469349875,5504.1987002224,5449.90843729669,5564.45143966352,5502.14665359492
2023-12-01 12:00:00,5305.60999733227,4095.3290033791,4095.3290033791,5311.75092882145,5324.19688543159,5243.38757115162,5336.88283826602,5317.97377591757
2023-12-01 13:00:00,5209.86100043182,4440.8240003332,4440.8240003332,5230.05164942711,5209.77107991039,5148.03244975268,5198.35403519212,5219.9115784725
2023-12-01 14:00:00,5381.87250281661,4630.41200199362,4630.41200199362,5370.78603498585,5369.1423494797,5275.107201813,5358.76114325632,5369.96420956099
2023-12-01 15:00:00,5480.15100288339,4226.74000041885,4226.74000041885,5412.94283801485,5351.69664484455,5361.33282769501,5469.28079625697,5382.32038710515
2023-12-01 16:00:00,5184.31599970884,3912.88799958269,3912.88799958269,5208.69123069685,5171.78514090846,5138.10318374958,5194.39866512142,5190.23857487755
2023-12-01 17:00:00,4946.154502369,3757.89100159879,3757.89100159879,4957.81084683958,4926.75984122316,4897.59692649,4967.11885248894,4942.28567138024
2023-12-01 18:00:00,5456.28600099985,3635.64300122496,3635.64300122496,5488.56086662863,5498.67829463067,5434.91613845542,5477.20573429235,5493.61947396873
2023-12-01 19:00:00,6226.19100058696,3577.32350106875,3577.32350106875,6253.16127445733,6240.03390976441,6218.91068379004,6265.2733069528,6246.59773050342
2023-12-01 20:00:00,6438.1210020904,3890.93600242247,3890.93600242247,6497.81353778634,6461.47384306345,6354.62379477443,6449.02407180538,6479.64407352869
2023-12-01 21:00:00,6954.94949992897,4362.49350314727,4362.49350314727,6942.23377862573,6781.28380147617,6709.06032484274,6888.49000878657,6861.76048683312
2023-12-01 22:00:00,6867.0654979432,4949.61250269215,4949.61250269215,6854.89263041714,6798.08928107973,6787.78087364493,6868.02759844295,6826.49155458612
2023-12-01 23:00:00,6128.08799720672,4462.87350037904,4462.87350037904,6118.2630776877,6094.55359252445,6045.531644138,6128.53878050013,6106.40858505847
2023-12-02,5300.56649711111,4023.42650119867,3878.02149983821,5303.33348599367,5298.35434804638,5304.7513364687,5363.55272795245,5300.84396951157
2023-12-02 01:00:00,4748.8830028089,3609.41050378873,3469.25850314414,4748.47588743396,4746.18569282103,4741.25805604807,4761.55797052882,4747.3308142714
2023-12-02 02:00:00,4194.75799996732,3294.22500246519,3220.30500098492,4195.87064191844,4205.45534134382,4171.89659090488,4229.4284511674,4200.6628905864
2023-12-02 03:00:00,3819.03250163281,3084.05800014839,3020.51950285549,3813.52218388398,3818.67277262865,3790.06846546284,3832.22949249268,3816.09742395729
2023-12-02 04:00:00,3556.85400199087,3024.46650301048,2962.15199878078,3549.91446646976,3565.84143118981,3527.95965902718,3607.10160651283,3557.87778092302
2023-12-02 05:00:00,3478.71950113971,3007.75600211474,3052.51449986559,3468.74503440647,3481.66755440172,3441.71700574378,3501.79630102763,3475.20615817107
2023-12-02 06:00:00,3489.18600429501,2710.46800186485,3097.09550037631,3470.25040696742,3503.97834443488,3476.73223604909,3518.71000626744,3487.11402013128
2023-12-02 07:00:00,3607.80500094022,2681.48850309057,3443.8740002038,3593.83151158857,3579.55237346068,3468.91049610823,3597.54842422068,3586.69209305951
2023-12-02 08:00:00,4047.9305063783,3248.19900084962,3872.05250156566,4207.54548391847,4176.04537879266,3998.93745692655,4414.88439711098,4191.79576343897
2023-12-02 09:00:00,4553.56350025104,3972.53850250947,4077.65400033828,4620.7842347856,4659.51082670343,4438.38690161129,4680.5411348592,4640.14712247735
2023-12-02 10:00:00,5735.41600063047,4358.50400316529,4095.96650322096,5738.03064086955,5699.79120668696,5664.18917072934,5766.20377095852,5718.91132690966
2023-12-02 11:00:00,6295.54349929141,4338.97150042292,4033.91550249851,6281.2948272326,6316.95642830252,6234.76274144886,6316.05270202692,6299.12525181243
2023-12-02 12:00:00,6093.51199854416,4259.3395031034,4095.3290033791,6060.00928988701,6091.40366696466,6087.74435994919,6190.76307255979,6075.70614745704
2023-12-02 13:00:00,5951.7304996337,4322.5750025938,4440.8240003332,5954.03938366165,5990.8494705082,5972.62585170068,6106.33081724484,5972.44403902212
2023-12-02 14:00:00,6454.54500423145,4387.26800414361,4630.41200199362,6465.10435640816,6477.72166385369,6388.04185688883,6536.87201820126,6471.41287711555
2023-12-02 15:00:00,6645.3999999871,3973.49150129128,4226.74000041885,6619.33591873282,6598.77124750112,6536.52910216014,6744.36132355675,6609.0537999158
2023-12-02 16:00:00,5867.31000221777,3647.46549946209,3912.88799958269,5841.76458051799,5882.50971094494,5796.85412022482,6080.9543342406,5862.13671618427
2023-12-02 17:00:00,5317.56049838243,3497.72500005004,3757.89100159879,5295.46817347146,5333.5495353021,5306.95287515824,5326.34044521784,5314.50845292182
2023-12-02 18:00:00,5694.692000009,3426.77900193352,3635.64300122496,5702.99430401757,5697.16588616728,5650.57442998114,5767.46341631345,5700.08015653732
2023-12-02 19:00:00,6309.40450507135,3477.07250109385,3577.32350106875,6368.53974215099,6323.70230737214,6284.40768206585,6303.1435487956,6346.12149745104
2023-12-02 20:00:00,6519.43850018783,3745.54350259621,3890.93600242247,6536.67080001348,6516.44073735771,6467.71390624749,6545.77542101328,6526.55598195689
2023-12-02 21:00:00,6854.38100343919,4258.97400144592,4362.49350314727,6896.91836065401,6891.5787559117,6854.29119043891,7001.91068580697,6894.24861457455
2023-12-02 22:00:00,6814.02299922297,4842.84700175363,4949.61250269215,6821.42129220586,6815.95700734708,6830.14427182381,6907.28703667577,6818.68920738257
2023-12-02 23:00:00,6194.75100474618,4521.1220019001,4462.87350037904,6181.98794774337,6182.40144428878,6187.30965461129,6228.65233758931,6182.19469165687
2023-12-03,5387.07399819815,3996.57750128047,3878.02149983821,5374.29952527392,5386.4393953701,5359.06784002356,5422.5919873002,5380.36933233992
2023-12-03 01:00:00,4760.71050098806,3550.27300327946,3469.25850314414,4746.80596164427,4744.57878432932,4755.22619202718,4766.26573446546,4745.69239646636
2023-12-03 02:00:00,4173.29000559053,3257.84999884665,3220.30500098492,4185.33233577444,4189.95111425399,4148.33655986241,4216.90391975569,4187.64167632169
2023-12-03 03:00:00,3840.55350296805,3081.54900307616,3020.51950285549,3823.54348006491,3834.74540671414,3803.84659370306,3859.85931318263,3829.14432529551
2023-12-03 04:00:00,3614.6890058954,3012.7995023214,2962.15199878078,3616.18631009406,3617.51171686674,3599.75577612257,3632.29434969139,3616.84899950757
2023-12-03 05:00:00,3533.40349940874,3023.2755045637,3052.51449986559,3525.8443987107,3525.85686190278,3499.41865321963,3539.02921454135,3525.85063017535
2023-12-03 06:00:00,3577.43600183795,2684.3255003409,3097.09550037631,3584.49707580325,3590.45151610767,3541.03514740577,3631.36931793939,3587.47423318199
2023-12-03 07:00:00,3721.60200334247,2568.47500065074,3443.8740002038,3755.121386448,3757.15256824402,3680.58158469778,3749.5584736387,3756.13695593269
2023-12-03 08:00:00,4103.18950234901,3043.41049893526,3872.05250156566,4112.18033571136,4108.58115331234,4073.54476414719,4146.92411001112,4110.38078245549
2023-12-03 09:00:00,4478.8785041644,3696.55300188798,4077.65400033828,4437.24670251327,4464.16868109696,4439.58097382245,4477.64952938713,4450.70740798567
2023-12-03 10:00:00,5529.69300109218,4136.40199957031,4095.96650322096,5513.24266530877,5574.07185948986,5556.98331442485,5577.87999033311,5543.65662111999
2023-12-03 11:00:00,6124.09000240167,4203.11700091604,4033.91550249851,6131.47078848148,6099.8051485693,6064.49825871285,6181.1455212586,6115.63830235391
2023-12-03 12:00:00,5957.60650260549,4135.43500003801,4095.3290033791,5970.29294223138,5939.81672201238,5926.0595912012,6014.18617460238,5955.05515341119
2023-12-03 13:00:00,5545.2645038272,4305.12950276397,4440.8240003332,5551.69766402753,5491.01559118439,5459.79954256149,5571.23340958969,5521.35726733429
2023-12-03 14:00:00,5615.40450112364,4437.49050235003,4630.41200199362,5570.41028153946,5528.19686479132,5474.16596313402,5590.09309557266,5549.30401819169
2023-12-03 15:00:00,6021.61799641105,4158.15449999226,4226.74000041885,5991.25613145221,5982.67221659878,5978.22852379627,6027.61314181122,5986.96426451966
2023-12-03 16:00:00,5705.3545012098,3782.78049983922,3912.88799958269,5697.48613701716,5708.61635497121,5680.87034562159,5767.49092255606,5703.05112865615
2023-12-03 17:00:00,5392.47700101254,3715.63600158005,3757.89100159879,5386.9330480005,5386.81447239457,5349.46124031234,5407.76250887901,5386.8737614476
2023-12-03 18:00:00,5867.81100113329,3751.27450018923,3635.64300122496,5892.75373688751,5898.3989003574,5797.93795737186,5919.44987257591,5895.57625910948
2023-12-03 19:00:00,6812.88599600259,4028.33700247819,3577.32350106875,6808.98935873321,6773.7203567571,6757.60674086578,6916.27926507716,6791.35522956139
2023-12-03 20:00:00,7582.69600259431,4803.6940028799,3890.93600242247,7558.11393804867,7601.79838823536,7402.47088968217,7663.3938341156,7579.95570260764
2023-12-03 21:00:00,8238.36049557116,5320.9565022866,4362.49350314727,8177.17597876962,8181.33013325625,7999.61118803042,8288.31192650229,8179.25301221861
2023-12-03 22:00:00,7612.64749861497,5457.94950379978,4949.61250269215,7586.01875104446,7533.25757619141,7517.66741325284,7741.6053823105,7559.63871984182
2023-12-03 23:00:00,6422.58800066542,4571.14750221872,4462.87350037904,6475.42554339442,6461.00546479284,6457.5121875624,6499.06050844243,6468.21565611436
2023-12-04,5106.45249879966,3812.80499906244,3878.02149983821,5115.86149100236,5122.94708463254,5087.53968746252,5253.62549139183,5119.40421311903
2023-12-04 01:00:00,4371.89200510085,3397.92450404319,3469.25850314414,4360.54428893951,4351.52090735512,4326.27812806638,4419.76801026704,4356.03269327446
2023-12-04 02:00:00,3905.47800225322,3148.71050260798,3220.30500098492,3896.52400563402,3918.32594387115,3872.94887849175,3923.23669731307,3907.42474491011
2023-12-04 03:00:00,3610.27250173804,3025.0705038954,3020.51950285549,3614.51687010928,3606.29307296706,3538.28994009237,3620.57049012388,3610.40505823587
2023-12-04 04:00:00,3492.86100140284,2994.02500433777,2962.15199878078,3497.66214404444,3498.56750058004,3461.92196935012,3513.3937238571,3498.1148127677
2023-12-04 05:00:00,3427.92400078429,3067.71149801568,3052.51449986559,3433.66712039779,3437.27110120873,3402.36754778904,3470.59195895795,3435.46907280903
2023-12-04 06:00:00,3591.31850301672,3091.76900229475,3097.09550037631,3599.88322612363,3588.23959903458,3568.60120000265,3594.59482000636,3594.06153532966
2023-12-04 07:00:00,4279.25299677823,3508.67150374467,3443.8740002038,4246.25891601913,4227.48026008001,4219.04041169535,4290.38013660647,4236.86978601971
2023-12-04 08:00:00,5636.4420032599,3868.24000271223,3872.05250156566,5937.13578680035,5819.70725813664,5557.85266538128,5902.00633630916,5878.42276043471
2023-12-04 09:00:00,5591.15400038043,4089.93500117643,4077.65400033828,5515.32970953199,5499.37591082986,5539.67237400787,5711.41038210861,5507.35297837058
2023-12-04 10:00:00,5380.96500267682,4179.94350156852,4095.96650322096,5346.56620773838,5400.51494274183,5358.53624344699,5478.98232650313,5373.54000649661
2023-12-04 11:00:00,5360.87450466969,4183.36300173879,4033.91550249851,5351.71385755177,5431.37655541734,5359.81420880208,5458.56542768239,5391.54436665687
2023-12-04 12:00:00,5167.11299724272,4281.9530013015,4095.3290033791,5143.17142743312,5163.54348279465,5123.06436381628,5261.97075033036,5153.35724034567
2023-12-04 13:00:00,5312.22250293224,4537.85950070084,4440.8240003332,5313.60352685383,5290.70832806027,5274.72480738839,5369.86451075605,5302.156168825
2023-12-04 14:00:00,5653.24050164677,4727.99400077015,4630.41200199362,5641.46330663286,5626.93600235384,5587.85406962385,5667.59392304786,5634.19980764448
2023-12-04 15:00:00,5780.44700323086,4292.26650282752,4226.74000041885,5787.69162683202,5773.17652594101,5706.32986484164,5800.86975628645,5780.43422940899
2023-12-04 16:00:00,5528.83000255295,4068.67900109151,3912.88799958269,5537.54019688568,5534.95049393237,5454.08954670104,5567.52009438369,5536.24537271044
2023-12-04 17:00:00,5355.34150267416,3990.68950289523,3757.89100159879,5351.35765437552,5356.91622143356,5344.77910567906,5417.10690965765,5354.13687930449
2023-12-04 18:00:00,6013.27900272352,3911.65200090094,3635.64300122496,6010.5192602011,5997.51601862666,5938.98960136475,6037.87292387319,6004.01777649789
2023-12-04 19:00:00,6882.00149671524,4276.07100102503,3577.32350106875,6872.4587025996,6832.02075931934,6844.87028449923,6902.45294895323,6852.2401572682
2023-12-04 20:00:00,7799.58949930978,5180.72500242095,3890.93600242247,7800.50566396296,7810.42485977764,7683.90198101271,7882.46443696658,7805.46515729921
2023-12-04 21:00:00,8434.99849808856,5529.52000025532,4362.49350314727,8422.77716493337,8480.07346004941,8168.80766079667,8666.65229830133,8451.42470845693
2023-12-04 22:00:00,7740.53249932826,5493.65250209486,4949.61250269215,7698.67790917354,7684.38570321636,7611.12837164175,7740.03276625105,7691.53195686761
2023-12-04 23:00:00,6514.21950331482,4605.84550008271,4462.87350037904,6529.53789423844,6535.47552722729,6419.49832706282,6582.77863730616,6532.50664813659
2023-12-05,5178.55750412832,3974.0605006431,3878.02149983821,5194.30511902834,5193.32855619662,5178.57761427566,5316.3005941568,5193.8168479077
2023-12-05 01:00:00,4590.87449903123,3479.58400138607,3469.25850314414,4589.59329279253,4604.41041352465,4580.07265426302,4597.30953770527,4597.00169695213
2023-12-05 02:00:00,4067.41999803775,3224.16650517471,3220.30500098492,4052.50626813412,4069.31533687974,4060.19568036753,4105.1493660521,4060.91062530077
2023-12-05 03:00:00,3768.70450503519,3026.64450340311,3020.51950285549,3785.46508386145,3777.75261675792,3739.54605989666,3791.29791594954,3781.60893161679
2023-12-05 04:00:00,3657.41700501449,2979.62199939799,2962.15199878078,3655.32822640256,3662.64194079468,3603.5041634044,3700.68424951929,3658.98500649529
2023-12-05 05:00:00,3570.2839988725,3097.94800127589,3052.51449986559,3571.34502151103,3572.21833108976,3569.32637613127,3588.62299165914,3571.78166709371
2023-12-05 06:00:00,3696.82650034537,3119.46250026475,3097.09550037631,3724.63683329321,3700.15122751845,3667.65565134518,3732.7459113398,3712.39428854032
2023-12-05 07:00:00,4461.86800424673,3618.68900130154,3443.8740002038,4449.37916895142,4446.53159143893,4396.61989609911,4494.2866753784,4447.95541021518
2023-12-05 08:00:00,6016.64250468835,4014.44650246436,3872.05250156566,6003.71011005917,6031.47217919822,5933.85383518023,6087.2914558234,6017.59085195277
2023-12-05 09:00:00,5936.86450150283,4140.52750166203,4077.65400033828,5947.26993238033,5931.70345613219,5927.1167000615,6088.20891199944,5939.48685836265
2023-12-05 10:00:00,5585.92350138386,4119.28100655158,4095.96650322096,5565.4398274371,5590.6263291874,5554.11118256065,5655.29783368619,5578.03281278871
2023-12-05 11:00:00,5459.29499912367,4057.63500284182,4033.91550249851,5457.32079987575,5444.1101186433,5391.55399489292,5431.10716476119,5450.71559853043
2023-12-05 12:00:00,5246.90499688277,4194.73650531319,4095.3290033791,5267.77443478985,5240.63750169655,5203.44393609911,5263.64239604239,5254.20625432876
2023-12-05 13:00:00,5389.14650240313,4504.00250181463,4440.8240003332,5398.72165586365,5357.20237267159,5342.05739615651,5430.01419744185,5377.96245197616
2023-12-05 14:00:00,5737.23749779537,4613.98400094779,4630.41200199362,5728.81728451303,5722.90039270146,5694.30278522684,5732.45569014436,5725.85890098487
2023-12-05 15:00:00,5775.23799826374,4291.65250235808,4226.74000041885,5779.08632577292,5748.4714773574,5715.71029732249,5759.84374096639,5763.77922431593
2023-12-05 16:00:00,5641.33800243074,4084.72900088842,3912.88799958269,5631.10047363827,5652.01367950093,5625.68557948617,5666.44796849958,5641.55685609641
2023-12-05 17:00:00,5548.62650312693,3944.50400155748,3757.89100159879,5548.24686701439,5534.64429176037,5485.11076152414,5576.33195869004,5541.44572278974
2023-12-05 18:00:00,6185.21049884066,3888.7250029943,3635.64300122496,6159.09198183357,6149.53692873844,6150.27603989117,6233.93023287828,6154.31455601819
2023-12-05 19:00:00,6839.43150106526,4166.51049937564,3577.32350106875,6869.31634366127,6840.47785849291,6856.4489759583,7009.40128316046,6854.89740510091
2023-12-05 20:00:00,7185.47600016976,5002.06400427909,3890.93600242247,7287.02067768163,7221.64412413981,7154.31921489758,7327.47541955393,7254.33309012965
2023-12-05 21:00:00,7690.33500057738,5483.76650129189,4362.49350314727,7590.01092495639,7516.87871502182,7392.44471425221,7625.33391570435,7553.44559097045
2023-12-05 22:00:00,7406.91050134797,5516.21550051367,4949.61250269215,7506.27203096649,7489.21204462692,7395.99218702418,7632.59586370345,7497.74221764812
2023-12-05 23:00:00,6532.71500207111,4583.18400226114,4462.87350037904,6546.46684952089,6513.02310003517,6448.10145445306,6587.0181786192,6529.74532735191
2023-12-06,5423.65050531866,3937.83000165178,3878.02149983821,5438.86292610637,5433.05018508721,5407.74703430748,5587.40637204322,5435.95661687642
2023-12-06 01:00:00,4874.69850261358,3524.4159997399,3469.25850314414,4887.98130546554,4895.39239630702,4826.6347689997,4891.13094017909,4891.68677275637
2023-12-06 02:00:00,4245.35800345941,3284.64199897763,3220.30500098492,4234.1395651441,4239.13839769741,4215.54453161793,4303.46765758666,4236.63892872158
2023-12-06 03:00:00,3880.38900384039,3089.69300293387,3020.51950285549,3878.13636551554,3896.52092659845,3860.02132468586,3895.31681578128,3887.32845224152
2023-12-06 04:00:00,3666.62050293828,3037.19650082325,2962.15199878078,3653.80321272714,3653.40519473095,3631.12337535581,3673.99377187991,3653.60420792507
2023-12-06 05:00:00,3580.51200283237,3120.3994991259,3052.51449986559,3584.27944409169,3580.09534887957,3562.0676473448,3601.05404257249,3582.1874405956
2023-12-06 06:00:00,3685.01900234132,3167.17199901131,3097.09550037631,3679.83218572691,3667.49471455244,3660.68586728403,3681.48051805547,3673.66358020494
2023-12-06 07:00:00,3938.01850063086,3586.44450181129,3443.8740002038,3919.84648286895,3907.53496089023,3841.87425010578,3946.73823110562,3913.69085167129
2023-12-06 08:00:00,4439.8270037137,3889.14750203351,3872.05250156566,4452.19205594094,4339.95946475883,4370.26088257489,4903.71595596264,4396.07694353899
2023-12-06 09:00:00,4816.77900142258,4103.82249803317,4077.65400033828,4918.92905602569,4894.10376633395,4864.38237663205,5085.83178516229,4906.51667289535
2023-12-06 10:00:00,5714.92250332423,4117.45250114182,4095.96650322096,5751.5661537615,5717.97872925907,5672.26662534096,5771.13390760617,5734.77279559883
2023-12-06 11:00:00,5992.80649901193,4014.28799769632,4033.91550249851,5970.23935045005,5967.95053264386,5899.50172004566,5986.97073513976,5969.09496567635
2023-12-06 12:00:00,5641.03499971033,4111.64700231131,4095.3290033791,5626.4196815567,5605.08564695633,5591.54894343653,5632.55291349294,5615.75288916621
2023-12-06 13:00:00,5299.07650376635,4453.63600384444,4440.8240003332,5316.48864793292,5314.11038501696,5304.17453252322,5325.63429588444,5315.29954154729
2023-12-06 14:00:00,5434.35500550974,4629.46149996202,4630.41200199362,5421.99506785334,5422.9799267024,5459.25795569564,5484.78638941227,5422.4874868952
2023-12-06 15:00:00,5599.37849948544,4288.95700080122,4226.74000041885,5580.64665378219,5582.10601518248,5543.24022018339,5631.77931585267,5581.37631909732
2023-12-06 16:00:00,5213.86000290106,4109.54250011093,3912.88799958269,5244.14757715315,5208.36990358191,5184.82507149779,5237.63407464646,5226.25911754633
2023-12-06 17:00:00,4886.23999867123,4042.09200018295,3757.89100159879,4867.49667322158,4857.04281366624,4855.37522330609,4917.14001281709,4862.26985365158
2023-12-06 18:00:00,5452.46199844405,3890.35600409959,3635.64300122496,5407.08826707625,5475.85799868289,5398.40332830725,5483.9493886984,5441.47240788876
2023-12-06 19:00:00,6312.33599971607,4128.75250369054,3577.32350106875,6371.11380780543,6364.93011275244,6316.62504699064,6360.86382587922,6368.02202546927
2023-12-06 20:00:00,6703.07749708707,4866.06450009916,3890.93600242247,6723.62744367992,6670.65380201,6703.15005720788,6769.87722552713,6697.14118130873
2023-12-06 21:00:00,7231.03899659344,5215.71400297561,4362.49350314727,7334.83894508681,7310.39332795184,7253.2327182402,7500.49969013665,7322.61639423224
2023-12-06 22:00:00,7084.94850184047,5440.81550056499,4949.61250269215,7087.48780125571,7026.28275960525,7013.70146778525,7149.59185321405,7056.8859256721
2023-12-06 23:00:00,6268.15400373109,4616.35249849106,4462.87350037904,6247.80631511962,6249.74307361266,6240.09938115904,6276.00339848671,6248.77467394826
2023-12-07,5325.5805001863,3985.94000082661,3878.02149983821,5288.58977692474,5339.77508334466,5334.55185176131,5391.16316079817,5314.18189052409
2023-12-07 01:00:00,4632.79900283448,3533.07100122375,3469.25850314414,4643.21994193964,4629.74738601517,4602.87783907583,4645.30089438861,4636.48380600906
2023-12-07 02:00:00,4150.47350277076,3257.75550389697,3220.30500098492,4155.72665419166,4125.77528903678,4127.81443326151,4202.09898157851,4140.75128737035
2023-12-07 03:00:00,3809.11750396923,3068.56349791156,3020.51950285549,3805.25173236628,3799.03450765749,3762.88066270155,3807.47327692653,3802.1431855557
2023-12-07 04:00:00,3621.58100643882,3005.89000203146,2962.15199878078,3605.36594287696,3615.06586872947,3616.82850679898,3639.0608176621,3610.21580354374
2023-12-07 05:00:00,3594.70950157556,3080.66700125381,3052.51449986559,3607.03564562556,3594.72169622281,3588.92083383389,3620.18713875209,3600.87880074148
2023-12-07 06:00:00,3661.8475010104,3127.032999933,3097.09550037631,3664.25913329872,3683.44418631233,3661.60788606982,3686.0171564565,3673.85145755103
2023-12-07 07:00:00,4041.82950079592,3536.91050184076,3443.8740002038,4053.86076852038,4038.8224897101,4027.17725928314,4080.65418105918,4046.34178765322
2023-12-07 08:00:00,4689.25550143479,3965.535000748,3872.05250156566,4676.86328264995,4672.45368989003,4641.35892606972,4731.19698110614,4674.65853275722
2023-12-07 09:00:00,4946.88750105991,4109.49650311226,4077.65400033828,4955.02610380647,4963.54770921234,4923.44312644407,4990.45586410613,4959.28681667212
2023-12-07 10:00:00,5623.8295001277,4106.71250284731,4095.96650322096,5596.71367517523,5579.0772165532,5551.05521196438,5630.02299903485,5587.89563179297
2023-12-07 11:00:00,5955.7119983735,4050.99200042791,4033.91550249851,5935.23141997779,5911.22909959969,5890.62874452396,5991.34091813472,5923.23051282829
2023-12-07 12:00:00,5815.2405056025,4204.54800402035,4095.3290033791,5809.59020750582,5841.57499690286,5802.12037033754,5906.87226807607,5825.58226501125
2023-12-07 13:00:00,5676.33800198627,4558.02100177261,4440.8240003332,5705.1501529088,5713.78065762083,5636.18594495867,5700.00324185821,5709.46531427948
2023-12-07 14:00:00,6140.41550444451,4610.15600136656,4630.41200199362,6117.15590130376,6128.95967697716,6016.21151007763,6137.29586885177,6123.05766470157
2023-12-07 15:00:00,6335.49649838411,4323.3590012677,4226.74000041885,6341.77824798216,6342.15603884827,6243.90385304269,6375.49638291172,6341.96713943243
2023-12-07 16:00:00,5819.27000271995,4013.83449905342,3912.88799958269,5809.06372561651,5817.63708134791,5791.57055221481,5962.16413296293,5813.35031309936
2023-12-07 17:00:00,5525.03500458959,3982.3855019355,3757.89100159879,5504.70136917326,5518.91354724211,5507.1290728193,5585.38684909748,5511.80730837871
2023-12-07 18:00:00,5975.00700023328,3920.20749899792,3635.64300122496,5946.10555045064,5968.1554638152,5872.7379452617,6015.72949873834,5957.13027467622
2023-12-07 19:00:00,6564.50249896385,4119.91100104165,3577.32350106875,6564.09086768836,6586.30825779044,6561.3839966422,6691.34513476694,6575.19932851711
2023-12-07 20:00:00,6700.15150295082,4719.11000241095,3890.93600242247,6745.62496680254,6702.60662529766,6688.68423742871,6825.30557400368,6724.11624956215
2023-12-07 21:00:00,7074.54850153287,5144.51949917001,4362.49350314727,7019.36764489203,7025.84045874575,7043.0302250373,7062.88211074929,7022.60398358058
2023-12-07 22:00:00,6918.85199976654,5334.03500121133,4949.61250269215,6862.89382840483,6899.14874977243,6979.33376978731,7068.24651440022,6881.02090687855
2023-12-07 23:00:00,6164.90099941229,4501.58650224423,4462.87350037904,6129.31691425254,6193.59217796647,6144.25428484719,6220.6964025683,6161.4538685007
2023-12-08,5277.94350226072,3878.02149983821,3878.02149983821,5257.07877356325,5255.25939701528,5261.47889563191,5294.49965689902,5256.16910446967
2023-12-08 01:00:00,4727.31449906854,3469.25850314414,3469.25850314414,4740.39485515342,4733.82877692959,4705.71787077313,4712.49166376939,4737.11188526304
2023-12-08 02:00:00,4192.92150317249,3220.30500098492,3220.30500098492,4194.78550553792,4200.94071720017,4172.3900885374,4212.92351750406,4197.86304647899
2023-12-08 03:00:00,3841.23099982901,3020.51950285549,3020.51950285549,3838.037456238,3841.26593307977,3845.64723221214,3865.4968887572,3839.65166062332
2023-12-08 04:00:00,3605.34799896809,2962.15199878078,2962.15199878078,3593.44266777616,3598.48200665353,3584.56521601527,3618.86816754904,3595.96228408865
2023-12-08 05:00:00,3516.57699867373,3052.51449986559,3052.51449986559,3516.43187672129,3514.61726606359,3520.99327331833,3535.76272069311,3515.5245905226
2023-12-08 06:00:00,3538.12400022056,3097.09550037631,3097.09550037631,3537.50762024197,3530.26913243597,3532.8497182967,3543.7385368942,3533.88845264925
2023-12-08 07:00:00,3695.30050496303,3443.8740002038,3443.8740002038,3686.95064968503,3674.52653206336,3623.11683456551,3733.13049512352,3680.73872185291
2023-12-08 08:00:00,4002.28250217147,3872.05250156566,3872.05250156566,3986.53398781208,4007.54107516277,3888.79359153007,4237.90928770523,3997.03731002451
2023-12-08 09:00:00,4314.14799992321,4077.65400033828,4077.65400033828,4278.25148509175,4283.2772115884,4216.99241583007,4415.55404705048,4280.76429535738
2023-12-08 10:00:00,5235.85700140125,4095.96650322096,4095.96650322096,5238.17457457921,5265.88212872139,5208.05692632033,5291.91459487719,5252.02805954909
2023-12-08 11:00:00,5691.86650173709,4033.91550249851,4033.91550249851,5660.29941130272,5673.05660584265,5643.76587608622,5710.50067544807,5666.67787408257
2023-12-08 12:00:00,5618.68300458323,4095.3290033791,4095.3290033791,5629.79626545469,5640.21403697455,5581.88239213892,5668.3129656419,5635.0050413874
2023-12-08 13:00:00,5504.38850463438,4440.8240003332,4440.8240003332,5506.11922867446,5532.98159295386,5481.26661620585,5559.92587388427,5519.55012762319
2023-12-08 14:00:00,5671.79550259566,4630.41200199362,4630.41200199362,5677.75792035455,5665.89669555665,5629.24437937959,5666.82632409812,5671.82743300014
2023-12-08 15:00:00,5647.40849828476,4226.74000041885,4226.74000041885,5657.76400339351,5586.62298757077,5668.37243941369,5675.22149955903,5622.19424547173
2023-12-08 16:00:00,5109.16299720667,3912.88799958269,3912.88799958269,5172.92448892297,5118.28741044858,5072.03920601561,5163.94737256979,5145.60652568599
2023-12-08 17:00:00,4762.24900099123,3757.89100159879,3757.89100159879,4717.61102070747,4742.92717794063,4741.92744360397,4830.20878855507,4730.26883243365
2023-12-08 18:00:00,5185.15350070363,3635.64300122496,3635.64300122496,5178.11789080323,5211.03345494993,5208.71767814973,5301.33696337838,5194.57532587098
2023-12-08 19:00:00,5939.75849855214,3577.32350106875,3577.32350106875,5899.40157242222,5970.01724419348,5931.90148477909,6026.77379755276,5934.70866385659
2023-12-08 20:00:00,6263.23800637631,3890.93600242247,3890.93600242247,6216.99267918897,6305.38044668241,6285.94239276072,6414.84036554343,6261.18563112575
2023-12-08 21:00:00,6661.37249853206,4362.49350314727,4362.49350314727,6605.64004968736,6650.92719717952,6606.63087613298,6762.15880295441,6628.28314600296
2023-12-08 22:00:00,6581.78800049017,4949.61250269215,4949.61250269215,6508.40629630652,6531.90461074975,6532.27843724524,6706.20688308719,6520.15520580196
2023-12-08 23:00:00,6019.99000325555,4462.87350037904,4462.87350037904,6010.22258824355,5987.03355178212,5966.11215935522,6052.12048527397,5998.6283144785
2023-12-09,5233.30149575102,4023.42650119867,3878.02149983821,5220.35534387856,5206.56185003108,5226.23075639608,5238.80825464728,5213.4587423699
2023-12-09 01:00:00,4662.97400311485,3609.41050378873,3469.25850314414,4655.8609307438,4655.46798660982,4634.94820100652,4689.46109430941,4655.66446281934
2023-12-09 02:00:00,4154.3760020989,3294.22500246519,3220.30500098492,4159.23866125239,4154.3874403073,4131.119354926,4163.94500792845,4156.81310192285
2023-12-09 03:00:00,3780.61400288204,3084.05800014839,3020.51950285549,3779.69484287409,3792.31432154436,3776.75452388444,3785.03910555478,3786.00444917095
2023-12-09 04:00:00,3578.04600165319,3024.46650301048,2962.15199878078,3564.34751617687,3583.2387104059,3556.85552389555,3591.00984673882,3573.79291413484
2023-12-09 05:00:00,3469.4475027608,3007.75600211474,3052.51449986559,3466.29824080282,3476.11871474851,3433.04052889269,3481.20259915763,3471.20837424533
2023-12-09 06:00:00,3465.1405052382,2710.46800186485,3097.09550037631,3472.04333573182,3456.43096780573,3451.23509200728,3483.07276065921,3464.23731635897
2023-12-09 07:00:00,3582.51450399298,2681.48850309057,3443.8740002038,3582.44471477917,3571.87417132347,3573.52712235689,3588.77362139458,3577.15955448911
2023-12-09 08:00:00,3921.31050444755,3248.19900084962,3872.05250156566,3924.59564002757,3930.64998692361,3878.64996609231,3930.48126243146,3927.62274964888
2023-12-09 09:00:00,4241.34900066443,3972.53850250947,4077.65400033828,4250.76987653136,4248.59503655821,4236.36127802802,4257.29703914958,4249.68247947259
2023-12-09 10:00:00,4935.94250475871,4358.50400316529,4095.96650322096,4951.79162081785,4926.64705504195,4893.70697396388,5009.68125409695,4939.21960301134
2023-12-09 11:00:00,5277.13700367871,4338.97150042292,4033.91550249851,5324.73383208691,5290.61244416885,5243.02247890588,5405.68931076164,5307.67349784562
2023-12-09 12:00:00,5087.26549968222,4259.3395031034,4095.3290033791,5058.36810057797,5096.71976842922,5104.19260330273,5181.54224046547,5077.54353018899
2023-12-09 13:00:00,4853.8890008044,4322.5750025938,4440.8240003332,4859.92874755435,4853.8424717314,4832.28717276917,4877.77322229209,4856.88567380619
2023-12-09 14:00:00,5134.97200307116,4387.26800414361,4630.41200199362,5070.27225594184,5062.24199741978,5029.87780589744,5258.26791342902,5066.25721133817
2023-12-09 15:00:00,5351.83649788226,3973.49150129128,4226.74000041885,5349.33427263157,5332.49145628876,5337.49374543376,5486.99459154137,5340.91304202211
2023-12-09 16:00:00,4885.91000262753,3647.46549946209,3912.88799958269,4866.62273496618,4896.91023971142,4874.14541839951,4930.65254572537,4881.76616803898
2023-12-09 17:00:00,4620.75399781112,3497.72500005004,3757.89100159879,4610.54387952068,4619.41172280453,4640.50896258131,4661.21786929226,4614.97770767518
2023-12-09 18:00:00,5098.77050343715,3426.77900193352,3635.64300122496,5113.3328752252,5103.69115275169,5045.49490713683,5168.39717523071,5108.51211563433
2023-12-09 19:00:00,5885.96149589063,3477.07250109385,3577.32350106875,5901.63454725575,5873.48861205006,5834.107836418,5905.86946807684,5887.56187637566
2023-12-09 20:00:00,6043.1995030765,3745.54350259621,3890.93600242247,6033.89693487898,6021.80336686576,6011.21538665662,6071.03248746146,6027.85027836634
2023-12-09 21:00:00,6493.8404989969,4258.97400144592,4362.49350314727,6481.7941806808,6506.82621748309,6495.64578933514,6594.34173586279,6494.30993518682
2023-12-09 22:00:00,6523.37249918608,4842.84700175363,4949.61250269215,6553.35094782125,6568.97980062287,6534.84595699638,6608.65397622514,6561.16520945808
2023-12-09 23:00:00,5875.15399932722,4521.1220019001,4462.87350037904,5913.97263834816,5864.90648615751,5845.89482622402,5881.16884620887,5889.4400795227
2023-12-10,5132.87499868893,3996.57750128047,3878.02149983821,5126.36677016955,5137.41708525242,5153.09274967473,5127.83599220804,5131.8918112153
2023-12-10 01:00:00,4476.30450135062,3550.27300327946,3469.25850314414,4471.10666852022,4492.09653192288,4453.84569772113,4493.39505960866,4481.60137894021
2023-12-10 02:00:00,3935.4200004224,3257.84999884665,3220.30500098492,3936.28320055496,3938.57318300077,3941.73038602845,3967.0603469616,3937.4281676362
2023-12-10 03:00:00,3591.50500053051,3081.54900307616,3020.51950285549,3586.66695070993,3594.58796196004,3558.49813211295,3604.56307601244,3590.62737282935
2023-12-10 04:00:00,3373.73900084721,3012.7995023214,2962.15199878078,3372.47668188786,3379.94253224508,3368.30990468263,3386.34886541128,3376.20952835927
2023-12-10 05:00:00,3311.80149760901,3023.2755045637,3052.51449986559,3284.31232610239,3295.62220293689,3264.55370729122,3325.8597707812,3289.96714528758
2023-12-10 06:00:00,3336.94450300152,2684.3255003409,3097.09550037631,3324.9546189285,3338.41254629086,3304.83411253783,3343.87879627992,3331.68344073224
2023-12-10 07:00:00,3435.74600233813,2568.47500065074,3443.8740002038,3432.29081262574,3427.94847598855,3396.92237102844,3435.85814656164,3430.11969008534
2023-12-10 08:00:00,3691.25200261292,3043.41049893526,3872.05250156566,3684.55653793091,3692.03830900035,3660.70681967857,3727.31611672069,3688.29734459059
2023-12-10 09:00:00,3937.05600203027,3696.55300188798,4077.65400033828,3934.50768833646,3962.3139701707,3904.50197818369,3969.91468795281,3948.41053611155
2023-12-10 10:00:00,4761.97099977673,4136.40199957031,4095.96650322096,4751.72389777915,4768.19835412401,4734.6145364419,4782.53323483146,4759.960952273
2023-12-10 11:00:00,5459.48000075546,4203.11700091604,4033.91550249851,5463.10725756664,5427.67878186007,5379.13830649077,5458.2061808368,5445.3933932108
2023-12-10 12:00:00,5406.42550391855,4135.43500003801,4095.3290033791,5405.53182748224,5352.78916839844,5381.86863770734,5423.3265093683,5379.16105396902
2023-12-10 13:00:00,5233.62900014123,4305.12950276397,4440.8240003332,5223.40435616536,5254.39727307615,5239.28299785536,5250.8800704987,5238.90048788428
2023-12-10 14:00:00,5516.78949993791,4437.49050235003,4630.41200199362,5549.61463535699,5520.59834823847,5472.813755124,5494.40011949927,5535.10679769599
2023-12-10 15:00:00,5849.61899927119,4158.15449999226,4226.74000041885,5868.56277088836,5835.10958504218,5735.9999516091,5897.63942504434,5851.83653063863
2023-12-10 16:00:00,5441.34000117087,3782.78049983922,3912.88799958269,5425.86057828939,5431.63041653066,5406.17401723602,5466.3444888803,5428.74543658269
2023-12-10 17:00:00,5014.73600132542,3715.63600158005,3757.89100159879,4985.73342414772,5015.74891506362,5018.07943203005,5032.31088827227,5000.74085317351
2023-12-10 18:00:00,5477.25800070702,3751.27450018923,3635.64300122496,5493.35665933645,5486.62300719784,5429.75523267849,5501.82088841091,5489.98990425529
2023-12-10 19:00:00,6637.83199276077,4028.33700247819,3577.32350106875,6613.75530403516,6601.73010576802,6492.1275936578,6562.49182288205,6607.74283167478
2023-12-10 20:00:00,7420.06799824827,4803.6940028799,3890.93600242247,7340.84856933929,7368.37681545813,7150.96949173655,7399.24494419563,7354.61240218781
2023-12-10 21:00:00,8172.18800374819,5320.9565022866,4362.49350314727,8054.30355914999,8105.44617575474,7889.01555976894,8231.21970659722,8079.8743282918
2023-12-10 22:00:00,7442.66900359525,5457.94950379978,4949.61250269215,7423.50293857118,7395.63947936008,7236.92418368897,7635.96723144321,7409.57150271044
2023-12-10 23:00:00,6074.80999962799,4571.14750221872,4462.87350037904,6073.53006965699,6054.82271445116,6033.92921632509,6128.75507091325,6064.17658927254
2023-12-11,4839.36650311144,3812.80499906244,3878.02149983821,4840.23023680355,4827.78129895538,4797.20405239096,4853.18506496827,4834.00589911984
2023-12-11 01:00:00,4183.831499903,3397.92450404319,3469.25850314414,4188.76378296941,4190.73855830222,4182.04890158071,4229.81577618974,4189.75114981715
2023-12-11 02:00:00,3674.83050075138,3148.71050260798,3220.30500098492,3665.65338816964,3679.74605443074,3661.11192287246,3709.24074062234,3672.69957273114
2023-12-11 03:00:00,3385.00750338868,3025.0705038954,3020.51950285549,3405.61411310497,3405.49784534335,3399.00017378929,3408.27010493205,3405.55598044989
2023-12-11 04:00:00,3273.84650488175,2994.02500433777,2962.15199878078,3295.47853697089,3278.28217849201,3264.47273715289,3298.50013050348,3286.88053902054
2023-12-11 05:00:00,3245.05950201245,3067.71149801568,3052.51449986559,3249.50262206914,3234.25929583405,3221.23133896358,3264.49142239123,3241.88111965124
2023-12-11 06:00:00,3400.14600114594,3091.76900229475,3097.09550037631,3408.62793861028,3382.31001021684,3364.60388350385,3405.11452155068,3395.46925186493
2023-12-11 07:00:00,4169.62750288856,3508.67150374467,3443.8740002038,4177.15511060826,4210.68167352439,4131.12723632572,4258.02402530358,4193.9180386194
2023-12-11 08:00:00,5617.78850599925,3868.24000271223,3872.05250156566,5494.99103223083,5547.44000526247,5360.88282169802,5682.72924789754,5521.21496581409
2023-12-11 09:00:00,5601.56949911045,4089.93500117643,4077.65400033828,5669.32880645222,5619.45371144866,5454.36007710624,5765.52180705223,5644.39178474842
2023-12-11 10:00:00,5064.69999871776,4179.94350156852,4095.96650322096,5069.36087273547,5071.16359866665,5088.1657384108,5086.32177802361,5070.26221669619
2023-12-11 11:00:00,4953.51450300985,4183.36300173879,4033.91550249851,4974.6146238696,4940.98214826031,4910.53112885382,4973.31998064152,4957.79874062844
2023-12-11 12:00:00,4858.28799967904,4281.9530013015,4095.3290033791,4882.59185080783,4874.03848564987,4778.61613924043,4894.44456663264,4878.31525840095
2023-12-11 13:00:00,4956.90499860141,4537.85950070084,4440.8240003332,4968.68150208427,4965.83502924344,4919.44349125463,4979.4291040926,4967.25829567221
2023-12-11 14:00:00,5192.99849843048,4727.99400077015,4630.41200199362,5171.91616170468,5195.37979196792,5171.60755047302,5223.37508832815,5183.64772947579
2023-12-11 15:00:00,5275.8745023724,4292.26650282752,4226.74000041885,5240.73399931373,5270.1080738533,5208.65308968882,5280.29742326168,5255.42072691335
2023-12-11 16:00:00,4910.67700054951,4068.67900109151,3912.88799958269,4912.925368234,4913.94695290142,4892.57279200068,4970.08096477354,4913.43614979786
2023-12-11 17:00:00,4638.36500152491,3990.68950289523,3757.89100159879,4636.35106894203,4633.14912799439,4650.92731066749,4660.8088333921,4634.75013222402
2023-12-11 18:00:00,5250.2630004274,3911.65200090094,3635.64300122496,5216.58041057338,5234.00826972709,5209.13503827799,5257.06931476443,5225.2941564206
2023-12-11 19:00:00,6283.51650079084,4276.07100102503,3577.32350106875,6287.51706073146,6247.07303847309,6200.25956278892,6283.77831923042,6267.2954759751
2023-12-11 20:00:00,7238.94150182407,5180.72500242095,3890.93600242247,7174.85483918255,7165.33454567023,7170.43478421705,7234.61217452665,7170.09479279213
2023-12-11 21:00:00,8022.6360040094,5529.52000025532,4362.49350314727,7912.84037365654,7996.34622408059,7772.25749349219,8192.39485282547,7954.59241852524
2023-12-11 22:00:00,7398.44899814425,5493.65250209486,4949.61250269215,7308.82566500689,7345.81644583749,7321.71177971481,7328.30715522427,7327.32066545446
2023-12-11 23:00:00,6100.5760028346,4605.84550008271,4462.87350037904,6113.773737283,6083.83191577378,6066.63311848076,6140.41095249321,6098.80314218391
2023-12-12,4790.80150270613,3974.0605006431,3878.02149983821,4804.804005303,4786.70922507685,4783.81530972394,4816.19501305698,4795.75680595044
2023-12-12 01:00:00,4228.7405044894,3479.58400138607,3469.25850314414,4231.31712647772,4248.69230318273,4220.5700156188,4254.33757823016,4240.00453165598
2023-12-12 02:00:00,3797.54400681949,3224.16650517471,3220.30500098492,3775.99059348275,3812.20877079166,3761.44512999788,3819.07349326715,3794.09930031449
2023-12-12 03:00:00,3507.28900154494,3026.64450340311,3020.51950285549,3502.88777722023,3508.16913544406,3478.51703754516,3540.75141114317,3505.52840065451
2023-12-12 04:00:00,3346.36700162047,2979.62199939799,2962.15199878078,3359.57594727724,3354.60453448541,3334.07778440793,3358.30915596807,3357.09029329142
2023-12-12 05:00:00,3243.93000500556,3097.94800127589,3052.51449986559,3249.1950287509,3254.2027265634,3227.44162066072,3247.04254586768,3251.69882486452
2023-12-12 06:00:00,3441.3449980258,3119.46250026475,3097.09550037631,3438.30950575421,3432.14003401012,3399.70711071265,3444.31173538097,3435.22483492256
2023-12-12 07:00:00,4166.62850146112,3618.68900130154,3443.8740002038,4176.80649366206,4165.27981414005,4136.0560530675,4163.34925037887,4171.04327541871
2023-12-12 08:00:00,5656.20350055292,4014.44650246436,3872.05250156566,5632.44964327253,5666.71281476646,5601.49403066645,5728.57483107496,5649.58086780703
2023-12-12 09:00:00,5639.99549967865,4140.52750166203,4077.65400033828,5636.55904346037,5630.6620845773,5599.04215115302,5693.4066641754,5633.61062618632
2023-12-12 10:00:00,5074.62150311586,4119.28100655158,4095.96650322096,5095.43787489095,5097.15732800435,5049.35617907915,5115.45655634293,5096.29758332067
2023-12-12 11:00:00,5060.50150201423,4057.63500284182,4033.91550249851,5081.21346900365,5085.91425590485,5038.71834905252,5089.62196871328,5083.56381289717
2023-12-12 12:00:00,5068.55100381083,4194.73650531319,4095.3290033791,5066.18485208744,5072.66818854029,5050.04978758102,5101.80750200317,5069.42645196462
2023-12-12 13:00:00,5337.68449743465,4504.00250181463,4440.8240003332,5361.92039364563,5365.83496540547,5305.43953549127,5325.26855749011,5363.87763825698
2023-12-12 14:00:00,5726.96950377949,4613.98400094779,4630.41200199362,5780.38145878421,5736.93013602617,5616.74216407266,5848.39900133785,5758.65625548186
2023-12-12 15:00:00,5868.89800084301,4291.65250235808,4226.74000041885,5857.20290856501,5828.112072661,5782.54548112803,6026.8715234069,5842.65779729719
2023-12-12 16:00:00,5587.12450146885,4084.72900088842,3912.88799958269,5626.3425355541,5601.65966470944,5576.93303335839,5625.99681757424,5614.00136034588
2023-12-12 17:00:00,5460.96200130624,3944.50400155748,3757.89100159879,5458.57075058227,5453.56413174749,5445.02413900274,5540.15323859475,5456.06749394614
2023-12-12 18:00:00,6002.4425020552,3888.7250029943,3635.64300122496,6001.05780685103,6021.91249991929,5965.53742819247,6024.62422956039,6011.48493352883
2023-12-12 19:00:00,6818.47299676831,4166.51049937564,3577.32350106875,6860.74981610817,6858.14952775077,6766.3266903332,6949.3554451932,6859.44969934248
2023-12-12 20:00:00,7629.52200521179,5002.06400427909,3890.93600242247,7604.31263576496,7538.67718636809,7428.43540889982,7613.85116773207,7571.49560301481
2023-12-12 21:00:00,8158.48499448423,5483.76650129189,4362.49350314727,8375.21807247597,8396.90871498246,8176.37655171925,8382.20930077186,8386.06316506006
2023-12-12 22:00:00,7439.82150140346,5516.21550051367,4949.61250269215,7364.3293779729,7348.93498673931,7401.48248566116,7435.31129260885,7356.63234464832
2023-12-12 23:00:00,6177.22599875496,4583.18400226114,4462.87350037904,6160.03860772706,6145.56719302007,6101.72545051425,6186.04683423421,6152.80305293549
2023-12-13,4984.03750033572,3937.83000165178,3878.02149983821,4976.02933771949,4979.03489398699,4982.87383262984,5034.08245137499,4977.53208416778
2023-12-13 01:00:00,4351.94700346759,3524.4159997399,3469.25850314414,4322.04702972491,4340.91587812137,4335.47003806466,4393.45045254153,4331.48125500217
2023-12-13 02:00:00,3922.7570028106,3284.64199897763,3220.30500098492,3925.71243581317,3915.81123814526,3909.24624386623,3931.93628046154,3920.76194136056
2023-12-13 03:00:00,3624.30949713057,3089.69300293387,3020.51950285549,3635.3321400138,3621.47204379838,3618.64378310926,3658.74130873932,3628.40223802332
2023-12-13 04:00:00,3420.26150169014,3037.19650082325,2962.15199878078,3433.23790013831,3429.26330824844,3401.75741009342,3436.29737883433,3431.2506460947
2023-12-13 05:00:00,3375.71200213535,3120.3994991259,3052.51449986559,3385.74633651414,3372.08755942169,3347.59073717376,3384.4499064548,3378.91709196277
2023-12-13 06:00:00,3509.11700231279,3167.17199901131,3097.09550037631,3517.75068737708,3514.64408819705,3477.19991146381,3514.03393528631,3516.19742053775
2023-12-13 07:00:00,4364.37400108192,3586.44450181129,3443.8740002038,4383.12426966063,4365.50691525464,4284.56443354366,4378.58965053733,4374.31577818499
2023-12-13 08:00:00,5858.97300065192,3889.14750203351,3872.05250156566,5867.07104852857,5861.51740197173,5740.94259977352,5917.66594820083,5864.29428379833
2023-12-13 09:00:00,5884.19749956438,4103.82249803317,4077.65400033828,5937.11808323444,5914.33100060924,5881.05665381175,5965.72520555285,5925.72478214999
2023-12-13 10:00:00,5355.46200245514,4117.45250114182,4095.96650322096,5369.67529459208,5343.28556161209,5347.0329551191,5435.70417779886,5356.48070631044
2023-12-13 11:00:00,5307.15900391008,4014.28799769632,4033.91550249851,5340.95729319133,5282.29734700288,5265.03332867807,5312.68115184963,5311.62793850757
2023-12-13 12:00:00,5212.85699956992,4111.64700231131,4095.3290033791,5221.89385044683,5216.96175817029,5196.98071475135,5255.58523648755,5219.42785630413
2023-12-13 13:00:00,5424.14549989009,4453.63600384444,4440.8240003332,5405.58190297461,5418.5849045,5369.03992311983,5421.76964752863,5412.08326665583
2023-12-13 14:00:00,5694.43500089546,4629.46149996202,4630.41200199362,5684.32334598958,5674.29590643458,5653.99796497116,5707.82686795993,5679.30973192431
2023-12-13 15:00:00,5854.84599988023,4288.95700080122,4226.74000041885,5862.16264109875,5846.26843239947,5784.17833474415,5906.97368429537,5854.21570431055
2023-12-13 16:00:00,5610.05199871026,4109.54250011093,3912.88799958269,5636.66402575161,5634.77222388225,5590.31704749696,5655.02273281188,5635.71814476086
2023-12-13 17:00:00,5441.9795032409,4042.09200018295,3757.89100159879,5452.18468387858,5442.4901868166,5404.64269926606,5485.25202634198,5447.33753754984
2023-12-13 18:00:00,6097.13600232056,3890.35600409959,3635.64300122496,6095.93221932235,6089.03357918193,6051.29504466781,6091.73485559362,6092.48297197964
2023-12-13 19:00:00,7064.92799848132,4128.75250369054,3577.32350106875,6977.61159354824,7140.63685802581,7057.85163052727,7216.28720863653,7059.12250712656
2023-12-13 20:00:00,7888.93550115719,4866.06450009916,3890.93600242247,7915.18506193962,7848.2481336665,7672.22128172109,7890.20452116423,7881.71730347192
2023-12-13 21:00:00,8522.65650072135,5215.71400297561,4362.49350314727,8543.30356204808,8536.29390578152,8177.60881608694,8580.18479125634,8539.79880781266
2023-12-13 22:00:00,7745.80799896945,5440.81550056499,4949.61250269215,7725.72364146716,7687.69195327176,7596.63771791115,7775.42355571193,7706.70819831074
2023-12-13 23:00:00,6464.84350307006,4616.35249849106,4462.87350037904,6420.11568554095,6445.21144125444,6435.37666554329,6517.65287565155,6432.66329883083
2023-12-14,5108.33950238593,3985.94000082661,3878.02149983821,5146.0409464849,5099.49161345739,5112.98815876116,5240.87245126993,5122.76677070796
2023-12-14 01:00:00,4581.7945014073,3533.07100122375,3469.25850314414,4561.45334833353,4573.0180279821,4579.82800512132,4593.48277301502,4567.23556623955
2023-12-14 02:00:00,4092.18800105946,3257.75550389697,3220.30500098492,4083.53977520217,4092.09877782982,4061.63283911868,4117.82910234346,4087.81918628447
2023-12-14 03:00:00,3795.5025007982,3068.56349791156,3020.51950285549,3798.01132434575,3797.87862898399,3769.82559710574,3826.11481237278,3797.94497806378
2023-12-14 04:00:00,3626.76100314967,3005.89000203146,2962.15199878078,3610.84271374388,3634.54035033212,3619.35840963563,3642.72154705416,3622.69128221052
2023-12-14 05:00:00,3549.99500231631,3080.66700125381,3052.51449986559,3551.21282717643,3549.66278312161,3546.47782091566,3572.38871947957,3550.43782149004
2023-12-14 06:00:00,3688.1015062799,3127.032999933,3097.09550037631,3687.42403837293,3674.3197278216,3651.26247904293,3707.44015177609,3680.87202124678
2023-12-14 07:00:00,4529.49950500834,3536.91050184076,3443.8740002038,4536.81875512466,4525.56174522752,4456.50603517836,4572.97004487511,4531.19036885081
2023-12-14 08:00:00,6035.99650316883,3965.535000748,3872.05250156566,6061.38571426549,6035.42003789689,5976.24447468334,6092.49607664486,6048.40314981902
2023-12-14 09:00:00,6098.04700084287,4109.49650311226,4077.65400033828,6090.63028366319,6091.45014849319,6037.82685110488,6140.75066243006,6091.04020743493
2023-12-14 10:00:00,5551.55699976871,4106.71250284731,4095.96650322096,5570.55237543152,5535.52598866785,5504.62398014329,5581.37661115376,5553.0395513082
2023-12-14 11:00:00,5444.02900175628,4050.99200042791,4033.91550249851,5452.60338226898,5458.2894823479,5406.85474223562,5496.10889306897,5455.4463723639
2023-12-14 12:00:00,5319.67150015174,4204.54800402035,4095.3290033791,5303.07554484178,5361.22543646942,5320.83090185586,5405.6429049742,5332.14987762227
2023-12-14 13:00:00,5434.35550549609,4558.02100177261,4440.8240003332,5411.22926721976,5458.65394140446,5465.9899438873,5559.21527545746,5434.9411043472
2023-12-14 14:00:00,5566.81150156597,4610.15600136656,4630.41200199362,5585.40651769675,5549.12292714198,5548.38724755747,5597.47223003786,5567.26510493169
2023-12-14 15:00:00,5597.68000327959,4323.3590012677,4226.74000041885,5575.12147917702,5611.45145053814,5583.33610204249,5602.33828110796,5593.2860818563
2023-12-14 16:00:00,5413.50350393797,4013.83449905342,3912.88799958269,5439.01635353299,5419.365407055,5364.44299210641,5474.27561626033,5429.19108746007
2023-12-14 17:00:00,5362.59549843892,3982.3855019355,3757.89100159879,5370.14011289397,5372.96424850468,5345.83452322342,5405.91618923393,5371.55215092645
2023-12-14 18:00:00,5994.96250360983,3920.20749899792,3635.64300122496,5975.59206218286,5962.79541410444,5953.46949556108,5997.99657085033,5969.19387304969
2023-12-14 19:00:00,6827.16750637884,4119.91100104165,3577.32350106875,6761.60565487993,6806.6017667392,6786.14954961586,6867.22189542962,6784.10323644727
2023-12-14 20:00:00,7540.46099966671,4719.11000241095,3890.93600242247,7579.48068110658,7550.46425981921,7455.60024731837,7639.45667137041,7564.97277636257
2023-12-14 21:00:00,8109.61849883466,5144.51949917001,4362.49350314727,8114.23389167781,8218.50329992639,8027.50913252592,8402.08403893406,8166.36749656322
2023-12-14 22:00:00,7501.88050315867,5334.03500121133,4949.61250269215,7562.27695074088,7561.08693800237,7512.12676747443,7719.49999446084,7561.68195691709
2023-12-14 23:00:00,6334.54500136443,4501.58650224423,4462.87350037904,6281.15615259025,6267.89731313921,6239.46850357141,6300.94951425659,6274.52687264333
2023-12-15,5173.44550183951,3878.02149983821,3878.02149983821,5171.96319753262,5189.79281993332,5166.20875352174,5304.2200673969,5180.87782076782
2023-12-15 01:00:00,4594.13500264927,3469.25850314414,3469.25850314414,4588.76355823768,4590.24150310125,4578.19880038918,4584.26429918223,4589.50251508853
2023-12-15 02:00:00,4120.9800017504,3220.30500098492,3220.30500098492,4119.61335563234,4113.33789612093,4082.12973126683,4143.29035117912,4116.47569203438
2023-12-15 03:00:00,3814.00100539881,3020.51950285549,3020.51950285549,3827.14700776092,3801.88766253947,3798.47282989871,3825.86663258511,3814.51760144167
2023-12-15 04:00:00,3649.41150387027,2962.15199878078,2962.15199878078,3637.14510301628,3656.67220449809,3644.54981541824,3666.02561813094,3646.90844789672
2023-12-15 05:00:00,3583.72250098526,3052.51449986559,3052.51449986559,3572.53133005313,3589.71862483187,3591.33872011659,3594.20050358992,3581.12479624896
2023-12-15 06:00:00,3715.62100331462,3097.09550037631,3097.09550037631,3723.55108503158,3709.00013985535,3708.12632421006,3731.98754274265,3716.27576584382
2023-12-15 07:00:00,4477.33850071009,3443.8740002038,3443.8740002038,4440.62544652077,4469.20058626608,4432.11271893687,4481.4995101171,4454.91271514586
2023-12-15 08:00:00,5954.87649990758,3872.05250156566,3872.05250156566,5923.45465333822,5951.21550830118,5896.16575935762,5987.793114248,5937.33478815657
2023-12-15 09:00:00,6017.2134988507,4077.65400033828,4077.65400033828,6002.90165980067,5988.64416708151,5943.35878022703,6011.26125639479,5995.77306374779
2023-12-15 10:00:00,5493.63450373523,4095.96650322096,4095.96650322096,5486.96065244327,5490.41330087767,5459.8984921191,5519.77167850211,5488.68694026163
2023-12-15 11:00:00,5360.1439999257,4033.91550249851,4033.91550249851,5353.98558820621,5378.72271966507,5338.14036500657,5461.02351841473,5366.3538931495
2023-12-15 12:00:00,5174.52450192207,4095.3290033791,4095.3290033791,5181.74537762448,5177.15025787226,5128.10501741718,5177.97007540181,5179.44786619148
2023-12-15 13:00:00,5256.84600175667,4440.8240003332,4440.8240003332,5276.21786862565,5269.3138802681,5226.65949048914,5302.45967019403,5272.76594723076
2023-12-15 14:00:00,5460.02950062032,4630.41200199362,4630.41200199362,5419.92631498315,5480.17401105204,5473.26793446172,5590.37037070585,5450.0495278686
2023-12-15 15:00:00,5407.64950245694,4226.74000041885,4226.74000041885,5421.12356078533,5402.30273480454,5358.7662547253,5413.1864926667,5411.71334620964
2023-12-15 16:00:00,5096.85599899339,3912.88799958269,3912.88799958269,5098.45802277472,5081.86021928237,5095.01850482862,5107.67003252112,5090.15929600749
2023-12-15 17:00:00,4968.91350505606,3757.89100159879,3757.89100159879,4982.47995886667,4963.2967837868,4965.18613784312,4964.61783546184,4972.88857356143
2023-12-15 18:00:00,5451.51800004416,3635.64300122496,3635.64300122496,5502.26789383284,5442.71860954751,5416.13558016764,5476.16617254245,5472.49387947631
2023-12-15 19:00:00,6226.16950145888,3577.32350106875,3577.32350106875,6197.34766028976,6322.4840200805,6268.57291850058,6327.88969699887,6259.91452096068
2023-12-15 20:00:00,6402.87100230984,3890.93600242247,3890.93600242247,6470.48476810046,6454.23010572278,6501.76380859451,6586.60352530262,6462.35760827307
2023-12-15 21:00:00,6879.22799958184,4362.49350314727,4362.49350314727,6946.88687681372,6810.84251649388,6711.99180419061,7058.61237005904,6878.86613087361
2023-12-15 22:00:00,6845.85699678469,4949.61250269215,4949.61250269215,6956.90642331792,6855.09537656648,6808.58218641142,7049.91252075294,6906.00197326431
2023-12-15 23:00:00,6156.52399570076,4462.87350037904,4462.87350037904,6115.57139616305,6119.9517929124,6122.0711339416,6186.99687602109,6117.76154835829
2023-12-16,5291.43950277765,4023.42650119867,3878.02149983821,5299.53921797492,5306.5529876142,5283.62265053108,5358.43913053762,5303.04602885333
2023-12-16 01:00:00,4729.67350388702,3609.41050378873,3469.25850314414,4743.28860848757,4754.90415468589,4726.81691097635,4743.33889450293,4749.09625913221
2023-12-16 02:00:00,4183.27400428301,3294.22500246519,3220.30500098492,4194.23044190777,4175.66695954999,4168.43976475296,4186.35952871005,4184.94889643059
2023-12-16 03:00:00,3793.01850004413,3084.05800014839,3020.51950285549,3790.18526620419,3794.43481966801,3786.28137231514,3806.52906277411,3792.30999813605
2023-12-16 04:00:00,3559.85600077047,3024.46650301048,2962.15199878078,3553.67634048468,3572.19788502896,3544.74945832298,3581.75210335058,3562.93691749723
2023-12-16 05:00:00,3469.67600405822,3007.75600211474,3052.51449986559,3465.3716216088,3456.81017385779,3473.38405865671,3476.07229051504,3461.0909879906
2023-12-16 06:00:00,3516.9770033625,2710.46800186485,3097.09550037631,3498.26814853564,3515.98210175826,3509.90980134349,3525.96113110109,3507.12493840123
2023-12-16 07:00:00,3695.18200457783,2681.48850309057,3443.8740002038,3682.87130417484,3702.93367086319,3591.70188611677,3722.26703204113,3692.90227601562
2023-12-16 08:00:00,4191.66400187113,3248.19900084962,3872.05250156566,4293.06539963293,4277.87510005552,4052.28299514884,4572.43354077824,4285.47040998485
2023-12-16 09:00:00,4979.00349862396,3972.53850250947,4077.65400033828,4977.6311499511,4926.32750821365,4655.29924101837,5039.70853380364,4951.97986994051
2023-12-16 10:00:00,5827.60800517967,4358.50400316529,4095.96650322096,5834.92390034159,5812.06292286566,5764.4550252934,5931.30741866761,5823.4936526108
2023-12-16 11:00:00,6065.84950416931,4338.97150042292,4033.91550249851,6040.35483417786,6033.66447571032,5919.71524902961,6007.32346771278,6037.00972547582
2023-12-16 12:00:00,5765.3120001824,4259.3395031034,4095.3290033791,5751.83110882315,5747.76419796122,5721.35032137476,5844.19995775982,5749.79769626676
2023-12-16 13:00:00,5456.96000171057,4322.5750025938,4440.8240003332,5461.99592513164,5464.80134315468,5449.31585289277,5517.27662387267,5463.39860456762
2023-12-16 14:00:00,5606.58250412188,4387.26800414361,4630.41200199362,5604.06511201691,5619.12139616752,5586.71890629964,5680.19847227537,5611.59309536442
2023-12-16 15:00:00,5798.09399989271,3973.49150129128,4226.74000041885,5802.42360854344,5803.28268696213,5722.50191878617,5811.38662241489,5802.85313869612
2023-12-16 16:00:00,5280.09249914868,3647.46549946209,3912.88799958269,5260.71100613742,5261.92557808392,5244.2478889994,5295.83812425716,5261.3182793063
2023-12-16 17:00:00,4844.77750034782,3497.72500005004,3757.89100159879,4846.51174315785,4856.28306261316,4825.47009971491,4875.6241203198,4851.39729987337
2023-12-16 18:00:00,5113.06800168467,3426.77900193352,3635.64300122496,5139.27072556751,5126.54486761016,5075.04935163107,5151.85915052951,5132.90793074858
2023-12-16 19:00:00,5990.7724984159,3477.07250109385,3577.32350106875,6005.61108546486,5991.42092505162,5936.51459275417,6038.42006486876,5998.5161548551
2023-12-16 20:00:00,6195.17150130484,3745.54350259621,3890.93600242247,6194.61231096642,6206.67363405672,6195.95567812398,6252.21745007636,6200.64284535754
2023-12-16 21:00:00,6665.0180013061,4258.97400144592,4362.49350314727,6698.73120070157,6670.73651612616,6628.09716594196,6783.95564873402,6684.7341535421
2023-12-16 22:00:00,6824.78350418236,4842.84700175363,4949.61250269215,6784.46526702381,6833.97598192333,6764.55212098783,6959.86936460641,6809.220102517
2023-12-16 23:00:00,6309.80000279355,4521.1220019001,4462.87350037904,6280.35722345002,6277.09897178226,6273.98038323484,6294.94837602701,6278.7281319656
2023-12-17,5474.64550217066,3996.57750128047,3878.02149983821,5449.86012840971,5497.80770982187,5449.61733515288,5631.9136133777,5473.83341363824
2023-12-17 01:00:00,4889.64150259446,3550.27300327946,3469.25850314414,4897.41552588862,4889.69884144637,4857.63587266735,4920.34922721907,4893.55726501906
2023-12-17 02:00:00,4279.83400446607,3257.84999884665,3220.30500098492,4288.05347041663,4296.70373313107,4261.07547100145,4339.63656756768,4292.37851058023
2023-12-17 03:00:00,3936.71550366271,3081.54900307616,3020.51950285549,3937.68463309595,3950.59155872996,3912.95099549036,3955.08997517871,3944.13795984434
2023-12-17 04:00:00,3767.73750209715,3012.7995023214,2962.15199878078,3777.99109596759,3780.58257989468,3769.57747164246,3773.65383150324,3779.28681061095
2023-12-17 05:00:00,3689.33350088715,3023.2755045637,3052.51449986559,3697.53865074726,3693.42269703774,3674.37931429111,3722.8245468878,3695.4807172841
2023-12-17 06:00:00,3669.68200291763,2684.3255003409,3097.09550037631,3680.08972044891,3681.266299174,3658.08520971465,3654.04651167437,3680.67799740761
2023-12-17 07:00:00,3828.0705031642,2568.47500065074,3443.8740002038,3844.3229576966,3840.9434908205,3811.27065391618,3834.4820360211,3842.63325988589
2023-12-17 08:00:00,4227.08250434359,3043.41049893526,3872.05250156566,4222.24997571806,4236.08245388113,4202.16712471921,4246.89323095487,4229.16606897353
2023-12-17 09:00:00,4756.77200190711,3696.55300188798,4077.65400033828,4727.03647088211,4745.42517254307,4714.44745355345,4787.12474140108,4736.23062785347
2023-12-17 10:00:00,5649.15200412739,4136.40199957031,4095.96650322096,5672.57450346765,5633.06333121302,5534.76043541805,5740.25267238506,5652.81933387878
2023-12-17 11:00:00,6154.88500473625,4203.11700091604,4033.91550249851,6150.13421987299,6127.96009503156,6081.83602909723,6159.56355292852,6139.04739121845
2023-12-17 12:00:00,6040.0870013574,4135.43500003801,4095.3290033791,6049.6696524382,6041.07584257282,5957.1049246536,6061.59512972425,6045.37283810399
2023-12-17 13:00:00,5666.87100134406,4305.12950276397,4440.8240003332,5683.37848427258,5657.89846755592,5642.24799855828,5705.78559740401,5670.63874453211
2023-12-17 14:00:00,5713.56250261009,4437.49050235003,4630.41200199362,5729.74026133306,5738.57200586635,5677.76088948007,5739.8858399952,5734.15604049285
2023-12-17 15:00:00,5992.70149962278,4158.15449999226,4226.74000041885,5974.15016075373,5988.34714161654,5973.33230827136,6095.23958552519,5981.24850151637
2023-12-17 16:00:00,5583.9420020309,3782.78049983922,3912.88799958269,5580.20108814078,5542.2621375595,5566.38906113385,5639.36407982358,5561.23201281376
2023-12-17 17:00:00,5206.26049953629,3715.63600158005,3757.89100159879,5191.57003891213,5165.91309192423,5159.29470404505,5262.57810373627,5178.74183590129
2023-12-17 18:00:00,5674.90500282223,3751.27450018923,3635.64300122496,5683.08558114092,5703.45127897994,5619.43763122461,5782.4517163688,5693.26821535923
2023-12-17 19:00:00,6975.76849895448,4028.33700247819,3577.32350106875,6905.38770666419,6910.72037088865,6756.53042646312,7028.9974881655,6908.0539825579
2023-12-17 20:00:00,7793.78400140861,4803.6940028799,3890.93600242247,7874.80620203936,7889.06823148111,7736.18009989722,7938.66733158844,7881.93706640571
2023-12-17 21:00:00,8589.33049740526,5320.9565022866,4362.49350314727,8360.12028154685,8326.47143424801,8113.42840175111,8465.80175225224,8343.29621263351
2023-12-17 22:00:00,8109.67900189362,5457.94950379978,4949.61250269215,8048.72523531513,8103.22770834003,7888.38352664852,8212.91618576307,8075.97589724642
2023-12-17 23:00:00,6709.55399991316,4571.14750221872,4462.87350037904,6730.41220868175,6703.06694123871,6660.44331188862,6805.21906113352,6716.73986324211
2023-12-18,5379.54450418334,3812.80499906244,3878.02149983821,5342.59367564405,5400.84463511166,5346.69634712229,5506.81390416274,5371.71854127904
2023-12-18 01:00:00,4661.78650416061,3397.92450404319,3469.25850314414,4654.7355730161,4663.25913901351,4632.80884137553,4665.21675073228,4658.99726615685
2023-12-18 02:00:00,4130.81950245635,3148.71050260798,3220.30500098492,4128.89388628747,4119.12555344189,4110.99216951364,4172.48959109706,4124.00982284533
2023-12-18 03:00:00,3860.66550056974,3025.0705038954,3020.51950285549,3894.83729691512,3877.99143577777,3828.19577594999,3886.79834065282,3886.41454394049
2023-12-18 04:00:00,3761.45200474188,2994.02500433777,2962.15199878078,3758.76649367081,3754.46907063954,3750.44205008942,3823.98391030248,3756.61782745988
2023-12-18 05:00:00,3741.50900429592,3067.71149801568,3052.51449986559,3748.97923876291,3733.9425243144,3749.81958995188,3795.82862488256,3741.46104006014
2023-12-18 06:00:00,3918.23050255724,3091.76900229475,3097.09550037631,3928.57675446242,3904.46100805237,3918.35210828191,3929.52904217866,3916.51913549271
2023-12-18 07:00:00,4726.50900306634,3508.67150374467,3443.8740002038,4767.94653805956,4760.01396492995,4678.25578409432,4861.29776136575,4763.98033512228
2023-12-18 08:00:00,6341.75050072453,3868.24000271223,3872.05250156566,6171.53925469947,6218.50140519038,5798.8947778878,6112.15799996264,6195.01983485607
2023-12-18 09:00:00,6668.02300560719,4089.93500117643,4077.65400033828,6605.22811512795,6628.07819996996,6361.8649837587,6575.76897358544,6616.65291665662
2023-12-18 10:00:00,6271.71050361241,4179.94350156852,4095.96650322096,6354.88466238257,6284.70140629052,6239.41494143047,6379.57202241747,6319.79377422915
2023-12-18 11:00:00,6057.29999924137,4183.36300173879,4033.91550249851,6078.77142171413,6069.37077209046,6011.7027705195,6092.93774466416,6074.07119600672
2023-12-18 12:00:00,5727.8830047021,4281.9530013015,4095.3290033791,5726.38047520903,5787.80425518903,5705.49171456924,5794.44386200442,5757.09171765141
2023-12-18 13:00:00,5641.57050339645,4537.85950070084,4440.8240003332,5657.02669297971,5606.81814169139,5625.83583020689,5643.82509234744,5631.92294664892
2023-12-18 14:00:00,5829.09000514908,4727.99400077015,4630.41200199362,5815.91299562185,5832.37187944183,5772.12484511112,5825.48322340183,5824.14226401743
2023-12-18 15:00:00,5763.62300112587,4292.26650282752,4226.74000041885,5769.8717264049,5774.32753757073,5724.51094659685,5767.90903359249,5772.09958501334
2023-12-18 16:00:00,5541.87700350676,4068.67900109151,3912.88799958269,5520.72426545946,5519.81906386887,5516.10318022765,5607.00532594,5520.27167420707
2023-12-18 17:00:00,5408.8815024267,3990.68950289523,3757.89100159879,5392.75751712039,5400.93736471637,5365.875911263,5416.66772315934,5396.84735468402
2023-12-18 18:00:00,6003.80350435729,3911.65200090094,3635.64300122496,5980.23882166685,6039.02485732814,5940.6099595712,6033.06021999018,6009.63121975775
2023-12-18 19:00:00,7304.85900383478,4276.07100102503,3577.32350106875,7311.43370534109,7280.00691830294,7203.81234650524,7417.63116314657,7295.72064313248
2023-12-18 20:00:00,8234.71800274216,5180.72500242095,3890.93600242247,8229.380660436,8185.35761562661,7992.04582959281,8294.86010313754,8207.36960213524
2023-12-18 21:00:00,9020.17450074293,5529.52000025532,4362.49350314727,9185.68660580114,9177.94146060458,8672.32471012626,9246.13994635799,9181.81411485447
2023-12-18 22:00:00,8392.89400019171,5493.65250209486,4949.61250269215,8435.5049700899,8430.9270296116,8113.74568735443,8501.915364025,8433.21604811275
2023-12-18 23:00:00,7011.77850058256,4605.84550008271,4462.87350037904,7082.06610263819,7010.32396214656,6951.5100011023,7093.22831785287,7046.1957887192
2023-12-19,5491.28000072809,3974.0605006431,3878.02149983821,5518.28033311482,5538.34096677156,5471.70717704587,5705.95975733678,5528.31043845807
2023-12-19 01:00:00,4832.74749786325,3479.58400138607,3469.25850314414,4842.32279233355,4836.83877446764,4803.11520837761,4893.03016709285,4839.58084121473
2023-12-19 02:00:00,4311.02150105382,3224.16650517471,3220.30500098492,4299.37134345536,4301.30073138705,4289.56169885761,4339.73177834494,4300.33601708103
2023-12-19 03:00:00,4030.92149904266,3026.64450340311,3020.51950285549,4017.75646181423,4037.96343454657,4008.741627507,4030.22477587196,4027.85973515252
2023-12-19 04:00:00,3923.24900163058,2979.62199939799,2962.15199878078,3928.39342461047,3928.45713321249,3895.94483950912,3972.68013079312,3928.42527823985
2023-12-19 05:00:00,3807.87150226871,3097.94800127589,3052.51449986559,3818.84791234721,3805.49432773681,3787.97931431606,3866.75080082052,3812.17126081944
2023-12-19 06:00:00,3978.90700148128,3119.46250026475,3097.09550037631,3964.87517577506,3989.70145491214,3976.33498176656,4028.6373201212,3977.28805361764
2023-12-19 07:00:00,4798.69599525118,3618.68900130154,3443.8740002038,4779.32794933415,4776.58817185675,4775.58134380846,4846.53730035367,4777.95808947899
2023-12-19 08:00:00,6212.9795012906,4014.44650246436,3872.05250156566,6198.71370991957,6174.9580786242,6056.04142169036,6228.91374968903,6186.83614471077
2023-12-19 09:00:00,6605.99300651287,4140.52750166203,4077.65400033828,6576.42465224183,6545.59436226136,6504.59231616068,6629.26051595531,6561.00983227361
2023-12-19 10:00:00,6558.4055037013,4119.28100655158,4095.96650322096,6573.88036633709,6676.54178968164,6585.80570522557,6642.88181964701,6625.20999572233
2023-12-19 11:00:00,6415.61600234418,4057.63500284182,4033.91550249851,6456.00999411152,6419.14932188065,6304.57459094437,6420.75367796378,6437.58004659217
2023-12-19 12:00:00,6021.03200396546,4194.73650531319,4095.3290033791,6023.65990044551,6011.23832148196,5944.10146329907,6144.6117900878,6017.44924191569
2023-12-19 13:00:00,6091.37599814404,4504.00250181463,4440.8240003332,6078.15578670731,6073.03062194811,6041.28328434553,6037.0436678219,6075.59325835871
2023-12-19 14:00:00,6322.20200130821,4613.98400094779,4630.41200199362,6343.40583125505,6354.93898473892,6245.93504440435,6413.61064035218,6349.17228641108
2023-12-19 15:00:00,6390.00500374218,4291.65250235808,4226.74000041885,6410.9825453952,6419.60242000062,6305.69920909048,6512.69385876002,6415.29239182465
2023-12-19 16:00:00,6057.14449798188,4084.72900088842,3912.88799958269,6035.75027055475,6062.04034014808,5988.90693265621,6135.64528111019,6048.89502819374
2023-12-19 17:00:00,5874.72500440932,3944.50400155748,3757.89100159879,5906.13872443637,5853.38823681392,5817.19317150266,5906.39901540422,5879.76403673636
2023-12-19 18:00:00,6346.83400343708,3888.7250029943,3635.64300122496,6353.71195244777,6334.26056444136,6299.92188678619,6344.29180299215,6343.98646350684
2023-12-19 19:00:00,7393.65650140028,4166.51049937564,3577.32350106875,7425.12634600701,7439.98627027916,7375.10566761419,7605.27946983764,7432.55615148538
2023-12-19 20:00:00,8348.93049645948,5002.06400427909,3890.93600242247,8264.03865974825,8290.1698811038,8111.05302325594,8437.19353929652,8277.10399494298
2023-12-19 21:00:00,9023.70099902712,5483.76650129189,4362.49350314727,9027.90579484962,8986.62865412641,8471.46391922604,9167.94140908543,9007.26765964382
2023-12-19 22:00:00,8294.19599565165,5516.21550051367,4949.61250269215,8176.39402987004,8185.63086935211,8005.54187753831,8372.70880986861,8181.01235223358
2023-12-19 23:00:00,6926.0645040964,4583.18400226114,4462.87350037904,6949.59849195646,6930.00768301426,6824.79780724989,6995.84256346455,6939.80329401746
2023-12-20,5500.8579966682,3937.83000165178,3878.02149983821,5504.09373190404,5490.21429773021,5489.36076077584,5626.9789402618,5497.15416113822
2023-12-20 01:00:00,4836.17950499128,3524.4159997399,3469.25850314414,4847.52737725746,4845.91786171024,4820.03256016771,4863.04160423565,4846.72263645184
2023-12-20 02:00:00,4360.86350523541,3284.64199897763,3220.30500098492,4353.28487366139,4369.12295944133,4347.71206023575,4369.48139410605,4361.20374958159
2023-12-20 03:00:00,4022.54900253157,3089.69300293387,3020.51950285549,4023.54684208056,4030.28628794977,3999.92938567965,4062.84184069863,4026.91649396594
2023-12-20 04:00:00,3880.08350150147,3037.19650082325,2962.15199878078,3869.44211525001,3883.73328703587,3856.13492431521,3937.22462582144,3876.58755048119
2023-12-20 05:00:00,3792.34700402524,3120.3994991259,3052.51449986559,3806.59761824002,3799.9406144974,3799.2302084434,3850.62853960635,3803.26918654881
2023-12-20 06:00:00,3865.42900601868,3167.17199901131,3097.09550037631,3876.52949309188,3882.68497849371,3856.26367223184,3934.3675113379,3879.60717089985
2023-12-20 07:00:00,4667.70099964796,3586.44450181129,3443.8740002038,4652.79919250791,4685.58892631382,4636.30570343282,4686.52314062709,4669.19371373181
2023-12-20 08:00:00,6344.29150605469,3889.14750203351,3872.05250156566,6374.50820400428,6325.37934398107,6303.35998810342,6417.37397525225,6349.94429192362
2023-12-20 09:00:00,6526.25600666308,4103.82249803317,4077.65400033828,6568.82456571436,6541.50626534121,6460.87605046722,6614.20965562953,6555.16570352537
2023-12-20 10:00:00,6193.99300188629,4117.45250114182,4095.96650322096,6126.23508159542,6183.05604051239,6158.01857665446,6178.32210031068,6154.64496203058
2023-12-20 11:00:00,6041.25300023024,4014.28799769632,4033.91550249851,6009.1818204957,6038.09753365244,6014.96639308293,6093.46662611722,6023.63937223608
2023-12-20 12:00:00,5821.81500523223,4111.64700231131,4095.3290033791,5819.09467837266,5805.77968720342,5795.4830247589,5797.42366244715,5812.43732315861
2023-12-20 13:00:00,5923.98150410852,4453.63600384444,4440.8240003332,5899.11000119647,5898.30325734408,5882.35260638368,5943.35311124744,5898.7066377752
2023-12-20 14:00:00,6146.81699900673,4629.46149996202,4630.41200199362,6138.99683195725,6129.9711158344,6128.0828419291,6167.18836467245,6134.48406904759
2023-12-20 15:00:00,6190.65949786815,4288.95700080122,4226.74000041885,6214.9955025038,6212.56692812029,6156.56207183908,6240.51603339917,6213.78124091479
2023-12-20 16:00:00,6008.39000338817,4109.54250011093,3912.88799958269,6019.08194532532,5988.52992477489,5911.02048466164,6032.81278034874,6003.80625713853
2023-12-20 17:00:00,5931.72400245012,4042.09200018295,3757.89100159879,5912.29428318725,5937.87940128496,5916.458152796,5984.05334279875,5925.08657251024
2023-12-20 18:00:00,6490.80500065372,3890.35600409959,3635.64300122496,6477.48693081243,6457.13648014181,6444.9348058074,6453.38676317607,6467.31192001758
2023-12-20 19:00:00,7350.87049851287,4128.75250369054,3577.32350106875,7292.82395612099,7314.94093424441,7246.34548698255,7359.80765927302,7303.88221201899
2023-12-20 20:00:00,8115.99800050328,4866.06450009916,3890.93600242247,8039.7115291888,8056.65693113212,7917.21500731637,8205.90828313731,8048.18405151703
2023-12-20 21:00:00,8712.07650348404,5215.71400297561,4362.49350314727,8912.94097351533,8935.14335139269,8449.28116871398,9267.24965961007,8924.04192838999
2023-12-20 22:00:00,8006.69749434129,5440.81550056499,4949.61250269215,8118.30866144395,8039.37027602279,7972.25880199861,8220.43185352156,8078.84030092513
2023-12-20 23:00:00,6736.21100083203,4616.35249849106,4462.87350037904,6730.82315073249,6714.25849757368,6653.53499856561,6771.49172090971,6722.54099878255
2023-12-21,5475.32400481845,3985.94000082661,3878.02149983821,5470.25261574388,5472.0881904686,5464.51987030702,5584.45992470946,5471.17038375507
2023-12-21 01:00:00,4833.98099912237,3533.07100122375,3469.25850314414,4841.77149871289,4844.75316163789,4819.29698510007,4863.38952004433,4843.26229874182
2023-12-21 02:00:00,4323.67599900858,3257.75550389697,3220.30500098492,4340.87057146836,4323.28722200477,4314.77550524803,4332.41492106808,4332.07908210543
2023-12-21 03:00:00,3973.20750088384,3068.56349791156,3020.51950285549,3981.30113590929,3981.7893774966,3963.89798542815,4009.51797213708,3981.54525155576
2023-12-21 04:00:00,3803.1520000645,3005.89000203146,2962.15199878078,3800.48013189386,3807.05198322475,3767.82667353498,3831.91511926831,3803.76598827691
2023-12-21 05:00:00,3747.10150371108,3080.66700125381,3052.51449986559,3751.23708335527,3748.4820079512,3731.3076342883,3786.83402307839,3749.85957469805
2023-12-21 06:00:00,3898.31000104104,3127.032999933,3097.09550037631,3886.24830054323,3884.64847310053,3867.09754237467,3930.74372588141,3885.44840368773
2023-12-21 07:00:00,4681.8665009212,3536.91050184076,3443.8740002038,4667.11250784916,4693.17977381058,4692.08310585563,4691.08066221967,4680.14586602106
2023-12-21 08:00:00,6251.13350461738,3965.535000748,3872.05250156566,6227.35848155928,6233.71617721102,6067.73266180997,6235.01251569543,6230.53726236045
2023-12-21 09:00:00,6393.51700176729,4109.49650311226,4077.65400033828,6354.51547706475,6355.70884132153,6331.33098099199,6492.78401371185,6355.11214661234
2023-12-21 10:00:00,6127.34199597407,4106.71250284731,4095.96650322096,6174.35635023028,6157.05536553652,6130.8014389107,6223.80038248184,6165.70604027549
2023-12-21 11:00:00,6081.27900479845,4050.99200042791,4033.91550249851,6077.31207026208,6112.93343405543,6033.78533411543,6116.31617626634,6095.12237662782
2023-12-21 12:00:00,5759.09700157575,4204.54800402035,4095.3290033791,5780.15395936896,5755.37887551166,5717.66785725014,5803.2439393242,5767.76667862656
2023-12-21 13:00:00,5829.19650152297,4558.02100177261,4440.8240003332,5834.37112200088,5848.19260338037,5794.94131028898,5895.63150588461,5841.28171698049
2023-12-21 14:00:00,5995.75450096815,4610.15600136656,4630.41200199362,5997.07867648292,6007.44952867827,5935.96536000681,6022.86031748843,6002.26399324801
2023-12-21 15:00:00,6014.92250172293,4323.3590012677,4226.74000041885,5972.84834498178,6048.21362496627,6012.63177623425,6054.73031063475,6010.53019045099
2023-12-21 16:00:00,5821.96100298897,4013.83449905342,3912.88799958269,5840.35292798604,5837.71493638788,5809.82367166875,5863.79335307941,5839.03395999744
2023-12-21 17:00:00,5713.39499996928,3982.3855019355,3757.89100159879,5704.65131568266,5700.91127652643,5661.00784726391,5733.36342500055,5702.78133553315
2023-12-21 18:00:00,6183.55850137887,3920.20749899792,3635.64300122496,6218.15069507924,6212.11066449505,6146.9566021459,6237.26093417582,6215.13074346293
2023-12-21 19:00:00,6923.61150319141,4119.91100104165,3577.32350106875,6893.8565373147,6955.98698233189,6875.49958876599,7077.55626639697,6924.9211048258
2023-12-21 20:00:00,7383.31149740377,4719.11000241095,3890.93600242247,7357.07717373871,7415.12705073229,7243.11157652058,7579.28967822418,7386.10150025656
2023-12-21 21:00:00,7874.98999851011,5144.51949917001,4362.49350314727,7983.11077556159,8004.90051002663,7764.69234488517,8141.56015022147,7994.0054130803
2023-12-21 22:00:00,7563.17050116102,5334.03500121133,4949.61250269215,7675.98583020298,7640.89224815659,7775.68312618361,7819.11587245374,7658.43940914668
2023-12-21 23:00:00,6547.45100285194,4501.58650224423,4462.87350037904,6557.78706405103,6553.09063352791,6546.26867542837,6586.58467804472,6555.43889830063
2023-12-22,5341.23049958679,3878.02149983821,3878.02149983821,5344.20817242204,5359.35921820796,5324.21719948433,5458.75287020381,5351.7835355882
2023-12-22 01:00:00,4791.73500338243,3469.25850314414,3469.25850314414,4803.67888854237,4792.02233049643,4789.02927200781,4800.73338714229,4797.85073240628
2023-12-22 02:00:00,4283.15400127333,3220.30500098492,3220.30500098492,4303.8923173504,4285.00176835907,4259.88470022569,4284.88323395381,4294.44724200448
2023-12-22 03:00:00,3928.72250195977,3020.51950285549,3020.51950285549,3924.85653264155,3916.22214954885,3893.22908599727,3959.83525536014,3920.53943212141
2023-12-22 04:00:00,3830.45400707505,2962.15199878078,2962.15199878078,3815.63090108995,3821.81773729395,3795.15156986097,3845.82332177862,3818.7242539685
2023-12-22 05:00:00,3760.96700161591,3052.51449986559,3052.51449986559,3768.92463702896,3769.09205600029,3727.65391395829,3778.41215128333,3769.00834474964
2023-12-22 06:00:00,3874.51700425195,3097.09550037631,3097.09550037631,3880.04426661177,3857.86050347939,3871.96257642719,3902.94169220807,3868.95261891336
2023-12-22 07:00:00,4475.70950233308,3443.8740002038,3443.8740002038,4458.06601914074,4467.36356105605,4455.37966012462,4485.14315785112,4462.71469208096
2023-12-22 08:00:00,5848.640503056,3872.05250156566,3872.05250156566,5794.1062576841,5821.32284047734,5614.65312898423,5800.39946234351,5807.71426215547
2023-12-22 09:00:00,6237.61550236295,4077.65400033828,4077.65400033828,6233.51070467608,6248.99201092443,6193.21410160308,6292.30704516303,6241.25119459176
2023-12-22 10:00:00,6038.76250162208,4095.96650322096,4095.96650322096,6069.81350107097,6049.70220484429,5997.61899086242,6056.04142169036,6059.75806497685
2023-12-22 11:00:00,6001.13250568183,4033.91550249851,4033.91550249851,5996.74319822363,5991.6438070957,5968.22377576916,5978.58207292232,5994.19355641895
2023-12-22 12:00:00,5753.32450072182,4095.3290033791,4095.3290033791,5777.25044061288,5776.34373746646,5728.73875787075,5775.2804623847,5776.7970985984
2023-12-22 13:00:00,5719.2500020864,4440.8240003332,4440.8240003332,5716.46358929147,5728.21420863253,5691.34340649093,5772.36159424367,5722.3387750835
2023-12-22 14:00:00,6011.53599888313,4630.41200199362,4630.41200199362,6005.53821850342,6023.78530143849,5961.03822980436,6047.30219484775,6014.66156760482
2023-12-22 15:00:00,6168.46699629084,4226.74000041885,4226.74000041885,6151.79501513248,6138.78294847421,6089.5446965867,6129.32213876932,6145.28911898039
2023-12-22 16:00:00,5840.41900158837,3912.88799958269,3912.88799958269,5851.6445617311,5850.12298761468,5805.90151956776,5958.7643264513,5850.88379071377
2023-12-22 17:00:00,5723.38650085218,3757.89100159879,3757.89100159879,5705.29317251109,5709.03564418036,5673.78175325116,5764.85092126461,5707.16436889149
2023-12-22 18:00:00,6056.90750023606,3635.64300122496,3635.64300122496,6036.41972828382,6111.81987153115,6053.58115598376,6102.64508177629,6074.11900501691
2023-12-22 19:00:00,6728.29249899276,3577.32350106875,3577.32350106875,6727.9196159561,6683.25087251917,6605.46519631242,6779.0268137323,6705.58571514872
2023-12-22 20:00:00,6791.70799873152,3890.93600242247,3890.93600242247,6806.94430164641,6790.00191697209,6715.5330482546,6901.40622863681,6798.47328792087
2023-12-22 21:00:00,7132.21050373907,4362.49350314727,4362.49350314727,7112.49049636489,7096.88267374414,6942.51170491815,7257.95937126615,7104.68674959679
2023-12-22 22:00:00,6930.56400134368,4949.61250269215,4949.61250269215,7000.95605154661,6923.01791029673,6935.3439448643,7091.98355973387,6961.98780256856
2023-12-22 23:00:00,6303.93549901922,4462.87350037904,4462.87350037904,6243.96274473601,6260.41671502354,6226.38920512416,6303.72073679655,6252.18955641716
2023-12-23,5412.62649879523,4023.42650119867,3878.02149983821,5433.74806435645,5410.6725150237,5368.47149233084,5517.62923192974,5422.21053295933
2023-12-23 01:00:00,4846.76899816969,3609.41050378873,3469.25850314414,4829.76920735264,4854.13879684326,4833.48115011697,4868.72270229547,4841.95374518654
2023-12-23 02:00:00,4263.26700024249,3294.22500246519,3220.30500098492,4258.51328711307,4258.26773558567,4247.91018043973,4289.20981861713,4258.39051393805
2023-12-23 03:00:00,3915.7695050902,3084.05800014839,3020.51950285549,3900.96089281886,3913.0331143117,3891.41716044315,3925.90596711519,3906.99687629635
2023-12-23 04:00:00,3694.19249948382,3024.46650301048,2962.15199878078,3706.82008361914,3691.65795736344,3670.26661219955,3710.31655839954,3699.2391803349
2023-12-23 05:00:00,3603.82250335149,3007.75600211474,3052.51449986559,3594.10600370652,3595.59280517172,3591.31473874842,3610.04137805444,3594.84938876482
2023-12-23 06:00:00,3627.21650508023,2710.46800186485,3097.09550037631,3616.95992449969,3609.19775604716,3621.16459223539,3639.47046974789,3613.0789221045
2023-12-23 07:00:00,3802.14100074326,2681.48850309057,3443.8740002038,3800.93684414915,3758.57929231771,3709.63351951586,3810.16557207354,3779.75851477925
2023-12-23 08:00:00,4239.17650094768,3248.19900084962,3872.05250156566,4146.66616564741,4138.97668255461,4058.79774707593,4482.4101445155,4142.82150516581
2023-12-23 09:00:00,4868.37400175282,3972.53850250947,4077.65400033828,4718.57521396806,4691.79219613882,4785.27117776115,4943.17419853894,4705.18398740792
2023-12-23 10:00:00,5860.16699467145,4358.50400316529,4095.96650322096,5814.68721887138,5870.6937050211,5871.8473531354,5922.00249650967,5842.68987150933
2023-12-23 11:00:00,6464.25750084297,4338.97150042292,4033.91550249851,6455.57322703835,6452.10657051259,6380.837825392,6451.04814145953,6453.83993532198
2023-12-23 12:00:00,6417.5004997669,4259.3395031034,4095.3290033791,6442.01087189385,6436.6658181238,6327.07493000903,6580.43079209781,6439.33840135796
2023-12-23 13:00:00,6294.79899815499,4322.5750025938,4440.8240003332,6316.52200715042,6278.21868956927,6184.89045849115,6399.00658594333,6297.37075216472
2023-12-23 14:00:00,6639.51249921834,4387.26800414361,4630.41200199362,6629.93815047412,6636.20692609643,6477.56720093369,6636.46012027682,6633.07247219799
2023-12-23 15:00:00,6742.08000132494,3973.49150129128,4226.74000041885,6763.63990341171,6740.90132297279,6620.22463261184,6714.82849285367,6752.27085290908
2023-12-23 16:00:00,6100.04800113419,3647.46549946209,3912.88799958269,6075.88909569962,6107.43755437418,6046.77155196445,6198.08359927421,6091.66299244373
2023-12-23 17:00:00,5865.47549862624,3497.72500005004,3757.89100159879,5830.73625633432,5833.56807651373,5803.2439393242,5911.08250454998,5832.15213657014
2023-12-23 18:00:00,6071.19300436362,3426.77900193352,3635.64300122496,6116.0836068741,6081.73161119261,6026.00929114186,6100.82923439921,6098.90797118224
2023-12-23 19:00:00,6744.95999893523,3477.07250109385,3577.32350106875,6732.42047653699,6757.72276103553,6748.42169105766,6836.26430260541,6745.0713520421
2023-12-23 20:00:00,6903.70399951865,3745.54350259621,3890.93600242247,6881.61325890992,6875.007760777,6858.57473158749,6938.12280684369,6878.31057948057
2023-12-23 21:00:00,7179.34000234224,4258.97400144592,4362.49350314727,7208.35248323313,7180.12565187427,7126.02903990865,7254.2220847876,7194.23936512929
2023-12-23 22:00:00,7188.62699955946,4842.84700175363,4949.61250269215,7156.47093236318,7171.55650289376,7131.32576464861,7244.949476787,7164.01355859193
2023-12-23 23:00:00,6537.41150409856,4521.1220019001,4462.87350037904,6544.67694066472,6530.58392843351,6518.75331943963,6584.90120722427,6537.63058312181
2023-12-24,5593.89650393371,3996.57750128047,3878.02149983821,5579.60584287472,5577.86402905226,5510.9019905641,5679.81380637062,5578.7349543262
2023-12-24 01:00:00,4895.92349732062,3550.27300327946,3469.25850314414,4897.92290681668,4910.04870043585,4877.49406463587,4930.40328293526,4903.98567579257
2023-12-24 02:00:00,4228.55799934047,3257.84999884665,3220.30500098492,4214.29346692376,4232.67743116534,4192.34188377233,4245.98182973964,4223.48525523537
2023-12-24 03:00:00,3803.60250258166,3081.54900307616,3020.51950285549,3803.1478575505,3810.33640260597,3784.14377066988,3835.03440369897,3806.74205429447
2023-12-24 04:00:00,3635.61349961488,3012.7995023214,2962.15199878078,3642.41171350498,3637.33939430423,3634.03418583829,3655.66773277229,3639.87560737849
2023-12-24 05:00:00,3530.7165025468,3023.2755045637,3052.51449986559,3527.93443497912,3521.25863124194,3498.57417548169,3529.58555942936,3524.59660348882
2023-12-24 06:00:00,3527.86850402167,2684.3255003409,3097.09550037631,3515.057563851,3538.66799723282,3509.07952993443,3545.09776891936,3526.86253163375
2023-12-24 07:00:00,3642.67150268669,2568.47500065074,3443.8740002038,3631.62925045838,3626.27374411716,3622.3496333565,3651.07091527617,3628.9515537471
2023-12-24 08:00:00,3990.63350081083,3043.41049893526,3872.05250156566,3947.8255358578,3996.09656122948,3953.98092117199,4010.62347086218,3971.96053965624
2023-12-24 09:00:00,4688.28350210306,3696.55300188798,4077.65400033828,4689.12522211654,4686.39797192633,4667.36216840339,4707.19038677736,4687.76162577291
2023-12-24 10:00:00,5709.51150083437,4136.40199957031,4095.96650322096,5702.74336368596,5704.86590340975,5680.79448497457,5752.33837906185,5703.80461117141
2023-12-24 11:00:00,6418.0209980713,4203.11700091604,4033.91550249851,6368.37135554107,6349.62527538141,6243.17135666235,6408.79801392494,6358.99851308795
2023-12-24 12:00:00,6102.4204966292,4135.43500003801,4095.3290033791,6098.79053741059,6098.31587599069,6011.23258776742,6139.1167126842,6098.55321170466
2023-12-24 13:00:00,5664.45700163516,4305.12950276397,4440.8240003332,5690.38786943221,5693.24917868106,5716.21189226685,5699.72053004904,5691.81849389187
2023-12-24 14:00:00,5507.17799996142,4437.49050235003,4630.41200199362,5562.48872335398,5474.18162773189,5510.97558288647,5655.21692027538,5518.33610650241
2023-12-24 15:00:00,5861.45450142142,4158.15449999226,4226.74000041885,5840.36664150477,5846.61975550605,5794.12330684408,5910.87389478458,5843.49313258323
2023-12-24 16:00:00,5748.89500226406,3782.78049983922,3912.88799958269,5733.8796704105,5726.1383391102,5716.72443690559,5762.25060191342,5730.00908637175
2023-12-24 17:00:00,5576.24700276949,3715.63600158005,3757.89100159879,5531.93206505569,5560.81690170786,5554.69926580813,5631.63964982317,5546.3741788693
2023-12-24 18:00:00,5971.10299844755,3751.27450018923,3635.64300122496,5962.07616662099,5958.24145136601,5987.42188747242,6063.30098334371,5960.1588494202
2023-12-24 19:00:00,6734.03200108232,4028.33700247819,3577.32350106875,6728.63551608166,6719.12102189716,6747.30822514283,6802.23389446025,6723.87836929402
2023-12-24 20:00:00,6429.32850312337,4803.6940028799,3890.93600242247,6387.87351854753,6377.16282225532,6416.2967628973,6443.7300432041,6382.51828331675
2023-12-24 21:00:00,6596.90349654248,5320.9565022866,4362.49350314727,6758.97557178191,6729.83867559983,6556.6481148954,6697.87104316578,6744.40743086063
2023-12-24 22:00:00,6979.21800035401,5457.94950379978,4949.61250269215,6954.70586948482,6981.49095971744,6841.9003564521,6930.15971293393,6968.0981322248
2023-12-24 23:00:00,5927.51799821085,4571.14750221872,4462.87350037904,5866.32578381745,5872.36824911733,5876.30166451653,5948.61057642897,5869.34695276593
2023-12-25,5308.0250020246,3812.80499906244,3878.02149983821,5312.47235363002,5301.67577327538,5272.80822144719,5282.78106946423,5307.07417727344
2023-12-25 01:00:00,5210.38750249788,3397.92450404319,3469.25850314414,5191.38450931347,5169.09234087419,5207.33665327067,5208.53881975802,5180.23866010445
2023-12-25 02:00:00,4927.53900330234,3148.71050260798,3220.30500098492,4936.28197936496,4908.18032306831,4892.20878931371,4915.45648195851,4922.23144747259
2023-12-25 03:00:00,4371.878499349,3025.0705038954,3020.51950285549,4380.49367330386,4357.24874664458,4353.76296381384,4482.79925129197,4368.8714550291
2023-12-25 04:00:00,3928.22149770253,2994.02500433777,2962.15199878078,3944.73767632513,3936.89037525941,3904.89307834251,3941.73038602845,3940.81410852084
2023-12-25 05:00:00,3712.58699966036,3067.71149801568,3052.51449986559,3716.2242492731,3716.07252164837,3697.71654058315,3718.95562386481,3716.1483870603
2023-12-25 06:00:00,3709.09050276654,3091.76900229475,3097.09550037631,3699.18736654185,3700.98432878336,3686.09803025548,3706.25910074622,3700.0858287185
2023-12-25 07:00:00,3739.95900188875,3508.67150374467,3443.8740002038,3731.61741203582,3773.13549727585,3702.39326128935,3737.39918407974,3752.37601695992
2023-12-25 08:00:00,3873.68350336794,3868.24000271223,3872.05250156566,3949.41552323314,3923.42008134155,3888.17784729401,4276.85505833729,3936.41807633897
2023-12-25 09:00:00,3911.52450143546,4089.93500117643,4077.65400033828,4003.6658381039,3971.13048799094,3923.43879447936,4490.38287849167,3987.39850604468
2023-12-25 10:00:00,4469.03900155635,4179.94350156852,4095.96650322096,4216.54761457143,4207.2970634947,4207.98340142171,4805.78700128718,4211.9224365551
2023-12-25 11:00:00,5264.4255017775,4183.36300173879,4033.91550249851,5219.00148960164,5276.79308655885,5228.33986880876,5515.40870335296,5247.89667882417
2023-12-25 12:00:00,5534.94000394898,4281.9530013015,4095.3290033791,5478.75041390915,5509.72464702514,5461.64863316882,5541.19437413156,5494.23720392763
2023-12-25 13:00:00,5433.47650211211,4537.85950070084,4440.8240003332,5416.95297659414,5406.66392431178,5421.0353362792,5423.42997117251,5411.80855892318
2023-12-25 14:00:00,5358.64250020025,4727.99400077015,4630.41200199362,5357.02390218681,5355.22006721197,5316.66571674881,5400.72614959986,5356.12200371595
2023-12-25 15:00:00,5290.75650045241,4292.26650282752,4226.74000041885,5310.69071663745,5321.09989920672,5257.73126853562,5350.20116810334,5315.89519818541
2023-12-25 16:00:00,4580.44849982485,4068.67900109151,3912.88799958269,4700.33691566163,4724.96415830524,4716.71448690461,4887.70299949986,4712.65027735577
2023-12-25 17:00:00,4223.36199884478,3990.68950289523,3757.89100159879,4167.38663754401,4330.33255763177,4350.42936086324,4503.25122752394,4248.8578797639
2023-12-25 18:00:00,4663.63099954388,3911.65200090094,3635.64300122496,4523.51186052884,4603.52769374378,4535.89514788109,4930.85478705802,4563.51893358577
2023-12-25 19:00:00,5710.34899857931,4276.07100102503,3577.32350106875,5631.44091491095,5624.01699300585,5529.00897459366,5904.78798698962,5627.72903222358
2023-12-25 20:00:00,6355.57850307587,5180.72500242095,3890.93600242247,6319.04280393277,6279.15892770281,6269.37417320601,6368.82282886522,6299.10128628538
2023-12-25 21:00:00,7066.11100026849,5529.52000025532,4362.49350314727,7220.03835959572,7232.74240301334,6866.94679897257,7204.25897824,7226.39024737476
2023-12-25 22:00:00,7154.81650470698,5493.65250209486,4949.61250269215,7197.39914993279,7203.89479951092,7033.74575526203,7279.38895440148,7200.6469062428
2023-12-25 23:00:00,6436.10749867745,4605.84550008271,4462.87350037904,6428.85228136066,6423.39990402127,6393.24745403586,6475.1086471781,6426.12615017154
2023-12-26,5380.12850279792,3974.0605006431,3878.02149983821,5392.07352484486,5379.43077572406,5362.99510899437,5482.63137153118,5385.75228356806
2023-12-26 01:00:00,4709.47700624913,3479.58400138607,3469.25850314414,4711.79371506333,4735.89732059438,4669.3972202132,4744.38418164555,4723.84526372153
2023-12-26 02:00:00,4104.72350293747,3224.16650517471,3220.30500098492,4150.39490248964,4170.993323043,4148.32073142977,4240.90182232406,4160.69389561169
2023-12-26 03:00:00,3798.4434996997,3026.64450340311,3020.51950285549,3820.67056858243,3797.99456332834,3802.26123266485,3818.36315365331,3809.33280501253
2023-12-26 04:00:00,3673.66500219551,2979.62199939799,2962.15199878078,3647.80619794911,3662.19823966964,3596.56361999867,3696.55269131215,3655.00206708423
2023-12-26 05:00:00,3684.50150437909,3097.94800127589,3052.51449986559,3670.35314007363,3689.61951782757,3655.67819459756,3699.98180613862,3679.98612583876
2023-12-26 06:00:00,3821.26850347419,3119.46250026475,3097.09550037631,3819.71347179137,3831.15122668398,3792.18047320748,3834.52227203994,3825.43222865749
2023-12-26 07:00:00,4197.34600173729,3618.68900130154,3443.8740002038,4222.9592670528,4203.5101708456,4197.95234727669,4235.62182809569,4213.23492398732
2023-12-26 08:00:00,4888.94849997584,4014.44650246436,3872.05250156566,4903.73776932654,4909.06057270374,4757.30408375703,4966.93407519853,4906.39911490058
2023-12-26 09:00:00,5468.72350193991,4140.52750166203,4077.65400033828,5662.10415137638,5673.45704892455,5333.66654731167,5739.11940020865,5667.78048046487
2023-12-26 10:00:00,6161.55800022325,4119.28100655158,4095.96650322096,6212.12792938727,6155.96312547318,5890.38714559207,6237.42156651315,6184.04611953617
2023-12-26 11:00:00,6529.2724999084,4057.63500284182,4033.91550249851,6558.75123918434,6577.72615859204,6445.29136037162,6699.73675697783,6568.23849884898
2023-12-26 12:00:00,6197.08300136693,4194.73650531319,4095.3290033791,6212.62871836468,6180.9273822313,6156.94965641749,6261.27664880113,6196.77838450283
2023-12-26 13:00:00,5859.38200154243,4504.00250181463,4440.8240003332,5886.13883751377,5834.71443032532,5828.33443988113,5840.46072042868,5860.42717605083
2023-12-26 14:00:00,6109.22850311641,4613.98400094779,4630.41200199362,6107.85591700496,6123.80568603473,6035.12644932023,6115.39448519157,6115.83063337267
2023-12-26 15:00:00,6238.53250172664,4291.65250235808,4226.74000041885,6250.41840852252,6284.55753964914,6116.08865733188,6299.80771630048,6267.48761418103
2023-12-26 16:00:00,5665.10800129955,4084.72900088842,3912.88799958269,5635.52930995967,5561.46935189155,5642.84002988552,5746.33345690267,5598.50011168756
2023-12-26 17:00:00,5336.20900449017,3944.50400155748,3757.89100159879,5270.12456563929,5302.65692702007,5230.16047245886,5460.48181015838,5286.39040336392
2023-12-26 18:00:00,5715.36349841929,3888.7250029943,3635.64300122496,5724.38932020655,5661.22383984214,5672.48845807333,5828.62908951403,5692.80724593349
2023-12-26 19:00:00,6599.10450413392,4166.51049937564,3577.32350106875,6581.43765444938,6599.99869793482,6396.87681124679,6693.11965430084,6590.7179805161
2023-12-26 20:00:00,7082.37299938453,5002.06400427909,3890.93600242247,7035.1604791078,6974.14991983546,6886.27616345725,7021.59310776222,7004.65584266296
2023-12-26 21:00:00,7800.15049677168,5483.76650129189,4362.49350314727,7791.36091849193,7810.46210764277,7506.45416981019,7731.38539867762,7800.91131169697
2023-12-26 22:00:00,7729.17200217315,5516.21550051367,4949.61250269215,7715.14295218286,7734.28399353388,7528.73224216694,7687.13470285531,7724.71327106786
2023-12-26 23:00:00,6748.31300590071,4583.18400226114,4462.87350037904,6744.8577003398,6736.54347802084,6629.51344514613,6732.58015869824,6740.70067683131
2023-12-27,5616.91849743703,3937.83000165178,3878.02149983821,5615.92457751535,5609.55700275623,5562.44551782076,5788.72075296665,5612.74085726464
2023-12-27 01:00:00,4985.90100227902,3524.4159997399,3469.25850314414,4998.52420367317,5000.74854383957,4962.55355082151,5028.16527607339,4999.63635030672
2023-12-27 02:00:00,4405.06749817706,3284.64199897763,3220.30500098492,4369.39374570919,4398.62503592907,4404.05356375483,4454.42352737436,4384.00908265424
2023-12-27 03:00:00,4029.84400309925,3089.69300293387,3020.51950285549,4034.85600562445,4025.17245921799,4019.63181002876,4054.45986269077,4030.01433450803
2023-12-27 04:00:00,3875.42399971408,3037.19650082325,2962.15199878078,3868.92771971213,3879.76750361923,3883.48877988701,3903.70872386841,3874.34749738948
2023-12-27 05:00:00,3799.41450384911,3120.3994991259,3052.51449986559,3781.16119303613,3816.48048225906,3758.7621528894,3806.30756951351,3798.82046530122
2023-12-27 06:00:00,3907.293003447,3167.17199901131,3097.09550037631,3888.66775791885,3903.84278370491,3899.32080689944,3931.42246260463,3896.25511083228
2023-12-27 07:00:00,4335.2255059313,3586.44450181129,3443.8740002038,4351.15290959387,4339.18951880035,4298.17948592746,4342.23698586285,4345.17134031871
2023-12-27 08:00:00,4999.16000581882,3889.14750203351,3872.05250156566,4958.73875646089,4976.90290069251,4950.04892090783,4999.58002077249,4967.82063708493
2023-12-27 09:00:00,5565.04650345212,4103.82249803317,4077.65400033828,5549.98688521665,5558.17605622363,5547.57758349109,5654.88788432907,5554.08138438748
2023-12-27 10:00:00,6159.46650169068,4117.45250114182,4095.96650322096,6137.45629596481,6129.23444443493,6090.56706008927,6163.27778036021,6133.34545687706
2023-12-27 11:00:00,6124.05850148422,4014.28799769632,4033.91550249851,6094.07990165999,6108.04343226074,6005.28393972627,6128.25235359094,6101.06151975271
2023-12-27 12:00:00,5696.02900234988,4111.64700231131,4095.3290033791,5709.58944325863,5698.75289190729,5693.71621732371,5731.1326232615,5704.17128182508
2023-12-27 13:00:00,5369.50949918048,4453.63600384444,4440.8240003332,5381.11630829462,5388.15057530845,5376.90169923726,5411.15250680607,5384.63336764422
2023-12-27 14:00:00,5683.16549906123,4629.46149996202,4630.41200199362,5662.43650898554,5699.13340416412,5629.08329910009,5724.44542369892,5680.78456970533
2023-12-27 15:00:00,5866.52300468943,4288.95700080122,4226.74000041885,5870.9742604166,5836.40098139321,5778.73544407294,5862.96003997067,5853.68798538662
2023-12-27 16:00:00,5414.02249912755,4109.54250011093,3912.88799958269,5394.12764654152,5395.57197117215,5370.63287404348,5434.43922276567,5394.84979363034
2023-12-27 17:00:00,5024.58250299096,4042.09200018295,3757.89100159879,5011.07119780213,5042.62253548683,4983.42045673822,5055.79498376611,5026.84653402097
2023-12-27 18:00:00,5431.01250404026,3890.35600409959,3635.64300122496,5444.26213172307,5417.77867552119,5351.30869947587,5503.76295363999,5431.02068281854
2023-12-27 19:00:00,6353.8574979289,4128.75250369054,3577.32350106875,6394.36892111028,6345.02405760099,6271.9939142369,6472.42877506534,6369.69700956375
2023-12-27 20:00:00,6776.12749859935,4866.06450009916,3890.93600242247,6726.77747023672,6863.28644521581,6914.18179070142,6913.15966740177,6795.03051860835
2023-12-27 21:00:00,7440.55599856318,5215.71400297561,4362.49350314727,7564.27476399642,7536.43411638949,7376.44936087183,7602.95857171699,7550.35473369728
2023-12-27 22:00:00,7374.56900119537,5440.81550056499,4949.61250269215,7468.18547086185,7481.48706379681,7371.18151521426,7644.39122960437,7474.83612710001
2023-12-27 23:00:00,6493.6360020974,4616.35249849106,4462.87350037904,6529.82261159937,6507.19240224145,6521.90646636583,6542.29871969409,6518.50774549476
2023-12-28,5473.01000312553,3985.94000082661,3878.02149983821,5474.92083618721,5429.42895465782,5427.84963186885,5547.24951796217,5452.17537501136
2023-12-28 01:00:00,4778.1140028314,3533.07100122375,3469.25850314414,4771.02102977367,4770.73695970886,4790.82945258274,4802.89071711982,4770.87899773602
2023-12-28 02:00:00,4222.45050062367,3257.75550389697,3220.30500098492,4222.66956066655,4219.42276071003,4157.09893879747,4250.92194019838,4221.04619491701
2023-12-28 03:00:00,3907.4845049599,3068.56349791156,3020.51950285549,3903.21908079963,3895.71071232158,3900.25826775938,3916.54343758143,3899.46497571604
2023-12-28 04:00:00,3726.67100064491,3005.89000203146,2962.15199878078,3737.58549415502,3721.14160359364,3709.65829074974,3743.56495513793,3729.36372223068
2023-12-28 05:00:00,3626.72300120944,3080.66700125381,3052.51449986559,3635.82361140166,3624.6206052703,3623.73900885169,3632.43988174519,3630.22222644138
2023-12-28 06:00:00,3715.71700706251,3127.032999933,3097.09550037631,3697.75164844388,3709.82815509402,3726.56596074103,3719.31395136159,3703.78977445485
2023-12-28 07:00:00,4037.83300196344,3536.91050184076,3443.8740002038,4056.45625702531,4050.451156578,3965.79661300134,4082.12583729274,4053.4537701092
2023-12-28 08:00:00,4715.81400013354,3965.535000748,3872.05250156566,4681.69364514523,4666.26708097777,4542.21655946736,4725.09937115861,4673.9805256929
2023-12-28 09:00:00,5271.39800061309,4109.49650311226,4077.65400033828,5233.31454339817,5226.45508961704,5225.04942695839,5341.16575165648,5229.88488882199
2023-12-28 10:00:00,5922.87049983372,4106.71250284731,4095.96650322096,5898.72256442738,5898.07259527957,5860.38255257438,5962.87503989521,5898.39758670565
2023-12-28 11:00:00,6241.83200202766,4050.99200042791,4033.91550249851,6257.96817461113,6237.48701050307,6264.98049058281,6256.32767445717,6247.72780847558
2023-12-28 12:00:00,5969.94900027197,4204.54800402035,4095.3290033791,6006.71432760858,5980.58401138762,5941.9417035884,6114.51959052097,5993.64944497161
2023-12-28 13:00:00,5748.46050176438,4558.02100177261,4440.8240003332,5730.86590436765,5786.32491434938,5775.62201128204,5823.11105214915,5758.59482469326
2023-12-28 14:00:00,6189.42200226511,4610.15600136656,4630.41200199362,6169.61195847489,6215.85657278217,6132.57941006013,6248.57479287064,6192.73377810415
2023-12-28 15:00:00,6296.28200271801,4323.3590012677,4226.74000041885,6282.14091301154,6287.50146687015,6295.74099143796,6380.5822103286,6284.82113342831
2023-12-28 16:00:00,5711.96250100969,4013.83449905342,3912.88799958269,5703.68554826623,5661.8502649152,5699.85644743816,5724.4290430916,5682.76834763062
2023-12-28 17:00:00,5412.1749992891,3982.3855019355,3757.89100159879,5414.13168826549,5422.04891875095,5410.98218226845,5469.17124316172,5418.09022004244
2023-12-28 18:00:00,5756.00300077547,3920.20749899792,3635.64300122496,5760.12832295025,5771.42016096856,5734.98239317245,5762.48694611475,5765.77412291752
2023-12-28 19:00:00,6465.03400618734,4119.91100104165,3577.32350106875,6426.61967031157,6413.86757837341,6414.16123442834,6441.45636017122,6420.24375877881
2023-12-28 20:00:00,6634.84900260123,4719.11000241095,3890.93600242247,6634.49390257472,6570.5150571162,6574.85331136806,6756.85265830616,6602.50515432934
2023-12-28 21:00:00,7088.10749944381,5144.51949917001,4362.49350314727,7017.28202793057,7005.07700854087,6908.4532563995,7052.40094120447,7011.17964690464
2023-12-28 22:00:00,7192.20300289232,5334.03500121133,4949.61250269215,7163.88367021462,7167.36463487128,7187.19673661583,7285.04284829755,7165.62411584559
2023-12-28 23:00:00,6365.75449973741,4501.58650224423,4462.87350037904,6385.15166028288,6402.07739393359,6354.92080027763,6484.08255398928,6393.61434867215
2023-12-29,5379.29399789986,3878.02149983821,3878.02149983821,5360.11066313116,5398.0428912788,5382.28960145968,5500.99702995432,5379.07637731223
2023-12-29 01:00:00,4824.41900381632,3469.25850314414,3469.25850314414,4839.04851827791,4810.55225133383,4824.5726214562,4829.66975285896,4824.80068522193
2023-12-29 02:00:00,4185.82549751841,3220.30500098492,3220.30500098492,4186.23560928699,4210.35232744565,4182.08480513151,4218.20741327936,4198.29371412076
2023-12-29 03:00:00,3824.36050300894,3020.51950285549,3020.51950285549,3816.6404529048,3838.775037009,3787.28920778886,3846.68187385702,3827.70751160758
2023-12-29 04:00:00,3631.23750287539,2962.15199878078,2962.15199878078,3641.6727633027,3639.83502943492,3627.61271622232,3651.38787167666,3640.75391574274
2023-12-29 05:00:00,3585.0654976021,3052.51449986559,3052.51449986559,3571.21028887681,3590.85569770744,3582.31591618856,3599.83475779976,3581.03278618443
2023-12-29 06:00:00,3640.23350367555,3097.09550037631,3097.09550037631,3634.95371931033,3635.51821006841,3607.04655167153,3655.68865645276,3635.23595873834
2023-12-29 07:00:00,3967.88500219292,3443.8740002038,3443.8740002038,3961.71475983111,3970.56609838571,3921.46317985776,3973.94984849618,3966.14033579499
2023-12-29 08:00:00,4638.2890039552,3872.05250156566,3872.05250156566,4639.99068852113,4651.58838475095,4615.05587936478,4687.6542808001,4645.78941436971
2023-12-29 09:00:00,5173.51449906931,4077.65400033828,4077.65400033828,5184.66142201755,5163.01157859999,5175.19013619899,5185.65599687457,5173.83672854781
2023-12-29 10:00:00,5683.45750236826,4095.96650322096,4095.96650322096,5700.07792343305,5709.85252975812,5642.9530611083,5712.47824660518,5704.9651235488
2023-12-29 11:00:00,5883.97650297766,4033.91550249851,4033.91550249851,5896.15206954119,5880.67521566762,5853.9354139937,5870.97369587056,5888.41380576597
2023-12-29 12:00:00,5671.27299898176,4095.3290033791,4095.3290033791,5633.3037025653,5673.39752181337,5714.76174894283,5733.58764670403,5653.35018950845
2023-12-29 13:00:00,5567.46850349888,4440.8240003332,4440.8240003332,5578.20016059625,5590.86096808864,5585.72249758106,5647.83170717857,5584.53043086848
2023-12-29 14:00:00,5944.49650215684,4630.41200199362,4630.41200199362,5893.19996530453,5969.95460605836,5948.23610482143,6003.95518174172,5931.57647651136
2023-12-29 15:00:00,6122.090999974,4226.74000041885,4226.74000041885,6101.10096071497,6111.1203548411,6082.07967784545,6167.87076578485,6106.11055215063
2023-12-29 16:00:00,5483.34249763726,3912.88799958269,3912.88799958269,5504.93450221532,5461.97163715545,5437.77851147756,5522.50489928288,5483.45352261259
2023-12-29 17:00:00,5260.59400074848,3757.89100159879,3757.89100159879,5226.36282560241,5254.46242866626,5234.1929952247,5323.8464802192,5240.41233090002
2023-12-29 18:00:00,5716.64250017656,3635.64300122496,3635.64300122496,5735.46905678882,5721.7869187119,5687.6802525066,5763.49838891727,5728.6281319915
2023-12-29 19:00:00,6394.94299817469,3577.32350106875,3577.32350106875,6358.72522062609,6355.71490355438,6341.04911262793,6420.91291073818,6357.22009382589
2023-12-29 20:00:00,6473.04950319207,3890.93600242247,3890.93600242247,6496.17757153346,6498.50882612752,6438.10874739657,6504.65435861957,6497.34317425371
2023-12-29 21:00:00,6861.06750336278,4362.49350314727,4362.49350314727,6925.5472969682,6909.49445500326,6874.62743791947,6999.8406580336,6917.52104521953
2023-12-29 22:00:00,6812.41800504713,4949.61250269215,4949.61250269215,6787.6552104721,6765.36513862921,6799.14627427386,6968.39829404917,6776.51040953918
2023-12-29 23:00:00,6172.64850045275,4462.87350037904,4462.87350037904,6130.46735185225,6222.63695049877,6209.55739183914,6255.51615351915,6176.55117949639
2023-12-30,5288.23350296018,4023.42650119867,3878.02149983821,5272.03437285583,5301.98426081557,5333.70216017185,5330.12679821578,5287.00900109514
2023-12-30 01:00:00,4817.75800212752,3609.41050378873,3469.25850314414,4803.34178695462,4846.14898627455,4834.89217526754,4818.82351803091,4824.74493532845
2023-12-30 02:00:00,4185.51550104551,3294.22500246519,3220.30500098492,4193.62768921459,4205.63586669645,4168.40397831798,4201.38955685976,4199.63165136177
2023-12-30 03:00:00,3807.29550365021,3084.05800014839,3020.51950285549,3793.91643922193,3806.31846232343,3781.63579480287,3815.17735807908,3800.11732002689
2023-12-30 04:00:00,3635.07499814662,3024.46650301048,2962.15199878078,3638.98843412626,3639.41839277257,3627.88610718625,3651.56203525435,3639.20340891667
2023-12-30 05:00:00,3544.8390013898,3007.75600211474,3052.51449986559,3538.66128635694,3524.7874397194,3521.70877774134,3544.83399658552,3531.72450930036
2023-12-30 06:00:00,3551.16799850389,2710.46800186485,3097.09550037631,3548.35152966431,3540.58590881972,3533.65190305901,3546.49811980465,3544.46880110949
2023-12-30 07:00:00,3649.29149884824,2681.48850309057,3443.8740002038,3629.13744070029,3617.49101163585,3611.51905224371,3651.7048555852,3623.31434894817
2023-12-30 08:00:00,4018.74600037583,3248.19900084962,3872.05250156566,3965.53020885587,3998.96034481775,3864.9069531625,4031.55133814987,3982.24492440645
2023-12-30 09:00:00,4550.24900215073,3972.53850250947,4077.65400033828,4488.69298393197,4538.19754713978,4449.67565123642,4569.24634703774,4513.44474364416
2023-12-30 10:00:00,5348.67999860493,4358.50400316529,4095.96650322096,5339.10121623707,5341.86376927384,5281.18898338204,5409.31534930877,5340.48246363181
2023-12-30 11:00:00,5902.26800114696,4338.97150042292,4033.91550249851,5901.20915371661,5907.22159793842,5874.1105056948,5908.06120094958,5904.21531244255
2023-12-30 12:00:00,5695.84150100034,4259.3395031034,4095.3290033791,5701.90872491975,5656.86778291892,5666.0101885436,5832.87258325395,5679.38872875424
2023-12-30 13:00:00,5338.69799866009,4322.5750025938,4440.8240003332,5315.26096566274,5368.76850271423,5349.50206124779,5487.0888000208,5342.01417009623
2023-12-30 14:00:00,5421.00150103797,4387.26800414361,4630.41200199362,5419.44019227966,5382.97245413392,5354.91359060976,5465.02027650236,5401.20670766045
2023-12-30 15:00:00,5652.26250120747,3973.49150129128,4226.74000041885,5665.73797296682,5649.77680158821,5624.05990864344,5713.62260865981,5657.7575555449
2023-12-30 16:00:00,5224.40349601046,3647.46549946209,3912.88799958269,5226.34609659134,5212.11218295598,5234.26788579687,5248.92207956953,5219.22928983178
2023-12-30 17:00:00,4851.36849944456,3497.72500005004,3757.89100159879,4844.38129225952,4837.67393033389,4872.55561674257,4910.99955129877,4841.0276820077
2023-12-30 18:00:00,5223.58749801328,3426.77900193352,3635.64300122496,5179.41703444189,5183.53443361515,5137.01037010809,5259.3664508347,5181.47569062168
2023-12-30 19:00:00,6113.55050527444,3477.07250109385,3577.32350106875,6141.09647829149,6105.95224268342,6053.97380741638,6148.89174557912,6123.52473098836
2023-12-30 20:00:00,6280.48550414701,3745.54350259621,3890.93600242247,6229.57757874925,6298.14947304287,6245.95291705444,6312.65584788836,6263.86280299091
2023-12-30 21:00:00,6711.33050073008,4258.97400144592,4362.49350314727,6742.47781080435,6697.78799264419,6656.46761628172,6745.06254368777,6720.13337285752
2023-12-30 22:00:00,6805.28900474636,4842.84700175363,4949.61250269215,6761.27298495778,6760.86250718042,6777.55920479686,6850.29127615924,6761.06775039648
2023-12-30 23:00:00,6144.3874996464,4521.1220019001,4462.87350037904,6127.21820704236,6103.99567755791,6155.07655693221,6144.29530898238,6115.6071871189
2023-12-31,5373.23499884526,3996.57750128047,3878.02149983821,5365.61944884468,5396.74551718963,5375.48634589934,5397.79059967525,5381.18215487696
2023-12-31 01:00:00,4673.2715035741,3550.27300327946,3469.25850314414,4686.06149947302,4693.74835151523,4685.94202849482,4699.20930622666,4689.90484445706
2023-12-31 02:00:00,4061.35800049291,3257.84999884665,3220.30500098492,4063.19230275728,4046.48115261691,4045.1496789747,4081.80265038777,4054.83690386098
2023-12-31 03:00:00,3677.88100394967,3081.54900307616,3020.51950285549,3685.61230806527,3678.93527992257,3673.58724369457,3697.98463049211,3682.27386438512
2023-12-31 04:00:00,3471.01300584071,3012.7995023214,2962.15199878078,3478.13106789023,3494.42151100788,3476.16513960181,3484.22259441994,3486.2761177104
2023-12-31 05:00:00,3332.92800364667,3023.2755045637,3052.51449986559,3330.60576409542,3333.35587134014,3315.08043495858,3354.29733377754,3331.98078872534
2023-12-31 06:00:00,3322.08100123366,2684.3255003409,3097.09550037631,3318.43752648486,3334.56762939384,3309.43708748835,3346.01353702314,3326.50240789104
2023-12-31 07:00:00,3456.71700011147,2568.47500065074,3443.8740002038,3455.91038488995,3465.2789351629,3437.20880094717,3474.4710339698,3460.5945612604
2023-12-31 08:00:00,3734.94300285215,3043.41049893526,3872.05250156566,3738.06583539773,3712.10083836396,3673.52066146772,3772.52366653824,3725.08361061151
2023-12-31 09:00:00,4104.46100291878,3696.55300188798,4077.65400033828,4079.75018567935,4088.3882482028,4034.33276742978,4131.76567962869,4084.06912587607
2023-12-31 10:00:00,5047.66100059869,4136.40199957031,4095.96650322096,5049.31551682629,5030.77507804763,4941.01042658989,5114.50515533431,5040.04549289574
2023-12-31 11:00:00,5911.48700186954,4203.11700091604,4033.91550249851,5900.42558569942,5943.07533787007,5900.05883488238,5964.92861497077,5921.75001215847
2023-12-31 12:00:00,6267.72900308017,4135.43500003801,4095.3290033791,6326.88478585384,6261.37817655498,6215.72021057952,6314.16734281373,6294.13217179442
2023-12-31 13:00:00,5988.03650244058,4305.12950276397,4440.8240003332,5952.05167802563,5944.41330445892,5939.70341100648,5989.89526291321,5948.23257176827
2023-12-31 14:00:00,5888.18400418019,4437.49050235003,4630.41200199362,5914.85620186554,5905.93706722007,5889.14559575391,5944.81588723418,5910.39672857096
2023-12-31 15:00:00,6148.15849849,4158.15449999226,4226.74000041885,6184.13233274457,6167.50014202131,6097.32710679202,6191.42445952758,6175.8164127244
2023-12-31 16:00:00,5865.84600034228,3782.78049983922,3912.88799958269,5860.52878714426,5851.86422715481,5861.32172260785,5990.9351852155,5856.19659849389
2023-12-31 17:00:00,5579.75750004465,3715.63600158005,3757.89100159879,5608.11739164582,5608.82936234508,5640.9941736494,5618.5211344973,5608.47336948965
2023-12-31 18:00:00,6085.53700136271,3751.27450018923,3635.64300122496,6084.25247108489,6058.17908340509,6007.56986206717,6157.86586240418,6071.21605211834
2023-12-31 19:00:00,7193.95999720786,4028.33700247819,3577.32350106875,7191.9490293069,7228.41135772418,7035.57080088667,7232.03187857362,7210.17980911891
2023-12-31 20:00:00,6867.0604996098,4803.6940028799,3890.93600242247,6886.83089965076,6883.02566264599,6867.00574728577,7000.84888543792,6884.92832126431
2023-12-31 21:00:00,6701.65250147856,5320.9565022866,4362.49350314727,6749.43825520843,6779.95797265935,6757.13623503843,6758.99911435821,6764.69779218602
2023-12-31 22:00:00,7204.37100008677,5457.94950379978,4949.61250269215,7212.37025230659,7153.01597935979,7129.12228434241,7142.6326999835,7182.69374156346
2023-12-31 23:00:00,6177.49800553883,4571.14750221872,4462.87350037904,6178.56491619934,6174.33967506401,6209.10134920482,6191.58391159686,6176.45234017542
2024-01-01,5454.80650175805,3812.80499906244,3878.02149983821,5443.6252299016,5456.64971764695,5458.21138714401,5493.50401201526,5450.13733646628
2024-01-01 01:00:00,5229.48150227999,3397.92450404319,3469.25850314414,5165.66787121351,5238.8982026893,5192.71928711013,5276.96925484895,5202.28226493563
2024-01-01 02:00:00,5041.75750193128,3148.71050260798,3220.30500098492,4993.4426038674,5020.35356647178,4945.73046065342,5079.81503090419,5006.89780146627
2024-01-01 03:00:00,4481.83050055115,3025.0705038954,3020.51950285549,4488.42655978626,4477.52139602925,4461.84424541097,4604.89795817011,4482.97409287321
2024-01-01 04:00:00,3957.38900235121,2994.02500433777,2962.15199878078,3957.46777312996,3979.04416473999,3923.72698806999,4085.24220373437,3968.25574147028
2024-01-01 05:00:00,3696.45200723736,3067.71149801568,3052.51449986559,3680.78593310699,3706.63034870132,3679.88295606275,3761.31954693872,3693.7078684447
2024-01-01 06:00:00,3596.63900457206,3091.76900229475,3097.09550037631,3585.72820838762,3596.82780930865,3577.5519295194,3640.71359464763,3591.27789183286
2024-01-01 07:00:00,3665.90850391681,3508.67150374467,3443.8740002038,3677.82898486668,3673.63630505478,3652.37374705696,3696.85948874948,3675.7326891612
2024-01-01 08:00:00,3815.99200307718,3868.24000271223,3872.05250156566,3828.87624405016,3811.53606667138,3790.5457341935,3970.47140999989,3820.20633816604
2024-01-01 09:00:00,3650.28150023939,4089.93500117643,4077.65400033828,3644.49473470825,3658.85648719431,3674.72283159924,3823.48054855579,3651.67545954545
2024-01-01 10:00:00,3778.93100287439,4179.94350156852,4095.96650322096,3683.73205075913,3611.78089439712,3671.39066709316,4037.2509041011,3647.75723110846
2024-01-01 11:00:00,4481.84850088303,4183.36300173879,4033.91550249851,4414.02129187014,4425.28172243648,4278.83416104296,4808.85016190108,4419.65138844253
2024-01-01 12:00:00,4958.112999039,4281.9530013015,4095.3290033791,4856.26180308015,4812.42478636316,4895.17760108959,5043.6952735921,4834.34375686443
2024-01-01 13:00:00,5130.5150023012,4537.85950070084,4440.8240003332,5104.81406743873,5085.44370550052,5110.37958693362,5196.09345513837,5095.1290906777
2024-01-01 14:00:00,5170.44850059302,4727.99400077015,4630.41200199362,5187.80555264583,5159.96895804271,5152.68479377279,5194.14102615971,5173.88754880587
2024-01-01 15:00:00,5362.08599599672,4292.26650282752,4226.74000041885,5364.41741232533,5360.56579469472,5380.61107625355,5389.40989857357,5362.49164411492
2024-01-01 16:00:00,4679.06349983392,4068.67900109151,3912.88799958269,4791.68605329012,4801.03562978131,4747.32217337324,4857.45980072047,4796.36074296972
2024-01-01 17:00:00,4356.16900124948,3990.68950289523,3757.89100159879,4274.08846958858,4227.95613283188,4330.43582587822,4355.67792953265,4251.02278755094
2024-01-01 18:00:00,4747.63100138801,3911.65200090094,3635.64300122496,4742.13218194993,4697.16126427131,4528.48520693828,4822.39175472054,4719.64719720731
2024-01-01 19:00:00,5893.18099977262,4276.07100102503,3577.32350106875,5838.8981067671,5821.81148976001,5649.40497277363,5857.54359652003,5830.35497839572
2024-01-01 20:00:00,6477.85400679801,5180.72500242095,3890.93600242247,6529.95507267575,6546.97428115112,6487.93055161419,6531.32522195311,6538.46449749192
2024-01-01 21:00:00,7116.03250084014,5529.52000025532,4362.49350314727,7129.7315809461,7186.27819869453,7125.47171880764,7186.82656542264,7158.00429368918
2024-01-01 22:00:00,7029.17000009748,5493.65250209486,4949.61250269215,7004.24100327975,6986.30709302203,6990.52643494597,7090.03568112722,6995.27423721547
2024-01-01 23:00:00,6081.25149727496,4605.84550008271,4462.87350037904,6057.46158521369,6034.43570899362,6050.26195946536,6112.20463983477,6045.94888984924
2024-01-02,5027.78450176294,3974.0605006431,3878.02149983821,5034.54827231189,5036.11403471079,4995.02300638727,5033.8135561417,5035.33113700461
2024-01-02 01:00:00,4376.75250619883,3479.58400138607,3469.25850314414,4380.47285022133,4394.65759017409,4340.12506237933,4444.7759584291,4387.56507065799
2024-01-02 02:00:00,3841.71150500176,3224.16650517471,3220.30500098492,3931.27689318392,3963.26657174033,4056.84686664068,4076.41737413008,3947.27139521749
2024-01-02 03:00:00,3593.10000015353,3026.64450340311,3020.51950285549,3566.47153915803,3618.80602892698,3611.59484670485,3722.18536490155,3592.63823231686
2024-01-02 04:00:00,3453.74700302444,2979.62199939799,2962.15199878078,3436.06424205193,3451.37666415154,3414.27409548748,3482.63419573066,3443.72029167366
2024-01-02 05:00:00,3414.32900500402,3097.94800127589,3052.51449986559,3416.09964549166,3406.68707323665,3377.35761782014,3454.99036403534,3411.39345859427
2024-01-02 06:00:00,3494.49650677061,3119.46250026475,3097.09550037631,3503.40901847415,3492.5252676171,3460.63423394126,3507.76421966541,3497.96725778534
2024-01-02 07:00:00,3834.29500244407,3618.68900130154,3443.8740002038,3811.71478071822,3832.80712910839,3797.51997950999,3841.71300006813,3822.26073255154
2024-01-02 08:00:00,4480.54800268868,4014.44650246436,3872.05250156566,4526.70543390323,4497.42159381947,4504.24791436037,4548.06519914663,4512.06382258024
2024-01-02 09:00:00,4970.90500127745,4140.52750166203,4077.65400033828,4961.3908000817,4994.8324268693,4935.47567281324,5113.33932051683,4978.11126092399
2024-01-02 10:00:00,5538.31749760336,4119.28100655158,4095.96650322096,5480.52248448096,5461.653842759,5393.77097153318,5698.47024210277,5471.08836253877
2024-01-02 11:00:00,5968.50900196587,4057.63500284182,4033.91550249851,6240.07823330965,6156.56207183908,5885.02395454862,6202.43037404167,6198.3210330264
2024-01-02 12:00:00,5874.22799697379,4194.73650531319,4095.3290033791,5940.61337876321,5910.37777140105,5783.08603702858,5941.59598816148,5925.49589383483
2024-01-02 13:00:00,5903.54999922868,4504.00250181463,4440.8240003332,5876.05059285599,5902.18085480038,5894.87238683968,5941.89636271442,5889.11544835525
2024-01-02 14:00:00,6396.50700232945,4613.98400094779,4630.41200199362,6466.17710204611,6459.89012165351,6412.15485261041,6462.04087270798,6463.03367812901
2024-01-02 15:00:00,6565.57199978695,4291.65250235808,4226.74000041885,6635.53561223849,6628.21728502468,6512.44538579777,6715.56507525627,6631.87652578355
2024-01-02 16:00:00,5914.73950363847,4084.72900088842,3912.88799958269,5895.7983412441,5869.79222518986,5921.46025425766,6262.16059269679,5882.79555738113
2024-01-02 17:00:00,5487.06700206525,3944.50400155748,3757.89100159879,5419.1998727603,5360.6322665455,5417.54096423305,5511.34881622007,5389.9166870899
2024-01-02 18:00:00,5609.16200036556,3888.7250029943,3635.64300122496,5551.33153032904,5548.26023361688,5587.69417351366,5750.25376861479,5549.79591435148
2024-01-02 19:00:00,6316.63000173355,4166.51049937564,3577.32350106875,6283.19456016764,6302.52433293009,6266.15183816719,6313.33025510452,6292.8592427687
2024-01-02 20:00:00,6693.36350199464,5002.06400427909,3890.93600242247,6733.11546639564,6760.3143971549,6695.57156306569,6817.64101492965,6746.71464503611
2024-01-02 21:00:00,7327.39649902435,5483.76650129189,4362.49350314727,7380.56823066767,7390.73153475333,7257.73092631806,7426.99015609712,7385.64977556595
2024-01-02 22:00:00,7167.63749980263,5516.21550051367,4949.61250269215,7201.85814685445,7162.63548613824,7165.04750875244,7248.23260141001,7182.24722999321
2024-01-02 23:00:00,6206.37299776589,4583.18400226114,4462.87350037904,6200.24564851136,6194.5729210896,6210.5643578067,6233.1691794483,6197.40934460405
2024-01-03,5122.2844991812,3937.83000165178,3878.02149983821,5105.51698690419,5109.67282004374,5101.05812889892,5120.92444118248,5107.59485966194
2024-01-03 01:00:00,4555.06750739226,3524.4159997399,3469.25850314414,4546.03902519332,4560.08085150011,4543.3648830364,4571.1426994138,4553.05979031363
2024-01-03 02:00:00,4023.89550029906,3284.64199897763,3220.30500098492,4021.57961010942,4009.96549027793,4002.50191571629,4072.63947596582,4015.77267263316
2024-01-03 03:00:00,3653.40600058436,3089.69300293387,3020.51950285549,3666.23466384964,3652.89988837483,3646.78599800352,3703.85572802601,3659.56741669137
2024-01-03 04:00:00,3432.34450254159,3037.19650082325,2962.15199878078,3440.60555425112,3442.05191157274,3438.54358506676,3462.51647032863,3441.328717664
2024-01-03 05:00:00,3370.10200378334,3120.3994991259,3052.51449986559,3367.97291658525,3370.6467287546,3358.27391559742,3401.64383270681,3369.30979448181
2024-01-03 06:00:00,3486.13499934867,3167.17199901131,3097.09550037631,3483.27139897126,3482.67074069941,3453.15504122601,3521.11083448879,3482.97107616765
2024-01-03 07:00:00,3823.59149818891,3586.44450181129,3443.8740002038,3818.01339639038,3829.73349480855,3789.73224402275,3834.82222657283,3823.87332204273
2024-01-03 08:00:00,4447.2465015928,3889.14750203351,3872.05250156566,4461.98132541915,4443.9492699418,4402.90684373756,4488.31879437659,4452.96548777973
2024-01-03 09:00:00,4882.5450001189,4103.82249803317,4077.65400033828,4880.58522377936,4913.80633715269,4850.79692781503,4932.37421385307,4897.19543023924
2024-01-03 10:00:00,5363.16799875436,4117.45250114182,4095.96650322096,5352.68644530629,5354.39772793393,5237.79394751055,5396.18959516247,5353.54206857926
2024-01-03 11:00:00,5675.70500388101,4014.28799769632,4033.91550249851,5664.92003231272,5708.06098030725,5605.6363511327,5697.36695490959,5686.49005150537
2024-01-03 12:00:00,5535.94849770243,4111.64700231131,4095.3290033791,5524.85923842108,5509.89807916069,5444.36976791728,5581.68007424605,5517.37881651584
2024-01-03 13:00:00,5425.85150401399,4453.63600384444,4440.8240003332,5428.25036624334,5426.77802527203,5395.32494136615,5470.51211526304,5427.51421127954
2024-01-03 14:00:00,5864.12400140986,4629.46149996202,4630.41200199362,5897.25701427931,5873.30373744512,5744.07569375095,5928.81864561172,5885.28062838473
2024-01-03 15:00:00,5947.51799999393,4288.95700080122,4226.74000041885,5874.107315817,5953.0720051051,6010.82550801141,6020.63174709023,5913.58882799198
2024-01-03 16:00:00,5272.26950196235,4109.54250011093,3912.88799958269,5310.41496904413,5311.33842839716,5209.33379294775,5352.77895686573,5310.87668898527
2024-01-03 17:00:00,4968.90199826006,4042.09200018295,3757.89100159879,4997.07983187166,4954.82957593932,4925.76835112537,5004.14119173987,4975.95514932016
2024-01-03 18:00:00,5248.5944994954,3890.35600409959,3635.64300122496,5250.40583299157,5208.62327990001,5169.52131950232,5271.35489754788,5229.5149969298
2024-01-03 19:00:00,6034.61050295632,4128.75250369054,3577.32350106875,6059.17852425324,6042.33212677531,5961.66370531193,6062.53184416644,6050.75550311397
2024-01-03 20:00:00,6513.75299903727,4866.06450009916,3890.93600242247,6468.53363996459,6560.95844080007,6536.13009522675,6573.38600905129,6514.7450660128
2024-01-03 21:00:00,7265.53099898051,5215.71400297561,4362.49350314727,7238.80915978189,7242.6003638459,7226.99122941523,7327.65713525522,7240.7047218459
2024-01-03 22:00:00,7092.18350224104,5440.81550056499,4949.61250269215,7100.78040104791,7053.08709260328,7064.18914038515,7126.26693413808,7076.93424962253
2024-01-03 23:00:00,6113.66100307589,4616.35249849106,4462.87350037904,6142.72936107274,6157.41948861426,6115.12617085379,6188.45467713398,6150.07426997584
2024-01-04,5173.6010054861,3985.94000082661,3878.02149983821,5171.77948263253,5169.13671632314,5138.90211385104,5174.00060060186,5170.45812733866
2024-01-04 01:00:00,4555.63400302082,3533.07100122375,3469.25850314414,4555.1881979001,4539.84283336931,4534.29454375174,4569.13302675208,4547.51567741007
2024-01-04 02:00:00,4029.00500089512,3257.75550389697,3220.30500098492,4025.61237967472,4021.18119529695,4032.28978795793,4046.97139961516,4023.39683420069
2024-01-04 03:00:00,3705.67500431638,3068.56349791156,3020.51950285549,3699.83582529234,3706.03283451292,3690.80935096129,3726.54463149854,3702.93426457193
2024-01-04 04:00:00,3560.87400005269,3005.89000203146,2962.15199878078,3552.41855089284,3546.24777495793,3514.95255744057,3556.4314197453,3549.33322797953
2024-01-04 05:00:00,3505.89050281316,3080.66700125381,3052.51449986559,3508.12728131519,3504.63355680319,3513.20939140468,3508.65777371495,3506.38045589107
2024-01-04 06:00:00,3583.57150194398,3127.032999933,3097.09550037631,3584.80856662941,3586.69959497777,3565.69856663833,3629.06296163541,3585.75406086781
2024-01-04 07:00:00,4000.5954997401,3536.91050184076,3443.8740002038,3972.17676216192,3991.15935384162,3953.6490198914,4019.37874935565,3981.66785788169
2024-01-04 08:00:00,4721.46850436681,3965.535000748,3872.05250156566,4726.68854355695,4696.51611430584,4664.33127459537,4795.8131731337,4711.60264701805
2024-01-04 09:00:00,5159.5490032105,4109.49650311226,4077.65400033828,5132.07870353109,5144.98393205523,5140.50524999984,5203.85094626334,5138.53118174243
2024-01-04 10:00:00,5556.52000113612,4106.71250284731,4095.96650322096,5557.42075210051,5525.69800248765,5473.94144215587,5612.53274974842,5541.55971172467
2024-01-04 11:00:00,5755.37799497868,4050.99200042791,4033.91550249851,5729.56730339158,5743.64287449585,5743.2593910105,5800.52671458944,5736.60494055489
2024-01-04 12:00:00,5440.31700235163,4204.54800402035,4095.3290033791,5440.4418134438,5426.33287893203,5397.08527550571,5499.6591787545,5433.38749492846
2024-01-04 13:00:00,5362.43200041627,4558.02100177261,4440.8240003332,5355.62560855156,5378.01475678512,5381.79676913716,5469.35383287273,5366.81994663533
2024-01-04 14:00:00,5620.42849995673,4610.15600136656,4630.41200199362,5653.63464414119,5620.67594309956,5611.60132116153,5657.7419640824,5637.15564108073
2024-01-04 15:00:00,5721.56600261509,4323.3590012677,4226.74000041885,5731.39355349747,5707.16269448798,5681.56397564522,5723.79023595971,5719.2783794416
2024-01-04 16:00:00,5182.38750138308,4013.83449905342,3912.88799958269,5182.76526900076,5170.78874011467,5162.17935696592,5253.91113763384,5176.77713081781
2024-01-04 17:00:00,4806.76999907149,3982.3855019355,3757.89100159879,4798.99185184073,4822.56655579159,4820.32682162336,4828.62870888889,4810.77895528467
2024-01-04 18:00:00,5147.22949978866,3920.20749899792,3635.64300122496,5122.50405445855,5135.59446855228,5135.60916448796,5225.67245773253,5129.04912350241
2024-01-04 19:00:00,6012.90700695559,4119.91100104165,3577.32350106875,5999.82601658968,6010.12608322367,5944.94063672468,6002.4778564414,6004.97594132033
2024-01-04 20:00:00,6385.0344986351,4719.11000241095,3890.93600242247,6393.10167945506,6389.91270174008,6437.71574738159,6489.57066535138,6391.50722421672
2024-01-04 21:00:00,7108.5175013314,5144.51949917001,4362.49350314727,7147.58310746606,7123.00507689271,7137.143774397,7277.20220008935,7135.29435128824
2024-01-04 22:00:00,6998.39550073608,5334.03500121133,4949.61250269215,7034.27983736663,6994.46812041436,6933.65732162215,7121.46301020267,7014.37439859737
2024-01-04 23:00:00,6268.18000142346,4501.58650224423,4462.87350037904,6236.21624218758,6276.17101479852,6285.58266132349,6343.02719858458,6256.19320727804
2024-01-05,5179.72249993193,3878.02149983821,3878.02149983821,5171.93587979464,5203.13125478807,5202.07423328398,5239.59785128195,5187.5332384205
2024-01-05 01:00:00,4631.19550011482,3469.25850314414,3469.25850314414,4638.66296093897,4614.77854821818,4590.04885098279,4654.88628418297,4626.72100637511
2024-01-05 02:00:00,4080.51750767336,3220.30500098492,3220.30500098492,4093.60709342208,4085.5383822299,4062.42717462584,4095.562632256,4089.57282288873
2024-01-05 03:00:00,3718.99100125732,3020.51950285549,3020.51950285549,3738.80770921023,3726.53752177817,3706.49598800607,3746.28711882904,3732.67274485014
2024-01-05 04:00:00,3573.72700660012,2962.15199878078,2962.15199878078,3562.37896895858,3570.82826543186,3547.86517891015,3569.90185543297,3566.60352812024
2024-01-05 05:00:00,3526.85400142684,3052.51449986559,3052.51449986559,3525.04605015799,3518.17969441089,3506.87423848147,3547.23572488648,3521.61294467159
2024-01-05 06:00:00,3640.22050433932,3097.09550037631,3097.09550037631,3653.18294804476,3630.45491136018,3600.28807745088,3653.49580877613,3641.81916930814
2024-01-05 07:00:00,4016.77399825817,3443.8740002038,3443.8740002038,4029.20298535827,4018.14051545462,3995.05222931832,4024.40076207228,4023.67186703027
2024-01-05 08:00:00,4677.01900057646,3872.05250156566,3872.05250156566,4688.52985603236,4683.17602874421,4660.97333264637,4749.01154946103,4685.85299882991
2024-01-05 09:00:00,5105.19050098245,4077.65400033828,4077.65400033828,5113.53586946532,5093.74535909648,5071.98115002145,5116.04700182764,5103.6408229183
2024-01-05 10:00:00,5564.49749835546,4095.96650322096,4095.96650322096,5549.43396629219,5546.66222328724,5510.03472650572,5655.84268078887,5548.04812401025
2024-01-05 11:00:00,5899.64100327517,4033.91550249851,4033.91550249851,5908.68955225317,5884.67032413016,5866.77523466101,5986.17701797703,5896.68019140946
2024-01-05 12:00:00,5823.48450144974,4095.3290033791,4095.3290033791,5825.19848440555,5844.05502471275,5827.21157215998,5917.59821483198,5834.62655576793
2024-01-05 13:00:00,5949.69550236146,4440.8240003332,4440.8240003332,5964.3296553112,5917.70545969063,5855.19188163716,5986.97073513976,5941.01804902695
2024-01-05 14:00:00,6502.20300314378,4630.41200199362,4630.41200199362,6511.23475634192,6533.53714369054,6408.21120625231,6610.67769574264,6522.38571489788
2024-01-05 15:00:00,6777.46950010548,4226.74000041885,4226.74000041885,6751.42632127706,6747.01862538651,6663.63956068525,7000.10104723116,6749.22251979901
2024-01-05 16:00:00,6192.24349820288,3912.88799958269,3912.88799958269,6238.93494479525,6270.00807409497,6166.8824852302,6410.79111600943,6254.471181863
2024-01-05 17:00:00,5768.52550430654,3757.89100159879,3757.89100159879,5707.72597067819,5778.53701601025,5662.55777655551,5882.62193105718,5743.13074683327
2024-01-05 18:00:00,6130.83899997431,3635.64300122496,3635.64300122496,6100.30648610218,6114.88119847724,5995.13098991313,6295.2005610166,6107.59368863879
2024-01-05 19:00:00,6817.6650020018,3577.32350106875,3577.32350106875,6795.22082480404,6831.21927973042,6640.03118661657,6956.43152142082,6813.21967276089
2024-01-05 20:00:00,6793.40550489386,3890.93600242247,3890.93600242247,6811.72732157135,6857.84863019296,6749.67053610303,6886.2236179106,6834.7874896577
2024-01-05 21:00:00,7107.91050291387,4362.49350314727,4362.49350314727,7146.69819689371,7127.3477536166,7057.01693103978,7247.89385238461,7137.02317925324
2024-01-05 22:00:00,7023.55600152689,4949.61250269215,4949.61250269215,7054.47657082403,7034.61125096836,6981.5109368129,7028.85669868628,7044.54412032226
2024-01-05 23:00:00,6313.65550182702,4462.87350037904,4462.87350037904,6254.25419799403,6354.29649866252,6275.92557814908,6357.04267183197,6304.27429365281
2024-01-06,5496.46650391375,4023.42650119867,3878.02149983821,5495.90690803689,5520.16130359382,5468.55048372983,5624.86463747523,5508.03385011836
2024-01-06 01:00:00,5025.28050425777,3609.41050378873,3469.25850314414,5046.95580635553,5001.18263623574,5002.54240015263,5071.32322851955,5024.06970384991
2024-01-06 02:00:00,4383.45100003062,3294.22500246519,3220.30500098492,4369.24921444042,4360.42951445439,4348.71995998334,4435.36504785578,4364.83945742728
2024-01-06 03:00:00,3969.57400385593,3084.05800014839,3020.51950285549,3971.02181250233,3988.4152918505,3926.44528261459,4006.59694422632,3979.71836880922
2024-01-06 04:00:00,3746.39650245162,3024.46650301048,2962.15199878078,3746.71462413381,3750.89286156982,3726.05764700209,3788.18890034336,3748.8036988036
2024-01-06 05:00:00,3595.23350179894,3007.75600211474,3052.51449986559,3579.42459842431,3595.32870654837,3587.08624496744,3602.00571490774,3587.37648482054
2024-01-06 06:00:00,3612.8200026605,2710.46800186485,3097.09550037631,3598.45955153749,3600.21252021271,3592.17816886889,3602.94045370916,3599.33601739479
2024-01-06 07:00:00,3706.47050441522,2681.48850309057,3443.8740002038,3682.28762821918,3690.02781970091,3636.77733160813,3728.18022747829,3686.15764236066
2024-01-06 08:00:00,3963.94550020015,3248.19900084962,3872.05250156566,3997.37548045817,3972.75213378242,3877.13329438885,4017.71891294974,3985.06406670689
2024-01-06 09:00:00,4257.30450116354,3972.53850250947,4077.65400033828,4221.76349938926,4244.39038465546,4182.10475168177,4294.83107662077,4233.07670348306
2024-01-06 10:00:00,5080.317499461,4358.50400316529,4095.96650322096,5081.49116004635,5079.59214542424,5003.86434946938,5096.47183467351,5080.54167275527
2024-01-06 11:00:00,6109.59850125579,4338.97150042292,4033.91550249851,6072.01605713198,6079.59143911198,6034.88468121404,6203.50718899395,6075.80366826006
2024-01-06 12:00:00,6525.98849436117,4259.3395031034,4095.3290033791,6508.4217878352,6504.69778869285,6413.65958013421,6610.4570108735,6506.55982752352
2024-01-06 13:00:00,6591.66000024194,4322.5750025938,4440.8240003332,6605.41214282373,6623.14888790681,6461.13488171029,6584.18523439404,6614.28032837927
2024-01-06 14:00:00,6616.05800016288,4387.26800414361,4630.41200199362,6598.72910844535,6618.56412949801,6529.68701346851,6710.4939014911,6608.64640986503
2024-01-06 15:00:00,6283.31800288532,3973.49150129128,4226.74000041885,6243.89792259525,6256.22622858375,6230.65479638486,6284.77933542948,6250.06194562086
2024-01-06 16:00:00,5517.85200055153,3647.46549946209,3912.88799958269,5520.02618873748,5511.26470509396,5431.56824536523,5642.70008960313,5515.64553928187
2024-01-06 17:00:00,5075.11500255798,3497.72500005004,3757.89100159879,5090.21186527176,5065.11104818396,5044.31593029398,5092.26851993673,5077.66172134808
2024-01-06 18:00:00,5365.6065034786,3426.77900193352,3635.64300122496,5367.98961923865,5360.4890974294,5302.14609752147,5391.87799726151,5364.23943740674
2024-01-06 19:00:00,6225.20300405996,3477.07250109385,3577.32350106875,6187.29590712784,6162.49596106175,6105.83576292415,6178.83481786824,6174.89619554315
2024-01-06 20:00:00,6655.90250381583,3745.54350259621,3890.93600242247,6670.0988348793,6618.88609565084,6583.58237027682,6718.10850670441,6644.49300516489
2024-01-06 21:00:00,7156.76750296028,4258.97400144592,4362.49350314727,7218.50626548338,7195.01591271993,7147.43045049467,7249.75371050316,7206.76133674389
2024-01-06 22:00:00,7244.22550037864,4842.84700175363,4949.61250269215,7271.95016778502,7203.22833139478,7157.51348674491,7270.43783679386,7237.58997407579
2024-01-06 23:00:00,6577.0700039455,4521.1220019001,4462.87350037904,6606.77543618087,6578.44770380796,6548.3419990156,6604.41311059207,6592.61186863373
2024-01-07,5672.32250173169,3996.57750128047,3878.02149983821,5691.12933831052,5674.38250523838,5641.4407831946,5751.31792271604,5682.75609832451
2024-01-07 01:00:00,5019.03500261414,3550.27300327946,3469.25850314414,5022.50122980014,4999.66109315014,4999.19852134709,5029.47960268448,5011.0814022626
2024-01-07 02:00:00,4333.72750049434,3257.84999884665,3220.30500098492,4348.85919364653,4316.48391866496,4298.19998606162,4363.58762923237,4332.67189746545
2024-01-07 03:00:00,3913.41250237811,3081.54900307616,3020.51950285549,3921.8680277035,3922.42092937806,3892.91342355938,3928.67074209195,3922.14447271193
2024-01-07 04:00:00,3740.53450232826,3012.7995023214,2962.15199878078,3754.03279752129,3742.89721983643,3723.79418232747,3741.9690156761,3748.46512607341
2024-01-07 05:00:00,3640.09700223815,3023.2755045637,3052.51449986559,3649.48975694075,3653.89314303692,3653.42262033438,3667.61366715337,3651.69140356704
2024-01-07 06:00:00,3635.0455013013,2684.3255003409,3097.09550037631,3653.88114971227,3625.99701564898,3646.5807545885,3651.24506373984,3639.9393766434
2024-01-07 07:00:00,3749.47200134536,2568.47500065074,3443.8740002038,3753.50921865237,3755.9700166538,3731.27204039871,3770.08452804102,3754.73959171063
2024-01-07 08:00:00,3998.13550092152,3043.41049893526,3872.05250156566,4009.11512443954,4000.34912189096,3973.27893218166,4009.82778706998,4004.73221557904
2024-01-07 09:00:00,4230.32400146232,3696.55300188798,4077.65400033828,4223.49682337369,4233.96156659312,4207.52181680642,4258.10119871745,4228.72908466099
2024-01-07 10:00:00,5101.18000169157,4136.40199957031,4095.96650322096,5139.31511001011,5100.24562140175,5070.94592969048,5152.53734777735,5119.78077758802
2024-01-07 11:00:00,6339.88350071927,4203.11700091604,4033.91550249851,6297.37678587652,6375.13760805645,6312.75218736616,6466.12248808948,6336.25637718894
2024-01-07 12:00:00,6808.81250298664,4135.43500003801,4095.3290033791,6784.24708812569,6777.06145366092,6739.91124064635,6833.28507269474,6780.65434664639
2024-01-07 13:00:00,6853.15099824395,4305.12950276397,4440.8240003332,6885.66512745875,6881.20736500878,6856.42281691633,6981.03816088366,6883.43629322881
2024-01-07 14:00:00,7340.42549972719,4437.49050235003,4630.41200199362,7345.8954005207,7353.94844844775,7109.75556291157,7504.19921366956,7349.92183958662
2024-01-07 15:00:00,7544.82949885982,4158.15449999226,4226.74000041885,7614.39729768039,7502.21684366314,7249.00694434156,7604.56861954559,7558.30825331123
2024-01-07 16:00:00,6637.85399742739,3782.78049983922,3912.88799958269,6617.56053063909,6608.60354875961,6617.47839832083,6814.95590271357,6613.0821341265
2024-01-07 17:00:00,6190.73100194824,3715.63600158005,3757.89100159879,6126.88184679242,6209.74100287458,6124.05101588274,6315.89606928498,6168.31055130781
2024-01-07 18:00:00,6336.31849856267,3751.27450018923,3635.64300122496,6338.63318064607,6316.24548611791,6212.94618572252,6428.18670568281,6327.43956939968
2024-01-07 19:00:00,7497.76300358924,4028.33700247819,3577.32350106875,7508.17371916176,7511.6753812444,7276.96620874211,7591.19092595206,7509.92451328752
2024-01-07 20:00:00,8177.55849912099,4803.6940028799,3890.93600242247,8282.84693729324,8322.09670946121,7767.82569003119,8390.51206535743,8302.47140959454
2024-01-07 21:00:00,8836.4665045552,5320.9565022866,4362.49350314727,8856.63223555083,8736.28322154636,7960.94464167999,8889.40301616985,8796.45899730343
2024-01-07 22:00:00,8216.39200007613,5457.94950379978,4949.61250269215,8232.81052954728,8299.61630681249,7883.05088286768,8304.92969944686,8266.21271389366
2024-01-07 23:00:00,6797.50149881432,4571.14750221872,4462.87350037904,6854.11387092343,6882.89436152882,6780.57881632296,6873.60460495613,6868.5038128137
2024-01-08,5384.28950194409,3812.80499906244,3878.02149983821,5386.41625107229,5366.2649124905,5320.2726488587,5434.99908458596,5376.34079422276
2024-01-08 01:00:00,4674.21900249308,3397.92450404319,3469.25850314414,4684.33234553057,4655.08609743308,4644.0027758175,4698.49216591798,4669.70952980441
2024-01-08 02:00:00,4229.94300082105,3148.71050260798,3220.30500098492,4239.48193009527,4228.57726765727,4217.00046101981,4313.58619016062,4234.02971383644
2024-01-08 03:00:00,3932.73349976807,3025.0705038954,3020.51950285549,3924.73381807966,3922.73149992864,3913.70506029748,3974.04082891927,3923.73268011318
2024-01-08 04:00:00,3815.82700233872,2994.02500433777,2962.15199878078,3808.68472122658,3809.30790046369,3794.92349830051,3850.02985466804,3808.9963042754
2024-01-08 05:00:00,3773.71650206414,3067.71149801568,3052.51449986559,3774.55251090509,3777.6300929675,3758.49324336139,3785.76852675887,3776.09126949152
2024-01-08 06:00:00,3968.24850649608,3091.76900229475,3097.09550037631,3958.32040653443,3980.4336209358,3966.42086240279,4051.69934487874,3969.37678061108
2024-01-08 07:00:00,4834.40650242299,3508.67150374467,3443.8740002038,4749.9228034303,4905.16619583314,4803.91704851178,4959.6716171527,4827.54286301005
2024-01-08 08:00:00,6401.75149738858,3868.24000271223,3872.05250156566,6006.63402730726,6040.3383295017,5449.00918977186,6052.1955309112,6023.48582308378
2024-01-08 09:00:00,6694.40950234816,4089.93500117643,4077.65400033828,5962.52208367419,6050.77559430997,5559.13573650884,6253.5116706238,6006.64790859752
2024-01-08 10:00:00,6293.18699836684,4179.94350156852,4095.96650322096,6395.50530368126,6311.51192895876,5995.72000952255,6626.29564086095,6353.50950180296
2024-01-08 11:00:00,6205.62500524614,4183.36300173879,4033.91550249851,6204.05443021648,6149.70703375461,6056.37646475697,6181.32829231582,6176.88130493184
2024-01-08 12:00:00,6004.31150117423,4281.9530013015,4095.3290033791,6016.80101179309,6006.39528204308,5887.88184321542,6059.71057503869,6011.59825661836
2024-01-08 13:00:00,6167.16349916934,4537.85950070084,4440.8240003332,6177.83161049114,6197.56928471795,6121.77917011872,6251.32298412352,6187.70023952415
2024-01-08 14:00:00,6367.59200172569,4727.99400077015,4630.41200199362,6336.81628393696,6328.70456889348,6272.89133740152,6251.674792132,6332.76051193132
2024-01-08 15:00:00,6423.68100312795,4292.26650282752,4226.74000041885,6579.08692181995,6554.04077351318,6446.17053605766,6434.73832365974,6566.56411171045
2024-01-08 16:00:00,6154.97399843764,4068.67900109151,3912.88799958269,6150.32760149074,6131.49151124051,6138.11547448146,6166.65308560289,6140.90975494125
2024-01-08 17:00:00,5956.1115012361,3990.68950289523,3757.89100159879,5819.75945725319,5950.85222498424,5848.58867074704,6007.87357133662,5885.30445910006
2024-01-08 18:00:00,6395.45000272524,3911.65200090094,3635.64300122496,6390.54330646432,6394.91243284016,6351.96954567748,6412.46677931057,6392.72782359162
2024-01-08 19:00:00,7563.20449878555,4276.07100102503,3577.32350106875,7639.40294911888,7605.54061520193,7338.83431497363,7706.16269440493,7622.47213914713
2024-01-08 20:00:00,8694.23500266974,5180.72500242095,3890.93600242247,8427.49519623097,8396.11587429513,7990.99395758379,8523.54523665285,8411.80586607313
2024-01-08 21:00:00,9446.09499731183,5529.52000025532,4362.49350314727,9186.76651831341,9123.88074156501,8444.7613820486,9162.39927211214,9155.32429289964
2024-01-08 22:00:00,8686.1050042772,5493.65250209486,4949.61250269215,8703.66653664457,8656.18545242677,8175.0353104387,8734.70851669445,8679.92649509528
2024-01-08 23:00:00,7158.06550397002,4605.84550008271,4462.87350037904,7186.27793408089,7101.02655277624,7023.65616887849,7152.94775367213,7143.6531421738
2024-01-09,5653.87050150614,3974.0605006431,3878.02149983821,5648.45606838421,5663.17894742055,5609.94226235914,5836.14490595818,5655.81735268944
2024-01-09 01:00:00,5009.87450187583,3479.58400138607,3469.25850314414,4997.71015887991,4958.2856673191,4974.75758434464,5063.36237601182,4977.99832872413
2024-01-09 02:00:00,4548.44400156313,3224.16650517471,3220.30500098492,4590.8405258684,4587.16441468872,4517.95750543842,4606.42241712256,4589.00250903321
2024-01-09 03:00:00,4242.14000202646,3026.64450340311,3020.51950285549,4220.49539776151,4210.00292744663,4180.6927709122,4293.06570841559,4215.24927321879
2024-01-09 04:00:00,4067.35400434502,2979.62199939799,2962.15199878078,4042.41781522302,4048.38843139333,4034.33661582484,4083.01765431513,4045.40306036418
2024-01-09 05:00:00,4101.08000218694,3097.94800127589,3052.51449986559,4095.0733537656,4096.04319518879,4032.1820889392,4168.236979016,4095.55826425284
2024-01-09 06:00:00,4222.42750039103,3119.46250026475,3097.09550037631,4216.15354276787,4192.7218138159,4191.4581796788,4236.54312974802,4204.43792531609
2024-01-09 07:00:00,5045.04800506029,3618.68900130154,3443.8740002038,5088.11384748285,5044.95109991747,5010.66095425515,5053.18666498395,5066.53292873459
2024-01-09 08:00:00,6672.17849775206,4014.44650246436,3872.05250156566,6617.16431760049,6615.28223101549,6418.27995287247,6660.19555544761,6616.2232941495
2024-01-09 09:00:00,6921.92349978234,4140.52750166203,4077.65400033828,6931.73702238318,7098.75118252257,6795.16557319173,7045.00550888828,7015.24234174029
2024-01-09 10:00:00,6601.18249721569,4119.28100655158,4095.96650322096,6652.12165756942,6640.2908603092,6576.04495158447,6729.92854259137,6646.20638366307
2024-01-09 11:00:00,6495.11750323221,4057.63500284182,4033.91550249851,6538.04573900924,6532.61489938056,6492.30717368262,6625.26551502169,6535.33037644842
2024-01-09 12:00:00,6333.46600204229,4194.73650531319,4095.3290033791,6310.87983912076,6322.26089387803,6253.38641176812,6273.36403188133,6316.57024651696
2024-01-09 13:00:00,6334.7095054505,4504.00250181463,4440.8240003332,6295.81961502291,6300.75118713337,6294.36598739119,6338.87816276479,6298.28534908805
2024-01-09 14:00:00,6567.75599424087,4613.98400094779,4630.41200199362,6540.74553681967,6594.64994365706,6543.04758365564,6711.88937284619,6567.69717196219
2024-01-09 15:00:00,6670.13900319411,4291.65250235808,4226.74000041885,6620.66991630676,6661.13580824691,6659.29989750005,6740.48984252964,6640.90243567346
2024-01-09 16:00:00,6386.32800119265,4084.72900088842,3912.88799958269,6377.59075746725,6381.68386254716,6355.02990782574,6433.84843342917,6379.63726685648
2024-01-09 17:00:00,6271.00649831397,3944.50400155748,3757.89100159879,6262.17266444581,6260.87055424551,6198.04812793481,6274.14794552559,6261.52162307289
2024-01-09 18:00:00,6643.16000450193,3888.7250029943,3635.64300122496,6612.46368724164,6625.30975026399,6584.9514538546,6617.64250904984,6618.88658332582
2024-01-09 19:00:00,7894.16950594936,4166.51049937564,3577.32350106875,7970.60169622938,7881.67505944614,7579.96201690384,7903.73968923928,7926.13931532862
2024-01-09 20:00:00,9048.24799542257,5002.06400427909,3890.93600242247,8694.54616427432,8690.32566398684,8265.73356272856,8951.58067281386,8692.43595862434
2024-01-09 21:00:00,9742.0395023867,5483.76650129189,4362.49350314727,9320.25646909724,9289.92258729582,8385.39185557957,9496.86256989489,9305.08984798527
2024-01-09 22:00:00,8882.60500452237,5516.21550051367,4949.61250269215,8839.77712787088,8864.81537290697,8317.38315566275,9036.99691112251,8852.29598642835
2024-01-09 23:00:00,7385.55750508758,4583.18400226114,4462.87350037904,7437.90771784909,7414.21474533464,7222.67740557375,7400.93186066188,7426.06148137018
2024-01-10,5816.06350223417,3937.83000165178,3878.02149983821,5806.16935458834,5777.12065801266,5780.69253010754,5982.14153800302,5791.64531254044
2024-01-10 01:00:00,5145.51349523279,3524.4159997399,3469.25850314414,5155.29281070427,5142.56505752519,5142.82994978397,5199.46981523923,5148.92906829447
2024-01-10 02:00:00,4707.39350103261,3284.64199897763,3220.30500098492,4697.0269436166,4707.62594470712,4652.87530837585,4740.12754839299,4702.32633242406
2024-01-10 03:00:00,4363.08600632637,3089.69300293387,3020.51950285549,4347.36757481217,4366.2940248076,4351.69524811748,4449.8284556816,4356.83060028166
2024-01-10 04:00:00,4195.46250155766,3037.19650082325,2962.15199878078,4202.05501457781,4192.57383696966,4168.75787989733,4284.74017955459,4197.31452572711
2024-01-10 05:00:00,4135.30150379229,3120.3994991259,3052.51449986559,4172.60429884666,4127.42069760837,4132.45152490376,4216.65453171713,4150.01297456638
2024-01-10 06:00:00,4304.39800388005,3167.17199901131,3097.09550037631,4337.91615119327,4321.41947084942,4305.69317536865,4373.35936831867,4329.66798493422
2024-01-10 07:00:00,5164.87450553267,3586.44450181129,3443.8740002038,5219.69726419841,5178.51833905315,5142.11869587808,5221.09864941357,5199.10823574617
2024-01-10 08:00:00,6831.86150294705,3889.14750203351,3872.05250156566,6726.10230743541,6678.90480992851,6544.41448132534,6834.86253379727,6702.50405625191
2024-01-10 09:00:00,6994.20999836526,4103.82249803317,4077.65400033828,7009.79631860414,7043.29893859096,6785.69000132955,7032.3236214836,7026.54727540304
2024-01-10 10:00:00,6774.35200459789,4117.45250114182,4095.96650322096,6839.23726807839,6840.43218685332,6715.87894795459,6854.87961005336,6839.83471486866
2024-01-10 11:00:00,6809.21549946861,4014.28799769632,4033.91550249851,6823.51479923347,6825.53343033699,6741.36426849234,6841.89383055689,6824.52409350423
2024-01-10 12:00:00,6699.76800156134,4111.64700231131,4095.3290033791,6695.13749982698,6683.83098614392,6598.94748275942,6817.63451216995,6689.48436218206
2024-01-10 13:00:00,6853.73200370069,4453.63600384444,4440.8240003332,6805.82130228131,6787.07521315292,6669.75673785667,6903.75004901207,6796.44845534392
2024-01-10 14:00:00,7171.46549772326,4629.46149996202,4630.41200199362,7087.42634696291,7210.83109945943,7047.41153441837,7259.78718969411,7149.12742224184
2024-01-10 15:00:00,7288.43450227473,4288.95700080122,4226.74000041885,7303.89122561406,7275.55736080195,7079.61551024836,7398.68742873804,7289.72459191198
2024-01-10 16:00:00,7002.00150028209,4109.54250011093,3912.88799958269,7061.49285479033,7051.99062765283,6894.39926796316,7190.35767796788,7056.74184139686
2024-01-10 17:00:00,6864.39900151058,4042.09200018295,3757.89100159879,6844.00350513467,6880.71512878241,6710.29548646396,6927.66816484699,6862.35892993377
2024-01-10 18:00:00,7141.8950001999,3890.35600409959,3635.64300122496,7153.2318900705,7177.29779685582,6965.24854787407,7177.87970989188,7165.26458975326
2024-01-10 19:00:00,8064.20750149386,4128.75250369054,3577.32350106875,7890.11442967977,7913.13830205222,7589.10595477488,7955.78300608032,7901.62612314154
2024-01-10 20:00:00,9033.06650021463,4866.06450009916,3890.93600242247,8587.96700454976,8622.54942095685,7996.80384899482,8892.66785687248,8605.25784817526
2024-01-10 21:00:00,9614.17100621643,5215.71400297561,4362.49350314727,9131.15903242387,9152.19792127546,8239.68728175124,9399.48586763191,9141.67825505149
2024-01-10 22:00:00,8785.36149631429,5440.81550056499,4949.61250269215,8762.99561616861,8802.94645217687,8187.88751302054,9020.71249243157,8782.97061299923
2024-01-10 23:00:00,7332.36000292166,4616.35249849106,4462.87350037904,7343.48764690822,7324.72227918767,7171.5907043899,7327.82487682487,7334.10516087799
2024-01-11,5816.54800214956,3985.94000082661,3878.02149983821,5852.71136137449,5834.14122526838,5807.36924662648,5950.1597775781,5843.42648909329
2024-01-11 01:00:00,5106.00149796437,3533.07100122375,3469.25850314414,5098.81764632567,5100.71267576683,5099.85644209349,5166.08555913345,5099.76514106829
2024-01-11 02:00:00,4645.3554986252,3257.75550389697,3220.30500098492,4664.62202128764,4622.18415972649,4613.49335793193,4685.35651914302,4643.40353789953
2024-01-11 03:00:00,4355.66299878468,3068.56349791156,3020.51950285549,4339.82964611838,4318.81091807401,4325.45284397197,4397.71883443806,4329.32050368183
2024-01-11 04:00:00,4162.69350615516,3005.89000203146,2962.15199878078,4169.600661918,4142.36561540025,4123.6034097755,4216.82347039017,4155.98342577903
2024-01-11 05:00:00,4145.25800085953,3080.66700125381,3052.51449986559,4134.16105927256,4114.7349841323,4114.93516760859,4186.00413321871,4124.44822649785
2024-01-11 06:00:00,4260.86850001558,3127.032999933,3097.09550037631,4255.56779888211,4237.33528604601,4219.72061447051,4283.01981359701,4246.4517346766
2024-01-11 07:00:00,5136.43400312995,3536.91050184076,3443.8740002038,5134.34070654403,5134.96748112937,5102.65432872554,5152.58158113304,5134.65408722906
2024-01-11 08:00:00,6758.06900681171,3965.535000748,3872.05250156566,6808.34095254606,6878.75965800163,6576.69103627726,6958.10377354058,6843.54956289906
2024-01-11 09:00:00,7009.78650240274,4109.49650311226,4077.65400033828,7087.50491886343,7072.84588949532,6860.72077769685,7123.66412350042,7080.17555871919
2024-01-11 10:00:00,6644.73100101214,4106.71250284731,4095.96650322096,6659.52464485379,6668.38910625608,6563.56227330503,6732.15634363435,6663.95678210317
2024-01-11 11:00:00,6620.4060054103,4050.99200042791,4033.91550249851,6576.67479412347,6555.86642891554,6552.97187571367,6597.22309715537,6566.27083088743
2024-01-11 12:00:00,6601.17299907812,4204.54800402035,4095.3290033791,6577.34666054242,6656.099381225,6595.34189116516,6728.1635177885,6616.72219064928
2024-01-11 13:00:00,6825.37300399097,4558.02100177261,4440.8240003332,6920.73329317441,6935.74747239889,6843.26440513608,7018.01098399336,6928.24022450274
2024-01-11 14:00:00,7033.31400002772,4610.15600136656,4630.41200199362,6999.50595544781,7010.51787389602,6854.52655222417,7118.29161428111,7005.01179858102
2024-01-11 15:00:00,7049.22450254491,4323.3590012677,4226.74000041885,7105.5865900558,7077.515762689,6945.757169064,7188.99987996945,7091.55147230335
2024-01-11 16:00:00,6807.97300201887,4013.83449905342,3912.88799958269,6867.34557291925,6862.65802978923,6733.75542181936,6899.56991428231,6865.0018507717
2024-01-11 17:00:00,6532.16750130104,3982.3855019355,3757.89100159879,6570.70054974083,6572.10082095259,6467.77559700478,6607.02158241092,6571.40067058464
2024-01-11 18:00:00,6830.26149818685,3920.20749899792,3635.64300122496,6866.87628362391,6878.52346425299,6731.18038615519,6916.61571166933,6872.69975115043
2024-01-11 19:00:00,7938.13899813185,4119.91100104165,3577.32350106875,7866.42514826025,7890.00885697403,7501.67303585601,8125.92024316192,7878.21675399072
2024-01-11 20:00:00,8915.4954976677,4719.11000241095,3890.93600242247,8376.37203316631,8431.05569158915,7922.23827987024,8752.71372054726,8403.71328588646
2024-01-11 21:00:00,9412.70849663904,5144.51949917001,4362.49350314727,9016.34675815394,9037.45374586058,8247.07012389584,9286.10449039214,9026.90002949117
2024-01-11 22:00:00,8592.92749680136,5334.03500121133,4949.61250269215,8638.64142797211,8663.47869036768,8108.1833797381,8833.131675088,8651.05979732814
2024-01-11 23:00:00,7383.40699899255,4501.58650224423,4462.87350037904,7433.80269216173,7446.81602167545,7268.2676360744,7447.38426662026,7440.30921972823
2024-01-12,5928.96150255564,3878.02149983821,3878.02149983821,5945.85949759467,5930.11946489162,5885.97268712886,6065.28500307916,5937.98964717922
2024-01-12 01:00:00,5211.99650426023,3469.25850314414,3469.25850314414,5189.48647898284,5257.27491269594,5227.13811891941,5255.73061753754,5223.37998119371
2024-01-12 02:00:00,4717.53399854712,3220.30500098492,3220.30500098492,4685.71477116789,4697.9812702029,4707.97172556625,4755.08104573755,4691.84789136834
2024-01-12 03:00:00,4417.11150307744,3020.51950285549,3020.51950285549,4409.95216780232,4426.53560566901,4427.57866798184,4461.84850151294,4418.24371190817
2024-01-12 04:00:00,4294.91100159835,2962.15199878078,2962.15199878078,4282.66287787625,4248.10468456411,4293.0206621099,4332.38599249906,4265.38414554286
2024-01-12 05:00:00,4266.2185089041,3052.51449986559,3052.51449986559,4257.00370265855,4210.68167352439,4265.32919726605,4310.1558863426,4233.84317643198
2024-01-12 06:00:00,4350.40450544853,3097.09550037631,3097.09550037631,4340.21584570255,4353.01963568048,4351.15979513212,4396.5779573276,4346.61760571018
2024-01-12 07:00:00,5200.310504038,3443.8740002038,3443.8740002038,5173.23598108733,5185.55707020576,5164.19858823937,5184.97838699766,5179.39639575399
2024-01-12 08:00:00,6805.06250008696,3872.05250156566,3872.05250156566,6777.53635277124,6772.44768358124,6569.28055731436,6857.84863019296,6774.99207182249
2024-01-12 09:00:00,7069.55250358488,4077.65400033828,4077.65400033828,7087.97370629366,7076.2737615056,6861.36864912069,7164.82198781102,7082.1238572439
2024-01-12 10:00:00,6632.99100854935,4095.96650322096,4095.96650322096,6634.09345725209,6645.0427809168,6571.68083834243,6644.79559726168,6639.56800365344
2024-01-12 11:00:00,6464.30549885851,4033.91550249851,4033.91550249851,6493.81815920683,6500.75303958875,6409.77614610688,6515.70734775485,6497.28552628823
2024-01-12 12:00:00,6160.31100292946,4095.3290033791,4095.3290033791,6219.040187144,6175.31737008336,6118.11912544736,6203.96873833415,6197.17923955252
2024-01-12 13:00:00,6037.70350292895,4440.8240003332,4440.8240003332,6008.02440094602,6107.23949194497,6044.78205575387,6144.08433063318,6057.63090049072
2024-01-12 14:00:00,6203.18250058714,4630.41200199362,4630.41200199362,6155.14594366034,6139.75501406484,6105.29416122709,6180.7623091649,6147.45064111831
2024-01-12 15:00:00,6271.75650155591,4226.74000041885,4226.74000041885,6220.97552350924,6228.87216066669,6185.49811879543,6258.12413554771,6224.92375883929
2024-01-12 16:00:00,5932.98849781783,3912.88799958269,3912.88799958269,5883.33930920517,5862.93767078101,5831.03687936082,5992.24391534241,5873.13870507318
2024-01-12 17:00:00,5673.97999897855,3757.89100159879,3757.89100159879,5717.46403912344,5616.5760841387,5563.51737551038,5709.49853166034,5667.02112522168
2024-01-12 18:00:00,5898.0789985928,3635.64300122496,3635.64300122496,5857.53388315456,6013.54371771482,5958.65633762044,6048.70400811363,5935.53715573296
2024-01-12 19:00:00,6931.12099950062,3577.32350106875,3577.32350106875,6806.45131172765,6858.73827854318,6840.81061821284,6967.12227593414,6832.59424391078
2024-01-12 20:00:00,7459.62000179803,3890.93600242247,3890.93600242247,7335.49624985786,7172.82890836532,7144.11802276714,7517.58853970649,7254.16429399873
2024-01-12 21:00:00,7921.88950496353,4362.49350314727,4362.49350314727,7653.35147123901,7672.0602928206,7312.83417610157,8035.03141878291,7662.70568479588
2024-01-12 22:00:00,7869.41800710163,4949.61250269215,4949.61250269215,7707.28316937092,7866.89448476006,7658.73920133582,8079.8201461237,7787.08714439588
2024-01-12 23:00:00,7139.90949960554,4462.87350037904,4462.87350037904,7089.83517008186,7094.85901082656,7022.81881451846,7142.38063456654,7092.3470374914
2024-01-13,6137.86099881167,4023.42650119867,3878.02149983821,6163.83666251562,6130.544143681,6065.19243962211,6154.71844293056,6147.19075407788
2024-01-13 01:00:00,5488.84100364731,3609.41050378873,3469.25850314414,5474.8265839871,5514.12520351074,5472.68847090359,5565.2210989517,5494.47547945127
2024-01-13 02:00:00,4842.60900421953,3294.22500246519,3220.30500098492,4833.42444134187,4835.50097992013,4825.61739414077,4899.3911747795,4834.46268873952
2024-01-13 03:00:00,4436.52150309249,3084.05800014839,3020.51950285549,4453.98571192315,4435.8135403492,4440.279782026,4441.07613389163,4444.89981771257
2024-01-13 04:00:00,4195.2049999109,3024.46650301048,2962.15199878078,4213.1729057039,4182.0927837402,4184.83034451844,4229.40021010494,4197.63317237787
2024-01-13 05:00:00,4084.43800153967,3007.75600211474,3052.51449986559,4092.72389295494,4081.0356706245,4038.45650216904,4116.1639578952,4086.87990501041
2024-01-13 06:00:00,4088.73950445605,2710.46800186485,3097.09550037631,4097.59144586245,4090.11238704788,4060.95874447399,4123.83549447667,4093.85199530161
2024-01-13 07:00:00,4263.09849818295,2681.48850309057,3443.8740002038,4313.19775671706,4334.20886956177,4172.33834814392,4336.00356071482,4323.70309163406
2024-01-13 08:00:00,4832.06050229771,3248.19900084962,3872.05250156566,4979.11772206438,4900.51291367633,4509.32498577413,5496.57549105977,4939.81614654545
2024-01-13 09:00:00,5503.76150314428,3972.53850250947,4077.65400033828,5497.30743197972,5584.0018464625,5107.05619646951,5772.93974339044,5540.653725263
2024-01-13 10:00:00,6527.03550069639,4358.50400316529,4095.96650322096,6499.88033384931,6503.92229530535,6446.29350724947,6595.49287117723,6501.90127196578
2024-01-13 11:00:00,6972.31750500604,4338.97150042292,4033.91550249851,6943.7959218667,6920.21869486523,6829.84460280214,6973.65768762601,6932.00755692405
2024-01-13 12:00:00,6647.6155040568,4259.3395031034,4095.3290033791,6613.19024793561,6628.92539963882,6603.47456476406,6716.58361355842,6621.0576579026
2024-01-13 13:00:00,6340.18550208106,4322.5750025938,4440.8240003332,6339.97501183944,6378.92704632602,6293.41146687413,6451.80502362042,6359.45061843888
2024-01-13 14:00:00,6427.65250198048,4387.26800414361,4630.41200199362,6473.82528000629,6477.08530029195,6421.54375630189,6420.25150815219,6475.45525578102
2024-01-13 15:00:00,6479.74700355448,3973.49150129128,4226.74000041885,6467.52068153212,6506.02564800194,6483.53832703918,6592.41104744556,6486.77275883631
2024-01-13 16:00:00,5865.16650488327,3647.46549946209,3912.88799958269,5894.68160720212,5877.21535568934,5866.43389185109,5976.25587538329,5885.94866558011
2024-01-13 17:00:00,5337.69750365021,3497.72500005004,3757.89100159879,5323.27181357672,5367.27849547755,5347.00745377154,5400.99403359177,5345.2746905957
2024-01-13 18:00:00,5290.74650338001,3426.77900193352,3635.64300122496,5257.36897341482,5272.78810350376,5210.01955476183,5295.37846148179,5265.07837590627
2024-01-13 19:00:00,6266.97400127514,3477.07250109385,3577.32350106875,6217.34453191764,6226.32981639591,6135.838412062,6276.47632743886,6221.83707943125
2024-01-13 20:00:00,6578.64449476555,3745.54350259621,3890.93600242247,6541.63973349835,6483.457933748,6437.90610376842,6511.74971192694,6512.54944699289
2024-01-13 21:00:00,7062.19550115371,4258.97400144592,4362.49350314727,7037.33037823744,7034.80583442986,6842.01129762285,7169.24485985661,7036.06813294813
2024-01-13 22:00:00,7223.53300217818,4842.84700175363,4949.61250269215,7151.84708875514,7215.7710064892,7175.92877577112,7363.27626399196,7183.80837371736
2024-01-13 23:00:00,6584.04949816316,4521.1220019001,4462.87350037904,6632.90849241464,6573.16656890571,6580.57515413582,6639.94885317554,6603.03816047717
2024-01-14,5662.81800040032,3996.57750128047,3878.02149983821,5631.15120219115,5674.32296841883,5632.88065008389,5742.71707949958,5652.73663017548
2024-01-14 01:00:00,4981.64799909818,3550.27300327946,3469.25850314414,4979.89614883041,4959.01407048533,4903.34177010596,5002.17498890222,4969.4553298029
2024-01-14 02:00:00,4344.02150032448,3257.84999884665,3220.30500098492,4356.21152421121,4341.25543483796,4331.34056097698,4386.22295311571,4348.73363719609
2024-01-14 03:00:00,3961.29750242364,3081.54900307616,3020.51950285549,3983.18665993863,3933.90215954745,3966.80302717302,3978.8278176641,3958.54492931479
2024-01-14 04:00:00,3750.13800275419,3012.7995023214,2962.15199878078,3774.33993830359,3769.03093401636,3736.50442213773,3754.11810058956,3771.68549212907
2024-01-14 05:00:00,3695.74200383457,3023.2755045637,3052.51449986559,3679.95567251292,3676.61976527723,3622.21141617342,3731.28271852994,3678.28775406319
2024-01-14 06:00:00,3663.76750070159,2684.3255003409,3097.09550037631,3642.76017530724,3671.11750060984,3625.16004055142,3672.51506614575,3656.93853900725
2024-01-14 07:00:00,3760.50500078534,2568.47500065074,3443.8740002038,3752.30388687883,3769.23228076659,3697.25801078157,3766.33176907836,3760.76790535859
2024-01-14 08:00:00,4058.22549966548,3043.41049893526,3872.05250156566,4093.5686944895,4066.73478804414,3970.71381677554,4130.68196080998,4080.15202415778
2024-01-14 09:00:00,4574.04900252528,3696.55300188798,4077.65400033828,4611.57893645515,4570.83748614707,4420.02519209515,4587.22567370154,4591.20864080951
2024-01-14 10:00:00,5539.76199704898,4136.40199957031,4095.96650322096,5514.66358835257,5468.96779323421,5407.91725702934,5581.27013678521,5491.81617253196
2024-01-14 11:00:00,6390.04699762765,4203.11700091604,4033.91550249851,6433.43957851269,6444.03735920694,6375.32611436184,6474.36138237715,6438.73835713489
2024-01-14 12:00:00,6559.10849933687,4135.43500003801,4095.3290033791,6595.03187602749,6538.26257120001,6439.61956451912,6603.85878552352,6566.64782209252
2024-01-14 13:00:00,6533.47750045802,4305.12950276397,4440.8240003332,6566.86695864195,6537.00295452558,6465.31459230733,6542.26127874561,6551.93527141891
2024-01-14 14:00:00,7135.36600493075,4437.49050235003,4630.41200199362,7140.77168142167,7092.87651624229,6941.44566910729,7157.69781516036,7116.82460375696
2024-01-14 15:00:00,7369.79250309709,4158.15449999226,4226.74000041885,7498.88474042808,7403.02869019747,7204.52697057052,7611.59299326529,7450.95772585555
2024-01-14 16:00:00,6535.04000010685,3782.78049983922,3912.88799958269,6559.6062614966,6547.46762589206,6553.37191061913,6692.28340123097,6553.53707166342
2024-01-14 17:00:00,6031.62500020815,3715.63600158005,3757.89100159879,5973.56698312382,6020.17235057184,5985.76021584838,6024.76789334969,5996.86917552029
2024-01-14 18:00:00,6062.36900170112,3751.27450018923,3635.64300122496,5994.54819495715,6068.45036596002,6015.96476135383,6086.93728504657,6031.49850136008
2024-01-14 19:00:00,7293.77099803044,4028.33700247819,3577.32350106875,7304.45630883564,7313.04342956919,7168.85509998346,7413.26719810024,7308.74977867445
2024-01-14 20:00:00,8138.88700177148,4803.6940028799,3890.93600242247,8280.48109860257,8317.99402127576,8029.408189665,8540.53683649597,8299.23716446686
2024-01-14 21:00:00,8841.65550769353,5320.9565022866,4362.49350314727,8931.98971363528,8848.77366758807,8291.13460046819,9133.87629695938,8890.3825678998
2024-01-14 22:00:00,8117.70849893079,5457.94950379978,4949.61250269215,8246.77572633913,8159.19102545208,7891.46892981658,8328.09169776167,8202.98429923938
2024-01-14 23:00:00,6760.60650005704,4571.14750221872,4462.87350037904,6840.48132593219,6799.52242191799,6756.2662078171,6843.21218774185,6820.00230572595
2024-01-15,5295.37500482053,3812.80499906244,3878.02149983821,5316.02725850377,5290.22892597666,5190.33243349094,5392.94271354335,5303.12836421386
2024-01-15 01:00:00,4542.13800080866,3397.92450404319,3469.25850314414,4558.80061136567,4538.39668164909,4469.23895447013,4542.8231848156,4548.59886161163
2024-01-15 02:00:00,4105.37150539109,3148.71050260798,3220.30500098492,4112.86519103003,4099.11935114751,4080.43231067024,4135.83511633741,4105.99241600147
2024-01-15 03:00:00,3803.48200494074,3025.0705038954,3020.51950285549,3800.16824876529,3801.39808735617,3794.10183027509,3845.18503544979,3800.78315509541
2024-01-15 04:00:00,3684.20350110671,2994.02500433777,2962.15199878078,3703.08486113874,3696.31291333662,3682.53072202059,3710.75192856959,3699.69895862955
2024-01-15 05:00:00,3613.79849986895,3067.71149801568,3052.51449986559,3616.15165645806,3614.38312046154,3590.28026643713,3625.78948315262,3615.26740710423
2024-01-15 06:00:00,3766.03000470879,3091.76900229475,3097.09550037631,3760.54251875279,3775.10482585246,3743.78994090831,3773.09230596991,3767.82351878248
2024-01-15 07:00:00,4631.66650298459,3508.67150374467,3443.8740002038,4600.96654619449,4607.72321891954,4540.59640031298,4670.23465440382,4604.34481132618
2024-01-15 08:00:00,6149.88250308123,3868.24000271223,3872.05250156566,6124.1028749856,6062.46823551963,5546.03267011661,6226.55549657638,6093.28620502318
2024-01-15 09:00:00,6383.01899906585,4089.93500117643,4077.65400033828,6435.56814243035,6473.62037847777,6050.13500026875,6535.26981939285,6454.59385929615
2024-01-15 10:00:00,6003.12350206485,4179.94350156852,4095.96650322096,6004.05679667918,6015.57457472236,5863.54166885437,6116.06532253501,6009.81556427696
2024-01-15 11:00:00,5996.13450271694,4183.36300173879,4033.91550249851,6009.65543263398,6017.77831362992,5913.84586876844,6058.74540124883,6013.71678749815
2024-01-15 12:00:00,5956.75850171858,4281.9530013015,4095.3290033791,5928.88146940202,5943.04699437772,5844.78530085899,5951.34606865935,5935.96408255273
2024-01-15 13:00:00,6217.58650419803,4537.85950070084,4440.8240003332,6202.64301717824,6174.37501074217,6137.26659924597,6224.35249516459,6188.50931196988
2024-01-15 14:00:00,6483.57350378716,4727.99400077015,4630.41200199362,6528.27313240938,6450.72818545783,6378.47681864313,6501.14368628173,6489.50147643533
2024-01-15 15:00:00,6207.07399798185,4292.26650282752,4226.74000041885,6225.51359597556,6258.18382749166,6238.65916912112,6294.16786745655,6241.84836731438
2024-01-15 16:00:00,5730.34750270122,4068.67900109151,3912.88799958269,5798.70044751823,5749.58465913364,5643.701277237,5817.98113477331,5774.14307111908
2024-01-15 17:00:00,5458.36900362838,3990.68950289523,3757.89100159879,5451.79026634202,5445.92272899712,5385.51979646136,5430.43374656515,5448.85655952688
2024-01-15 18:00:00,5724.08100695291,3911.65200090094,3635.64300122496,5756.28333083193,5749.74370269485,5585.78643291201,5750.71451220184,5753.01358570608
2024-01-15 19:00:00,6872.7365055444,4276.07100102503,3577.32350106875,6866.92490781384,6915.3293865549,6769.97408439556,7025.79354968143,6891.12663689007
2024-01-15 20:00:00,8064.03449246928,5180.72500242095,3890.93600242247,8077.98265498307,8134.31830051646,7826.61459830636,8396.02778550602,8106.14988384276
2024-01-15 21:00:00,8711.90949916141,5529.52000025532,4362.49350314727,8584.92833929163,8658.81956028183,8136.42887104537,8952.62235065428,8621.87317080366
2024-01-15 22:00:00,7897.59499924758,5493.65250209486,4949.61250269215,7982.8453708406,8029.1171759646,7833.21643632983,8222.13343292754,8005.98078559157
2024-01-15 23:00:00,6516.99200022139,4605.84550008271,4462.87350037904,6525.16503918506,6518.59787826039,6469.87343284672,6559.03126871075,6521.88152795567
2024-01-16,5142.70250270749,3974.0605006431,3878.02149983821,5139.7597361807,5145.76429845954,5126.86272797197,5247.80069500009,5142.76195401825
2024-01-16 01:00:00,4549.58450267534,3479.58400138607,3469.25850314414,4528.98271702495,4540.3668523106,4541.57969001465,4584.31240077129,4534.67466465286
2024-01-16 02:00:00,4076.54800306913,3224.16650517471,3220.30500098492,4061.33867607409,4087.00790085112,4047.650895198,4106.5906808954,4074.17301785006
2024-01-16 03:00:00,3759.04499717546,3026.64450340311,3020.51950285549,3782.24031367107,3762.08746318637,3728.84889501945,3764.25928938635,3772.16410088602
2024-01-16 04:00:00,3635.76299823262,2979.62199939799,2962.15199878078,3620.99244431556,3640.16142812541,3624.32671597569,3657.43969517689,3630.5767341354
2024-01-16 05:00:00,3554.30450009007,3097.94800127589,3052.51449986559,3547.93753301501,3574.90800757247,3535.66828020048,3579.90751787944,3561.42248596303
2024-01-16 06:00:00,3671.85050091322,3119.46250026475,3097.09550037631,3679.35998928258,3687.14955108558,3662.78519436548,3715.61526069508,3683.25468806422
2024-01-16 07:00:00,4456.10450326116,3618.68900130154,3443.8740002038,4485.45028817787,4451.90456908215,4357.93459833724,4490.51566326586,4468.67778227889
2024-01-16 08:00:00,6056.63949800713,4014.44650246436,3872.05250156566,6029.24744104284,6043.26010068697,5926.35352768366,6067.65163602826,6036.25362313931
2024-01-16 09:00:00,6248.40399998438,4140.52750166203,4077.65400033828,6254.67010030086,6255.90996671136,6171.64886835329,6281.48916893165,6255.29002043507
2024-01-16 10:00:00,5822.54299826478,4119.28100655158,4095.96650322096,5847.50256327925,5823.55541351008,5805.77414942941,5839.16842594983,5835.52924085259
2024-01-16 11:00:00,5709.52750482305,4057.63500284182,4033.91550249851,5736.96027745228,5748.13153376414,5689.90499820618,5723.55001924143,5742.54578783753
2024-01-16 12:00:00,5604.61449944298,4194.73650531319,4095.3290033791,5633.27159934659,5569.43753463808,5543.69495518808,5607.94669001383,5601.35523994989
2024-01-16 13:00:00,5819.83900077984,4504.00250181463,4440.8240003332,5824.21959364797,5824.18313169852,5793.77513770718,5862.75312822218,5824.20136305764
2024-01-16 14:00:00,6109.33450309339,4613.98400094779,4630.41200199362,6137.56944869875,6130.9125470067,6090.87496453642,6222.08498996386,6134.24106803174
2024-01-16 15:00:00,6065.80300513096,4291.65250235808,4226.74000041885,6117.38995554963,6074.83240234975,6093.14115517587,6139.55004767369,6096.11162760398
2024-01-16 16:00:00,5739.76150000613,4084.72900088842,3912.88799958269,5738.30985689232,5792.17824892299,5743.4620862346,5855.81742382054,5765.24348501116
2024-01-16 17:00:00,5542.47800164262,3944.50400155748,3757.89100159879,5534.19798467059,5551.20346981267,5503.61071296487,5628.42828677293,5542.70054796479
2024-01-16 18:00:00,5777.64100117632,3888.7250029943,3635.64300122496,5714.04157883232,5740.2964748339,5759.27239655391,5831.41509836173,5727.16875004624
2024-01-16 19:00:00,6942.75250853261,4166.51049937564,3577.32350106875,7003.47220186087,7007.36914329659,6912.92888627607,6972.14794876726,7005.42063149602
2024-01-16 20:00:00,7842.24949838954,5002.06400427909,3890.93600242247,7867.75234052664,7958.88717689021,7756.7202408674,8218.25246441975,7913.31879793808
2024-01-16 21:00:00,8464.59050001227,5483.76650129189,4362.49350314727,8409.36998243898,8488.30313135627,8103.29726778292,8746.26294618721,8448.83572476107
2024-01-16 22:00:00,7608.67099863838,5516.21550051367,4949.61250269215,7659.76664955636,7606.16449875404,7574.04314807646,7749.87979529972,7632.96613924489
2024-01-16 23:00:00,6303.32499829691,4583.18400226114,4462.87350037904,6302.1827031729,6279.56620829522,6248.17548167712,6346.56751550732,6290.87469416383
2024-01-17,5059.01399938681,3937.83000165178,3878.02149983821,5041.73134579881,5073.36015939005,5064.61826731287,5096.48641867827,5057.54541915414
2024-01-17 01:00:00,4512.52050245192,3524.4159997399,3469.25850314414,4486.96692822572,4511.8721223413,4493.9780191352,4541.30244141454,4499.4192627256
2024-01-17 02:00:00,4046.18150285445,3284.64199897763,3220.30500098492,4017.3313233776,4041.01140188155,4024.53512656092,4074.91667846817,4029.17111298719
2024-01-17 03:00:00,3731.81600239733,3089.69300293387,3020.51950285549,3754.42599013505,3747.34865552743,3721.08835831174,3736.76462961938,3750.88739744259
2024-01-17 04:00:00,3560.5115059854,3037.19650082325,2962.15199878078,3556.02098964314,3588.15402591417,3541.31890639902,3570.7805766979,3572.0871690227
2024-01-17 05:00:00,3472.9480038879,3120.3994991259,3052.51449986559,3463.05443060216,3453.75133183843,3469.08919559366,3475.3395329432,3458.40297929631
2024-01-17 06:00:00,3574.18550468294,3167.17199901131,3097.09550037631,3560.18817451107,3573.16579354122,3557.37130266396,3603.25667024233,3566.67684721225
2024-01-17 07:00:00,4380.23200321081,3586.44450181129,3443.8740002038,4378.5064666981,4370.27338887048,4290.27373087119,4413.87379704129,4374.39001457983
2024-01-17 08:00:00,5847.86499996099,3889.14750203351,3872.05250156566,5832.49443778785,5838.72844265239,5720.10620169389,5868.62218763218,5835.6113744994
2024-01-17 09:00:00,5964.95399919432,4103.82249803317,4077.65400033828,5961.77457768351,5992.23248414772,5897.87569577484,5985.17788338742,5977.00320981937
2024-01-17 10:00:00,5428.74100091204,4117.45250114182,4095.96650322096,5433.96950040756,5376.38884701967,5371.91884781615,5487.67502245339,5405.17978074586
2024-01-17 11:00:00,5316.46850041568,4014.28799769632,4033.91550249851,5321.90058474665,5279.85421774112,5288.53874942241,5388.84445173069,5300.8778445091
2024-01-17 12:00:00,5115.60200061108,4111.64700231131,4095.3290033791,5098.43555741381,5136.56939006571,5077.8530054985,5291.85907028464,5117.50207172164
2024-01-17 13:00:00,5162.04450036853,4453.63600384444,4440.8240003332,5161.19885333567,5217.48428912372,5140.30912088055,5308.53753591435,5189.34097785201
2024-01-17 14:00:00,5296.94900503202,4629.46149996202,4630.41200199362,5308.90170761608,5434.32518390871,5369.47012695996,5571.53100690604,5371.61212351108
2024-01-17 15:00:00,5381.2260001942,4288.95700080122,4226.74000041885,5396.42367078869,5419.54633428913,5343.61685789249,5499.46508619576,5407.98475877297
2024-01-17 16:00:00,5046.56400126545,4109.54250011093,3912.88799958269,5052.0861469615,5056.25314539274,5071.22164530462,5271.80241828102,5054.16960224739
2024-01-17 17:00:00,4916.12500237371,4042.09200018295,3757.89100159879,4956.30408606198,4939.43180085459,4877.54058980264,5179.20992552609,4947.8681213309
2024-01-17 18:00:00,5043.55099819438,3890.35600409959,3635.64300122496,5054.9713744011,4998.39746728782,5042.18484691146,5287.2071697811,5026.68501726329
2024-01-17 19:00:00,6112.69000249251,4128.75250369054,3577.32350106875,6188.4091102902,6205.2884854724,6048.47900385194,6101.10856036797,6196.84861993394
2024-01-17 20:00:00,7165.29049780988,4866.06450009916,3890.93600242247,7244.90243775724,7272.33816094809,6968.32518253496,7071.96894498861,7258.62001011717
2024-01-17 21:00:00,7956.07350069657,5215.71400297561,4362.49350314727,7717.43230967116,7701.57758200072,7552.87719380965,7827.61497155517,7709.50511298116
2024-01-17 22:00:00,7263.69500087562,5440.81550056499,4949.61250269215,7267.54142038252,7205.68838585657,7281.04854919875,7328.69160276622,7236.6155551925
2024-01-17 23:00:00,6061.96850113827,4616.35249849106,4462.87350037904,6095.81949391745,6089.85835804986,6050.32544006257,6155.74000348734,6092.83898882771
2024-01-18,4829.60799771152,3985.94000082661,3878.02149983821,4823.61608997102,4801.86002458604,4819.36134343776,4886.44902035151,4812.7382866374
2024-01-18 01:00:00,4290.47600564326,3533.07100122375,3469.25850314414,4277.5016364398,4287.84348762154,4264.90200635398,4348.58721909012,4282.67245300382
2024-01-18 02:00:00,3856.10050272744,3257.75550389697,3220.30500098492,3882.89976793032,3849.3651663215,3884.43355174179,3919.91481405152,3866.13282065758
2024-01-18 03:00:00,3536.6799986721,3068.56349791156,3020.51950285549,3549.2312464076,3520.94960874015,3555.97344404526,3565.16457601137,3535.09072572725
2024-01-18 04:00:00,3375.37200412236,3005.89000203146,2962.15199878078,3387.77814110266,3354.85095538026,3366.07424260645,3385.87725581308,3371.31489536957
2024-01-18 05:00:00,3308.6915014548,3080.66700125381,3052.51449986559,3343.42460210628,3305.50885685323,3281.86496969555,3324.31817607357,3324.46712919873
2024-01-18 06:00:00,3433.81500390894,3127.032999933,3097.09550037631,3451.03069879632,3407.2460887497,3424.10499395397,3453.82711094466,3429.1388553633
2024-01-18 07:00:00,4250.39299827581,3536.91050184076,3443.8740002038,4261.9390312345,4243.03832759621,4145.89178286609,4292.96742617604,4252.48887867215
2024-01-18 08:00:00,5729.98150149407,3965.535000748,3872.05250156566,5703.03108383365,5700.35121410102,5569.18785822293,5716.20098756097,5701.69117721931
2024-01-18 09:00:00,5720.19200060749,4109.49650311226,4077.65400033828,5696.33438947486,5813.58765921846,5715.3559361198,5813.12187915068,5754.95978822807
2024-01-18 10:00:00,5155.44850051776,4106.71250284731,4095.96650322096,5116.93082558312,5145.9164591534,5150.92063346765,5350.57372219893,5131.42333679315
2024-01-18 11:00:00,4899.69650220149,4050.99200042791,4033.91550249851,4899.90163344721,4919.35433455131,4888.95263695881,5155.5657516921,4909.62777892314
2024-01-18 12:00:00,4733.36300405179,4204.54800402035,4095.3290033791,4782.0010822346,4793.54928175768,4740.26771670372,5011.08156722997,4787.77506025161
2024-01-18 13:00:00,4843.8405017429,4558.02100177261,4440.8240003332,4904.68433185106,4893.31021375742,4864.78143215454,5151.79035289679,4898.99739271355
2024-01-18 14:00:00,4991.66450208827,4610.15600136656,4630.41200199362,5013.25958102525,5014.92607528164,5038.74238035957,5333.44778781481,5014.09281058477
2024-01-18 15:00:00,5167.11899978237,4323.3590012677,4226.74000041885,5183.74549826006,5171.08961319367,5142.48657354974,5415.97543085976,5177.41768914894
2024-01-18 16:00:00,5133.90400481736,4013.83449905342,3912.88799958269,5145.02812465419,5150.65041156321,5131.12885276541,5318.0097867034,5147.83920883689
2024-01-18 17:00:00,5078.50200308673,3982.3855019355,3757.89100159879,5046.53041972745,5083.12554638844,5009.04574618467,5211.51065270843,5064.82759726132
2024-01-18 18:00:00,5448.79000290728,3920.20749899792,3635.64300122496,5393.70808555673,5436.19676040061,5395.6749035955,5648.3273463274,5414.95197505051
2024-01-18 19:00:00,6502.89700021793,4119.91100104165,3577.32350106875,6439.7023047031,6510.07915588416,6358.18271240406,6458.86121889905,6474.88998836009
2024-01-18 20:00:00,7286.68850309984,4719.11000241095,3890.93600242247,7340.62713873863,7317.06225732403,7024.11173157347,7265.48129965215,7328.84494645927
2024-01-18 21:00:00,7866.15650188562,5144.51949917001,4362.49350314727,7652.74180159501,7627.12329313439,7316.74820690194,7754.59720825932,7639.93281744258
2024-01-18 22:00:00,7268.31950317929,5334.03500121133,4949.61250269215,7297.29437057834,7296.60043213399,7255.54375687818,7382.13638436465,7296.94740867187
2024-01-18 23:00:00,6163.3320029655,4501.58650224423,4462.87350037904,6163.17088077539,6147.97687460114,6151.53155919405,6210.9494173518,6155.57403786796
2024-01-19,4992.47000289662,3878.02149983821,3878.02149983821,4994.33704464694,5020.34398900905,4988.05253013622,5038.66067438312,5007.34024265511
2024-01-19 01:00:00,4459.4745073606,3469.25850314414,3469.25850314414,4424.58934799989,4462.43162585286,4455.6261631619,4534.80494535285,4443.51008798191
2024-01-19 02:00:00,4026.75950076291,3220.30500098492,3220.30500098492,4019.95224645062,4011.23181636514,4015.60007211429,4073.94890621273,4015.59212334123
2024-01-19 03:00:00,3761.23650048114,3020.51950285549,3020.51950285549,3764.45662152318,3785.72519088021,3766.92103559669,3792.58926807783,3775.09068198216
2024-01-19 04:00:00,3614.83249972353,2962.15199878078,2962.15199878078,3610.20435291848,3617.32192335148,3622.44293293578,3662.17029179164,3613.76306309945
2024-01-19 05:00:00,3578.96250197385,3052.51449986559,3052.51449986559,3565.40933049403,3560.24678149878,3558.7221828926,3647.63840353742,3562.82811042152
2024-01-19 06:00:00,3690.93100283074,3097.09550037631,3097.09550037631,3660.13476111441,3663.34778086693,3679.03354610791,3681.98977689368,3661.74123711807
2024-01-19 07:00:00,4510.47150559595,3443.8740002038,3443.8740002038,4509.20349893358,4472.05352052859,4416.190097925,4522.16996018409,4490.62890137712
2024-01-19 08:00:00,5989.72000231477,3872.05250156566,3872.05250156566,5941.79310867221,6027.92936344782,5817.17652554229,6105.30580807002,5984.86032798619
2024-01-19 09:00:00,6172.62199958728,4077.65400033828,4077.65400033828,6123.92649403744,6134.22917316725,6000.45714358177,6165.07104873864,6129.07772498846
2024-01-19 10:00:00,5883.42900271225,4095.96650322096,4095.96650322096,5926.7351478736,5949.80790895038,5877.44520220633,6099.22917582282,5938.27128517213
2024-01-19 11:00:00,5813.37850013981,4033.91550249851,4033.91550249851,5846.40864360442,5867.17256031653,5738.36400970368,5978.20001268087,5856.79038306113
2024-01-19 12:00:00,5601.98900008778,4095.3290033791,4095.3290033791,5539.03411558867,5530.2220879656,5527.16344298212,5632.6711113768,5534.62819467613
2024-01-19 13:00:00,5584.86399682553,4440.8240003332,4440.8240003332,5613.13689843084,5626.83402613537,5589.67187697124,5589.20804003799,5619.98531788394
2024-01-19 14:00:00,5901.11750001548,4630.41200199362,4630.41200199362,5970.21219849078,5922.55608668354,5805.0044502264,5947.78223144151,5946.38464499196
2024-01-19 15:00:00,6017.6355006941,4226.74000041885,4226.74000041885,6037.53846250002,6017.60611746441,5923.8555321512,6049.5925682511,6027.57250011488
2024-01-19 16:00:00,5646.9759986049,3912.88799958269,3912.88799958269,5649.17121489562,5644.94493495206,5594.96874305701,5677.96668936865,5647.05811947853
2024-01-19 17:00:00,5269.65850653319,3757.89100159879,3757.89100159879,5275.82864126134,5271.2493083067,5272.38576075096,5382.62331562985,5273.5390230607
2024-01-19 18:00:00,5491.25350306032,3635.64300122496,3635.64300122496,5495.23306806592,5485.35143709799,5492.91716701266,5557.86856940907,5490.29235675703
2024-01-19 19:00:00,6632.96800240304,3577.32350106875,3577.32350106875,6651.27915413085,6593.54926766571,6592.014917439,6763.57146780585,6622.41481950379
2024-01-19 20:00:00,7153.97550734691,3890.93600242247,3890.93600242247,7120.08879864312,7118.59714768746,7102.90970204521,7282.6321135651,7119.34298889071
2024-01-19 21:00:00,7597.16649598617,4362.49350314727,4362.49350314727,7545.70174376282,7524.57564167101,7444.27365657601,7668.59984831124,7535.13891543452
2024-01-19 22:00:00,7341.145503351,4949.61250269215,4949.61250269215,7428.97319931084,7409.04713421487,7361.53473590485,7518.04028121852,7419.01037682932
2024-01-19 23:00:00,6588.87400068867,4462.87350037904,4462.87350037904,6585.33631333814,6576.4652130537,6569.53119840769,6502.81194973946,6580.90085671768
2024-01-20,5667.45599813992,4023.42650119867,3878.02149983821,5661.7363703421,5686.69838541812,5644.69725832166,5687.27880570162,5674.21711472318
2024-01-20 01:00:00,5109.89000005461,3609.41050378873,3469.25850314414,5078.67127664912,5113.49540014817,5068.87612274364,5164.56804524448,5096.08297127246
2024-01-20 02:00:00,4577.45200708171,3294.22500246519,3220.30500098492,4567.44837909392,4583.35920882159,4555.88089345096,4617.99309014157,4575.40362622109
2024-01-20 03:00:00,4211.09950294113,3084.05800014839,3020.51950285549,4175.61872275382,4211.36052900513,4206.8997611127,4260.31951651483,4193.48924907881
2024-01-20 04:00:00,4050.85449940187,3024.46650301048,2962.15199878078,4047.3192785246,4048.1258376614,4031.10141159674,4090.01484849041,4047.72254959001
2024-01-20 05:00:00,4014.98050339543,3007.75600211474,3052.51449986559,4005.41432142904,4025.43740428653,4014.65404304378,4048.31505790095,4015.42565176854
2024-01-20 06:00:00,3994.88450309448,2710.46800186485,3097.09550037631,3999.72016097169,4000.93682656561,4003.39161717116,4026.57417806952,4000.3284809422
2024-01-20 07:00:00,4126.01250452059,2681.48850309057,3443.8740002038,4131.2979658002,4145.1167176055,4043.22849812731,4166.78595718211,4138.20719602149
2024-01-20 08:00:00,4582.88349885342,3248.19900084962,3872.05250156566,4367.89750921966,4390.78586450675,4467.75988544264,4733.72492192287,4379.3414455674
2024-01-20 09:00:00,5278.28550575359,3972.53850250947,4077.65400033828,5255.49976744875,5311.46001956592,5203.6623278397,5324.91808176024,5283.47930355784
2024-01-20 10:00:00,6234.55149895151,4358.50400316529,4095.96650322096,6196.02159028868,6212.65581454394,6068.61822837019,6295.27862032243,6204.33852705341
2024-01-20 11:00:00,6716.21549816255,4338.97150042292,4033.91550249851,6793.95882471023,6742.90764982391,6609.18979180726,6631.58782849187,6768.43377546363
2024-01-20 12:00:00,6341.74150321161,4259.3395031034,4095.3290033791,6350.80684680759,6335.75305871476,6295.30864339006,6477.70930668457,6343.28011146265
2024-01-20 13:00:00,5878.715000942,4322.5750025938,4440.8240003332,5907.73409284033,5866.97669219453,5855.68895881334,6008.75040308979,5887.35582219398
2024-01-20 14:00:00,5938.83650380734,4387.26800414361,4630.41200199362,5922.38013501923,5906.09480156279,5899.31039981134,5934.82176002415,5914.23763997581
2024-01-20 15:00:00,6061.32300206443,3973.49150129128,4226.74000041885,6070.40875884621,6029.20016671639,6007.82199698239,6064.87426351064,6049.80489721444
2024-01-20 16:00:00,5483.00700225041,3647.46549946209,3912.88799958269,5505.8032857062,5496.19801546803,5456.59246492325,5536.42894958354,5501.00075184871
2024-01-20 17:00:00,5016.83200096246,3497.72500005004,3757.89100159879,5038.34261458632,5026.8560877948,5018.06507234915,5040.06908626774,5032.59947228491
2024-01-20 18:00:00,4972.69150436227,3426.77900193352,3635.64300122496,4991.61409308654,4984.4425669823,4972.6369086516,4995.99030951875,4988.02840563877
2024-01-20 19:00:00,6007.91650264128,3477.07250109385,3577.32350106875,5961.21639235797,5989.94668340038,5970.06279961357,6046.83499594564,5975.58123499597
2024-01-20 20:00:00,6615.2049997804,3745.54350259621,3890.93600242247,6633.5755654715,6573.02863884887,6590.46206585751,6652.11993325865,6603.30274046376
2024-01-20 21:00:00,7120.81450280221,4258.97400144592,4362.49350314727,7095.54279756521,7111.05770035269,7081.90501211339,7328.31414499959,7103.30008539626
2024-01-20 22:00:00,7224.48200058716,4842.84700175363,4949.61250269215,7221.63171344413,7155.44523777519,7187.923424398,7274.04471448877,7188.53917336703
2024-01-20 23:00:00,6604.95050037338,4521.1220019001,4462.87350037904,6622.4638715695,6622.0624047443,6613.12463866676,6653.75712134171,6622.26314238928
2024-01-21,5711.49449760187,3996.57750128047,3878.02149983821,5694.85656946888,5669.0483215593,5657.29946044111,5766.9463233632,5681.95271759226
2024-01-21 01:00:00,5031.91850202379,3550.27300327946,3469.25850314414,5012.09616507936,5041.07396187527,5022.7341323501,5055.03790237184,5026.58475798483
2024-01-21 02:00:00,4436.61000049149,3257.84999884665,3220.30500098492,4440.57870345096,4428.73603674447,4394.25936576773,4458.78941165764,4434.6574949466
2024-01-21 03:00:00,4046.77700481424,3081.54900307616,3020.51950285549,4048.66110314542,4036.19196951862,4006.35616909605,4054.07698956198,4042.42666778531
2024-01-21 04:00:00,3886.73749679094,3012.7995023214,2962.15199878078,3896.37912610443,3866.32294983301,3883.88889050734,3920.40842951992,3881.3513548298
2024-01-21 05:00:00,3783.40750169451,3023.2755045637,3052.51449986559,3782.61664247414,3749.82316701389,3741.89048588473,3782.17694389882,3766.22025046252
2024-01-21 06:00:00,3786.47250093892,2684.3255003409,3097.09550037631,3772.94125445269,3774.7087174688,3761.91879525286,3789.43220060741,3773.82496732763
2024-01-21 07:00:00,3864.94850188238,2568.47500065074,3443.8740002038,3861.83640909789,3863.06029945314,3860.25698991755,3880.29307954369,3862.4483413729
2024-01-21 08:00:00,4151.75199721777,3043.41049893526,3872.05250156566,4165.74983584941,4123.96137638692,4086.47382368615,4173.40910698883,4144.85604666444
2024-01-21 09:00:00,4603.79100637988,3696.55300188798,4077.65400033828,4545.13230875134,4565.86973692902,4459.58908242657,4611.09558663944,4555.50080422009
2024-01-21 10:00:00,5620.78950355446,4136.40199957031,4095.96650322096,5573.0903525152,5621.61960193367,5528.12831552672,5596.05220445859,5597.35446561476
2024-01-21 11:00:00,6215.49300487939,4203.11700091604,4033.91550249851,6224.22966329576,6259.78378367105,6215.58977996706,6283.47265144889,6242.00634866137
2024-01-21 12:00:00,6106.3929985307,4135.43500003801,4095.3290033791,6085.33405547351,6089.56212179977,6018.86900375827,6119.02371754999,6087.44804406312
2024-01-21 13:00:00,5705.39050398301,4305.12950276397,4440.8240003332,5717.52593091917,5700.53608299372,5658.20609044623,5683.82427954305,5709.03118606843
2024-01-21 14:00:00,5827.63850294932,4437.49050235003,4630.41200199362,5869.84024156608,5845.0919325422,5822.51121808653,5878.6226057667,5857.46634795812
2024-01-21 15:00:00,6004.9255018176,4158.15449999226,4226.74000041885,6017.80760383277,5969.51615751081,5939.26151873348,6014.69101029939,5993.66238977447
2024-01-21 16:00:00,5507.58050372946,3782.78049983922,3912.88799958269,5545.76124403024,5493.87082197376,5516.27681310679,5661.95827624238,5519.81658004615
2024-01-21 17:00:00,4976.87700132001,3715.63600158005,3757.89100159879,5004.64639173579,4987.26277606147,4981.64295960011,5023.05034871187,4995.95476716184
2024-01-21 18:00:00,4992.43400231958,3751.27450018923,3635.64300122496,5028.1288661296,5025.67187778235,5013.85945485318,5033.84716726052,5026.90039785827
2024-01-21 19:00:00,6335.67349810398,4028.33700247819,3577.32350106875,6278.76006738035,6344.80618789541,6253.14186599398,6426.13303142586,6311.78243136018
2024-01-21 20:00:00,7596.80899868801,4803.6940028799,3890.93600242247,7585.05020586962,7583.63562923788,7331.64902788498,7665.25063022523,7584.34293246663
2024-01-21 21:00:00,8466.60599679593,5320.9565022866,4362.49350314727,8565.65744193629,8467.62680205237,8116.36183167488,8555.66075133553,8516.64315546228
2024-01-21 22:00:00,7906.87400139787,5457.94950379978,4949.61250269215,7955.49943571955,7909.25228854899,7780.47561152882,7992.65567385763,7932.37634968535
2024-01-21 23:00:00,6513.18500021275,4571.14750221872,4462.87350037904,6573.68370627667,6555.87268203363,6515.1231811952,6597.59436839859,6564.77838192422
2024-01-22,5155.48450088559,3812.80499906244,3878.02149983821,5129.39858536175,5175.39253253906,5144.57171077917,5313.59338396811,5152.39507406863
2024-01-22 01:00:00,4336.53149707406,3397.92450404319,3469.25850314414,4306.62243453974,4403.38565754989,4346.75829619101,4386.98031919521,4355.00302593835
2024-01-22 02:00:00,3871.59000494145,3148.71050260798,3220.30500098492,3871.30719913369,3851.92539720847,3973.30167325318,3879.84152409107,3861.61650249976
2024-01-22 03:00:00,3594.57100210071,3025.0705038954,3020.51950285549,3578.62609483558,3614.92792939466,3540.1907610815,3660.93381163761,3596.77662941046
2024-01-22 04:00:00,3493.7935005289,2994.02500433777,2962.15199878078,3490.24308623648,3477.5117300129,3434.80946071661,3527.87888847496,3483.8775423424
2024-01-22 05:00:00,3473.71650280245,3067.71149801568,3052.51449986559,3473.88539687171,3482.06281517113,3463.40510925164,3521.84652062655,3477.97401981266
2024-01-22 06:00:00,3611.42600102269,3091.76900229475,3097.09550037631,3630.10412513235,3614.15211867394,3606.52357257561,3638.13753372699,3622.12829007391
2024-01-22 07:00:00,4378.60399973555,3508.67150374467,3443.8740002038,4369.09422168387,4387.18537448872,4307.78834800769,4389.05223674553,4378.13960736403
2024-01-22 08:00:00,5883.87700740155,3868.24000271223,3872.05250156566,5981.33162519388,6097.42016058892,5625.94315460669,5978.10307590543,6039.37466905179
2024-01-22 09:00:00,6058.23549915082,4089.93500117643,4077.65400033828,5935.30096369268,5968.5710402896,5811.89106857293,6087.9940522708,5951.93565124817
2024-01-22 10:00:00,5667.91949948331,4179.94350156852,4095.96650322096,5658.373021601,5678.16166456392,5686.94248018992,5742.41034010475,5668.26713446474
2024-01-22 11:00:00,5587.32449694863,4183.36300173879,4033.91550249851,5581.56915834946,5612.82184522075,5553.54964765665,5610.11349734081,5597.19517231005
2024-01-22 12:00:00,5397.40099884482,4281.9530013015,4095.3290033791,5371.12751648724,5425.64970208133,5444.79561953,5471.50363280037,5398.38803449531
2024-01-22 13:00:00,5349.88050185557,4537.85950070084,4440.8240003332,5381.11611365611,5336.83193249109,5315.71746423799,5365.10311089873,5358.97448993051
2024-01-22 14:00:00,5583.63600164361,4727.99400077015,4630.41200199362,5594.33313026761,5596.55931509894,5524.78098200517,5601.01318538255,5595.44619921418
2024-01-22 15:00:00,5534.20800051716,4292.26650282752,4226.74000041885,5529.64044791279,5528.8876778908,5519.44525702679,5540.84554551329,5529.26407083772
2024-01-22 16:00:00,5284.38650224393,4068.67900109151,3912.88799958269,5286.66840418027,5267.83639548837,5252.58326487981,5326.23883523173,5277.25259836692
2024-01-22 17:00:00,5034.62099959404,3990.68950289523,3757.89100159879,5049.12854911526,5044.3447999059,5032.54130023333,5072.14564373051,5046.73672494228
2024-01-22 18:00:00,5274.57750283636,3911.65200090094,3635.64300122496,5295.70137581811,5285.72466877967,5234.20797325343,5362.00279294525,5290.71312747628
2024-01-22 19:00:00,6425.90100358229,4276.07100102503,3577.32350106875,6441.02324263513,6404.29441917626,6384.72199922241,6472.18183806484,6422.6592181118
2024-01-22 20:00:00,7710.40200112003,5180.72500242095,3890.93600242247,7756.76414771073,7723.8158260435,7634.11024647614,7878.86401401359,7740.29033422805
2024-01-22 21:00:00,8304.17250110582,5529.52000025532,4362.49350314727,8318.46972828833,8265.41033441717,7990.46045223546,8443.07010521198,8291.94059072054
2024-01-22 22:00:00,7544.91549550521,5493.65250209486,4949.61250269215,7563.12828191056,7491.69829872373,7378.27182808856,7616.03010581138,7527.41404335312
2024-01-22 23:00:00,6223.14400017797,4605.84550008271,4462.87350037904,6249.30210507771,6217.0780371879,6191.93235818525,6258.25545857583,6233.19041084844
2024-01-23,4890.8559992956,3974.0605006431,3878.02149983821,4890.99108059942,4893.19352569977,4923.74839637623,4942.64613196295,4892.09227993077
2024-01-23 01:00:00,4284.36700190743,3479.58400138607,3469.25850314414,4286.97965657194,4293.20904071396,4281.58602214066,4283.82474446181,4290.09428297094
2024-01-23 02:00:00,3812.03000033344,3224.16650517471,3220.30500098492,3808.89047450555,3813.13256872847,3829.1124888851,3829.35722625786,3811.0114768956
2024-01-23 03:00:00,3542.33449948998,3026.64450340311,3020.51950285549,3548.42333051524,3545.46302454462,3547.46921899704,3573.67370955502,3546.94320873835
2024-01-23 04:00:00,3385.16650202253,2979.62199939799,2962.15199878078,3383.51476276193,3390.75480117395,3381.94542678958,3437.33340259918,3387.13470564132
2024-01-23 05:00:00,3351.92850127106,3097.94800127589,3052.51449986559,3339.05039868038,3334.15729980648,3322.69805162617,3373.71244828908,3336.60390082793
2024-01-23 06:00:00,3444.86150161678,3119.46250026475,3097.09550037631,3453.12836882239,3454.29170614412,3407.16808108022,3470.41649268375,3453.71002521901
2024-01-23 07:00:00,4313.73950494418,3618.68900130154,3443.8740002038,4315.82729038479,4318.07355601485,4264.82064150634,4316.61979742941,4316.95039951902
2024-01-23 08:00:00,5729.36600168154,4014.44650246436,3872.05250156566,5736.19290682405,5739.74349344013,5632.48307045448,5725.39557911441,5737.96816270076
2024-01-23 09:00:00,5844.57050266454,4140.52750166203,4077.65400033828,5875.53062745965,5870.06097488158,5810.48870571672,5871.17529754928,5872.79585883331
2024-01-23 10:00:00,5262.90549767739,4119.28100655158,4095.96650322096,5252.9238071072,5265.31457270918,5214.63837332224,5308.99834074117,5259.11905928108
2024-01-23 11:00:00,5029.78600196424,4057.63500284182,4033.91550249851,5034.8755951522,5035.97953105067,4996.04749586179,5132.64633470517,5035.42755146341
2024-01-23 12:00:00,4800.53100183827,4194.73650531319,4095.3290033791,4850.54524176479,4808.43734686657,4823.45905998973,4849.85310466802,4829.49173822954
2024-01-23 13:00:00,4845.14749709377,4504.00250181463,4440.8240003332,4890.4638413314,4854.12490619962,4867.74288956232,4893.78632986472,4872.29475686129
2024-01-23 14:00:00,5032.316001695,4613.98400094779,4630.41200199362,5064.17911221696,5067.88987651193,5045.45640558305,5157.66111081866,5066.03445524447
2024-01-23 15:00:00,5010.04699829948,4291.65250235808,4226.74000041885,5007.00919913337,5024.41605701914,5006.50929598282,5110.50632788219,5015.71244456802
2024-01-23 16:00:00,4589.65750552074,4084.72900088842,3912.88799958269,4540.60012939724,4592.28236044014,4551.99307954389,4703.12413100639,4566.44070006935
2024-01-23 17:00:00,4319.23850088712,3944.50400155748,3757.89100159879,4349.86278198472,4385.38205336171,4388.34055882615,4411.06217774439,4367.62204321857
2024-01-23 18:00:00,4424.01849883352,3888.7250029943,3635.64300122496,4369.91939570145,4380.97101796233,4287.37314502751,4624.37595807611,4375.44509032242
2024-01-23 19:00:00,5530.78749913874,4166.51049937564,3577.32350106875,5498.86369252822,5511.46972821239,5382.4128165905,5717.83147199044,5505.16657747376
2024-01-23 20:00:00,7032.9629967385,5002.06400427909,3890.93600242247,7084.80706895859,7064.35085158195,6980.3923074813,7175.01167771711,7074.57917592575
2024-01-23 21:00:00,7761.81550338818,5483.76650129189,4362.49350314727,7713.60477116478,7646.12673530927,7693.91977349772,7826.51755397291,7679.8664646104
2024-01-23 22:00:00,7124.16599895281,5516.21550051367,4949.61250269215,7153.59764059459,7126.85150797218,7150.35565961431,7319.71477617429,7140.22485624901
2024-01-23 23:00:00,5863.88999818813,4583.18400226114,4462.87350037904,5909.77811287573,5897.59442216864,5856.52682481663,5932.05425425166,5903.68639596625
2024-01-24,4625.70400109468,3937.83000165178,3878.02149983821,4637.79673788285,4635.92538580529,4609.51242106529,4650.06672410171,4636.86108157241
2024-01-24 01:00:00,3700.65550295531,3524.4159997399,3469.25850314414,3728.77132124366,3715.3813349829,3799.25920200957,3808.32326986197,3722.07646927447
2024-01-24 02:00:00,3360.85950061399,3284.64199897763,3220.30500098492,3379.02989353376,3343.18665417598,3415.20574146319,3429.47268129493,3361.10865172488
2024-01-24 03:00:00,3147.79350284173,3089.69300293387,3020.51950285549,3108.67104901535,3172.13760507508,3160.12242630699,3225.63789994776,3140.40365796204
2024-01-24 04:00:00,3062.68000360031,3037.19650082325,2962.15199878078,3039.94057369258,3068.29281689392,3001.32153468375,3119.32500562417,3054.11639639553
2024-01-24 05:00:00,2994.22750372393,3120.3994991259,3052.51449986559,2972.66915586306,2990.98875468809,2948.96388335776,3066.94956937999,2981.82876214495
2024-01-24 06:00:00,3061.68800018227,3167.17199901131,3097.09550037631,3069.55349639997,3071.66376535943,3001.79400595058,3136.6023930408,3070.60860863262
2024-01-24 07:00:00,3837.48100209516,3586.44450181129,3443.8740002038,3824.55725110069,3868.79481106359,3545.92979481576,3869.58835505796,3846.67556471672
2024-01-24 08:00:00,5189.72900235071,3889.14750203351,3872.05250156566,5130.98797148303,5204.88350506631,4871.73767526033,5276.81825309742,5167.93495924614
2024-01-24 09:00:00,5212.20350390149,4103.82249803317,4077.65400033828,5201.85716218386,5197.28806904156,5160.825436839,5225.43320513103,5199.57266378144
2024-01-24 10:00:00,4770.41000107327,4117.45250114182,4095.96650322096,4832.8801763324,4778.20591910153,4758.81089592269,4860.61616301497,4805.54362410913
2024-01-24 11:00:00,4563.98000220506,4014.28799769632,4033.91550249851,4565.63171181059,4550.17411458399,4569.53401884405,4592.37435176501,4557.90307615585
2024-01-24 12:00:00,4260.87550342409,4111.64700231131,4095.3290033791,4271.57457396388,4252.97423940385,4291.82096624582,4374.83223132789,4262.27460277409
2024-01-24 13:00:00,4206.23250129039,4453.63600384444,4440.8240003332,4214.17956623079,4211.78637585417,4194.46193321479,4324.63596776098,4212.9829962722
2024-01-24 14:00:00,4324.33500079374,4629.46149996202,4630.41200199362,4338.51142978436,4386.89662591074,4324.47921118027,4433.36430832221,4362.70351775653
2024-01-24 15:00:00,4283.98500337976,4288.95700080122,4226.74000041885,4260.8881322948,4337.53418364158,4357.04924641589,4382.36283703371,4299.21034994289
2024-01-24 16:00:00,4006.02400172455,4109.54250011093,3912.88799958269,4034.59508575497,4000.08964340021,3983.1797920619,4144.38133045527,4017.34272834415
2024-01-24 17:00:00,3778.31900176464,4042.09200018295,3757.89100159879,3778.88573392373,3812.96888742856,3859.91454361316,3887.93676917954,3795.92695136148
2024-01-24 18:00:00,3898.13400197646,3890.35600409959,3635.64300122496,3886.43445969511,3873.73218860977,3881.00383060159,4018.73850030462,3880.08345806353
2024-01-24 19:00:00,4897.21450213064,4128.75250369054,3577.32350106875,4853.23236740085,4873.82927618426,4709.9166545035,4995.10876954224,4863.53060465386
2024-01-24 20:00:00,6298.39450203395,4866.06450009916,3890.93600242247,6193.46953950815,6288.51507236491,6171.39574558568,6256.46492737438,6240.99130393846
2024-01-24 21:00:00,6950.11549866351,5215.71400297561,4362.49350314727,7057.63623956834,6970.97762725713,6889.8370580418,7106.58260160474,7014.30784699341
2024-01-24 22:00:00,6305.71650242142,5440.81550056499,4949.61250269215,6335.23648970789,6333.90410972774,6343.11795127072,6471.39787551868,6334.57031376416
2024-01-24 23:00:00,5210.14200248208,4616.35249849106,4462.87350037904,5259.35939003604,5263.81812537351,5257.31001558524,5315.83915563607,5261.58871069947
