"variant","coverage","width"
"conformal_90",92.093023255814,11147.8113250482
"xgb_quantile_90",80.4651162790698,12721.9134206803
