"model","EUR_dev_total","EUR_per_MWh"
"snaive168",391377.077591753,17.3169100064866
"snaive24",426548.263311462,18.8730978692948
"lgbm",27201.0642795976,1.2035410584311
"xgb",15038.3196732762,0.665387022748794
"stack",17707.3483164959,0.783481135729989
